symbol,fold,model,n,negative_predictions,rmse,mape,r2,mae
BNBUSDT,1,svr,6561,0,0.9394197715533174,139.81692918117906,-4.613032024092639,0.8693951162501083
BNBUSDT,1,persistence,6561,0,0.4181778309758862,33.46446886520528,-0.11224417166745004,0.27293759571077103
BNBUSDT,2,svr,7142,0,0.5464813185964765,110.74073401404935,-0.5742638386851271,0.4639611282753866
BNBUSDT,2,persistence,7142,0,0.36785324544201986,38.21183616311823,0.28669369424366653,0.23920863582759702
BNBUSDT,3,svr,6949,0,0.5253013426257225,191.47947803736852,-3.468026925532601,0.4891169651781277
BNBUSDT,3,persistence,6949,0,0.2799123010657355,46.55577215030414,-0.2686526439046162,0.18482203950324821
BNBUSDT,4,svr,7142,0,0.3868611020597932,80.55800389667921,-0.3504850941040454,0.3248626829779644
BNBUSDT,4,persistence,7142,0,0.32917393286838265,39.52910499670336,0.022243890392647625,0.21691991059526147
BNBUSDT,5,svr,7118,0,0.3443267541778769,86.47710664353359,-0.43741222691652526,0.2894473341569102
BNBUSDT,5,persistence,7118,0,0.2709850017300005,37.472839663606734,0.10971243706130807,0.18261551150801394
BTCUSDT,1,svr,6561,0,0.38957413871841073,62.97972857100186,-1.2015582837141383,0.3380609787543845
BTCUSDT,1,persistence,6561,0,0.3018568455333943,34.16920368289883,-0.3217581822158324,0.22331306096436648
BTCUSDT,2,svr,7142,0,0.35549522445853515,93.67028429815068,-0.055710450667760814,0.287673268724552
BTCUSDT,2,persistence,7142,0,0.3004633340284032,46.29967196324631,0.24584564605676085,0.21464500175387854
BTCUSDT,3,svr,6949,0,0.34328984332199397,139.83925922014714,-1.1630315009441499,0.3034227782014044
BTCUSDT,3,persistence,6949,0,0.27146245085450693,58.873287294875155,-0.352572230801246,0.1862886744063237
BTCUSDT,4,svr,7142,0,0.3610955920506885,96.14361896569584,-1.2361104021492637,0.31441144775925073
BTCUSDT,4,persistence,7142,0,0.2620215798561256,46.31234024726906,-0.17739717584555392,0.194487925817715
BTCUSDT,5,svr,7118,0,0.3352434995624624,92.86996418045361,-1.0683542321683364,0.28745979394615556
BTCUSDT,5,persistence,7118,0,0.24362135997436637,45.40401565820768,-0.09228234659400791,0.1821405220323316
ETHUSDT,1,svr,6561,0,0.9325928055580419,125.05339413341892,-7.291852297937499,0.8339064540275307
ETHUSDT,1,persistence,6561,0,0.34848519183206556,31.444349875521866,-0.15780679113329965,0.25881054611921983
ETHUSDT,2,svr,7142,0,0.4789188960169506,85.98961242520983,-0.09584977037800413,0.3896928846137651
ETHUSDT,2,persistence,7142,0,0.3758830235065189,40.35167893570464,0.3249553515874628,0.2702229528883713
ETHUSDT,3,svr,6949,0,0.5098078090688404,180.72396160340523,-3.730206389038904,0.47160452665932895
ETHUSDT,3,persistence,6949,0,0.2769997262847943,49.7094699001827,-0.3964513269899186,0.18346032347839145
ETHUSDT,4,svr,7142,0,0.3625723294359589,71.82337618555012,-0.44960841182820577,0.303461459135967
ETHUSDT,4,persistence,7142,0,0.33250878766344527,41.70134960078302,-0.2191794726007783,0.22759005608151037
ETHUSDT,5,svr,7118,0,0.33731676452242915,46.461893546765374,0.02580219562281527,0.254619282749801
ETHUSDT,5,persistence,7118,0,0.36811627352577775,40.96784607325954,-0.16022262010859123,0.26386866535358305
SOLUSDT,1,svr,6561,8,1.9853521302083676,173.27005291087923,-11.176110675956172,1.7234858729171267
SOLUSDT,1,persistence,6561,0,0.5189967975162965,28.559875039545794,0.16792427763465378,0.3593220528123478
SOLUSDT,2,svr,7142,0,0.9350986633321308,102.72525822786449,-0.5141147207660386,0.7588239814475468
SOLUSDT,2,persistence,7142,0,0.6140478885617899,36.06755635944012,0.3470974058693074,0.3981546029369074
SOLUSDT,3,svr,6949,0,0.8043477605810064,134.4291532278269,-2.3314049268779398,0.7384786529923167
SOLUSDT,3,persistence,6949,0,0.45000944638867113,37.444008908660045,-0.0427566554032206,0.30672475477826744
SOLUSDT,4,svr,7142,0,0.48016069588768734,55.07680478444607,-0.2205704100745869,0.3982989205048709
SOLUSDT,4,persistence,7142,0,0.4101275109462936,33.66358932388805,0.1095133214824916,0.30043370025950833
SOLUSDT,5,svr,7118,0,0.4631179924067018,52.33233171248328,-0.2358885581131991,0.3560635362750063
SOLUSDT,5,persistence,7118,0,0.411381825967999,35.672820019952596,0.02481680923322216,0.2946512259501721
XRPUSDT,1,svr,6561,0,0.9620806889201987,128.61706741299878,-3.1946340953402217,0.875245676745469
XRPUSDT,1,persistence,6561,0,0.5159093405588239,37.25288837092391,-0.20619595955392378,0.3480573149241826
XRPUSDT,2,svr,7142,0,0.5548375293459201,81.42603116454629,-0.38967386548961125,0.4466723984482156
XRPUSDT,2,persistence,7142,0,0.42610483130125776,37.67164941127599,0.1803769780415685,0.2793695264030889
XRPUSDT,3,svr,6949,0,0.6022202283698824,119.92906893240595,-0.47151914702165865,0.476498596187485
XRPUSDT,3,persistence,6949,0,0.594978826991548,49.00292561959706,-0.436343327465897,0.3030971706618181
XRPUSDT,4,svr,7142,0,0.4921029868042192,96.29858974314715,-0.4042782117911339,0.40524413673672305
XRPUSDT,4,persistence,7142,0,0.4518204740983483,44.82093384413942,-0.18378537305505693,0.27378661646484753
XRPUSDT,5,svr,7118,0,1.0421838516028532,152.89310435624574,-1.590267434430519,0.9039893265816983
XRPUSDT,5,persistence,7118,0,0.5609016818507507,40.90461061881682,0.24970956349874773,0.36001377511206234
