symbol,lag_hours,standardized_coefficient,coefficient_per_USDT
BNBUSDT,0,-0.3206412808644259,-0.0017279967535532143
BNBUSDT,1,-0.17378954050186043,-0.0009365679871556401
BNBUSDT,2,-0.09598798049921821,-0.0005172786414995305
BNBUSDT,3,-0.05675913205832236,-0.0003058685110395655
BNBUSDT,4,-0.02783147364996517,-0.00014997795319305615
BNBUSDT,5,-0.009536687679887102,-5.139004478902985e-05
BNBUSDT,6,0.010063251059282125,5.4226352028179046e-05
BNBUSDT,7,0.021669438419280703,0.00011676454630607016
BNBUSDT,8,0.03202584413057517,0.00017256587294869557
BNBUSDT,9,0.03508656991769373,0.00018905395768491413
BNBUSDT,10,0.02894086622336139,0.00015593599942913735
BNBUSDT,11,0.02309764080377031,0.00012444893946267067
BNBUSDT,12,0.024935242374789807,0.00013434662800452455
BNBUSDT,13,0.02266047906864214,0.000122087570413453
BNBUSDT,14,0.015509263800767281,8.355702179787493e-05
BNBUSDT,15,0.01287241305375908,6.934906892696219e-05
BNBUSDT,16,0.0059018449433789885,3.1794926267874455e-05
BNBUSDT,17,0.006469107325142886,3.48501373439052e-05
BNBUSDT,18,0.011301556627769742,6.088182885890045e-05
BNBUSDT,19,0.010011717892027346,5.393209803213464e-05
BNBUSDT,20,0.004899916292730856,2.639466566808076e-05
BNBUSDT,21,0.004215475629670912,2.2707182743283872e-05
BNBUSDT,22,0.008098691994103938,4.3623535364748714e-05
BNBUSDT,23,0.0051161739041114575,2.7557585173440798e-05
BNBUSDT,24,0.0009190341196412867,4.950145639138433e-06
BNBUSDT,25,-0.003914060347986072,-2.1081672245027284e-05
BNBUSDT,26,-0.005776025115088677,-3.1109813376439006e-05
BNBUSDT,27,8.60477472057471e-05,4.634457852177521e-07
BNBUSDT,28,0.0028950347387902567,1.5592089506538736e-05
BNBUSDT,29,0.005761801067491753,3.10313018181154e-05
BNBUSDT,30,0.00888469101896273,4.7849416986894425e-05
BNBUSDT,31,0.0011053014542499813,5.9526031385865565e-06
BNBUSDT,32,-0.0017538803673354856,-9.445348016391157e-06
BNBUSDT,33,-0.007951120531737904,-4.2819188053307767e-05
BNBUSDT,34,-0.011341266455850518,-6.107503197075363e-05
BNBUSDT,35,-0.008526150561068514,-4.5914195477219475e-05
BNBUSDT,36,-0.003452432511630635,-1.8591363524490785e-05
BNBUSDT,37,-0.006411366989042414,-3.45245790446331e-05
BNBUSDT,38,-0.003717277917672774,-2.00168146673616e-05
BNBUSDT,39,0.0017625120964818966,9.4906202936572e-06
BNBUSDT,40,0.0020426160826774306,1.0998739662996729e-05
BNBUSDT,41,0.0011977138689538462,6.449152104476721e-06
BNBUSDT,42,-8.446103134538706e-05,-4.547784688459734e-07
BNBUSDT,43,0.0026995384923017623,1.4535381257139888e-05
BNBUSDT,44,0.007115353183988028,3.831133270694228e-05
BNBUSDT,45,0.0006907789495445517,3.719322896188214e-06
BNBUSDT,46,-0.0019338416767962926,-1.0412116344069906e-05
BNBUSDT,47,-0.008448801925969404,-4.548905548940846e-05
BNBUSDT,48,-0.011538704665218058,-6.212438038222506e-05
BNBUSDT,49,-0.006177612485965336,-3.3259680697976095e-05
BNBUSDT,50,0.0021637861624318874,1.1649417748286768e-05
BNBUSDT,51,0.0066010059525332485,3.5537973548973136e-05
BNBUSDT,52,0.0022028666682269724,1.1859429150215708e-05
BNBUSDT,53,-0.0060978590675727735,-3.28281785776455e-05
BNBUSDT,54,-0.014072082114029074,-7.575681500240402e-05
BNBUSDT,55,-0.01023676883927117,-5.510879154451175e-05
BNBUSDT,56,-0.00764187189054356,-4.113881127323841e-05
BNBUSDT,57,0.003489540377883735,1.8785142470113724e-05
BNBUSDT,58,0.012719294235510365,6.847051009310243e-05
BNBUSDT,59,0.014733948915690713,7.931472920339068e-05
BNBUSDT,60,0.007661453200739192,4.124198048284026e-05
BNBUSDT,61,0.015920062371984466,8.569696455904e-05
BNBUSDT,62,0.02480596233202354,0.0001335272178947191
BNBUSDT,63,0.022198704462340912,0.00011949082003552602
BNBUSDT,64,0.020596201512919098,0.00011086282322338404
BNBUSDT,65,0.01959831612849536,0.00010548966274749177
BNBUSDT,66,0.018439290522257814,9.924928425820008e-05
BNBUSDT,67,0.011396830894092642,6.134220476491577e-05
BNBUSDT,68,0.00523835425525458,2.8194390971044126e-05
BNBUSDT,69,0.008921982405995536,4.8019916791206925e-05
BNBUSDT,70,0.015459184940327731,8.32030595654054e-05
BNBUSDT,71,0.01484414747385849,7.989173362185476e-05
BNBUSDT,72,0.012569647798048856,6.764920772497618e-05
BNBUSDT,73,0.00868867063469512,4.6761238648264936e-05
BNBUSDT,74,0.0052724047199594545,2.8374955366643086e-05
BNBUSDT,75,0.005025657833311083,2.7046708731134603e-05
BNBUSDT,76,0.011136030937774032,5.993032156062231e-05
BNBUSDT,77,0.011610875254411008,6.248497264529885e-05
BNBUSDT,78,0.014310853532766553,7.701419553299957e-05
BNBUSDT,79,0.019306369732211403,0.00010389639125124815
BNBUSDT,80,0.022983067178112566,0.00012368081895105555
BNBUSDT,81,0.02230466728647565,0.00012002865730557673
BNBUSDT,82,0.01716934767941928,9.239259269753383e-05
BNBUSDT,83,0.01591287891145478,8.56300355400597e-05
BNBUSDT,84,0.019279056202928312,0.00010374266430015621
BNBUSDT,85,0.011944284554204536,6.427265386723093e-05
BNBUSDT,86,0.0016255537085231005,8.747052636893934e-06
BNBUSDT,87,0.004431370156917698,2.384477062631539e-05
BNBUSDT,88,0.00809920548423593,4.358055968614819e-05
BNBUSDT,89,0.005382423003653301,2.8961695722816162e-05
BNBUSDT,90,0.00424834322161356,2.2859168286877708e-05
BNBUSDT,91,0.005840246776288163,3.14243869478152e-05
BNBUSDT,92,0.009388503656775803,5.0515839935695615e-05
BNBUSDT,93,0.008843849989650019,4.758480128402355e-05
BNBUSDT,94,0.003853708987598639,2.0734917804648035e-05
BNBUSDT,95,-0.0023992977714141816,-1.2909330824431263e-05
BNBUSDT,96,-0.0003810491495051092,-2.0502010215565744e-06
BNBUSDT,97,-0.0030222781604351675,-1.626096063290578e-05
BNBUSDT,98,0.0008024761052619382,4.317575990895464e-06
BNBUSDT,99,-0.0006802781891863223,-3.660083061006545e-06
BNBUSDT,100,0.0020572537799506273,1.1068486327109187e-05
BNBUSDT,101,0.006907672779520106,3.7164457883998795e-05
BNBUSDT,102,0.008104271686740818,4.3601858602331355e-05
BNBUSDT,103,0.00955068458104737,5.138318692565837e-05
BNBUSDT,104,0.01635929854271453,8.801317960786928e-05
BNBUSDT,105,0.009832717788265635,5.2899759785593534e-05
BNBUSDT,106,0.0033700295283073407,1.81305858021796e-05
BNBUSDT,107,0.0074376847376674,4.001413621643018e-05
BNBUSDT,108,0.01200626481866942,6.459224180417746e-05
BNBUSDT,109,0.01834375011500446,9.868652016989586e-05
BNBUSDT,110,0.020076029438370547,0.00010800534293734454
BNBUSDT,111,0.015531598619966032,8.355682114318479e-05
BNBUSDT,112,0.011151086450808608,5.999024494901552e-05
BNBUSDT,113,0.0069515277565297545,3.7397411530306416e-05
BNBUSDT,114,0.007355136278318956,3.9568596745973075e-05
BNBUSDT,115,0.004352499425145075,2.3415155211709887e-05
BNBUSDT,116,-0.0010447449318262028,-5.620401192297558e-06
BNBUSDT,117,-0.008727664060388362,-4.695196454152947e-05
BNBUSDT,118,-0.009984544163253202,-5.3713475854078986e-05
BNBUSDT,119,-0.0014621014367045414,-7.865612061311422e-06
BNBUSDT,120,0.0050587687025162404,2.721440118824141e-05
BNBUSDT,121,0.00894909709778476,4.814286192171682e-05
BNBUSDT,122,-0.0007648963830963386,-4.114852763600839e-06
BNBUSDT,123,0.0008556218211330618,4.602900793832984e-06
BNBUSDT,124,-0.00012934000102833996,-6.957950616173262e-07
BNBUSDT,125,-0.005039476862582008,-2.7110198969770462e-05
BNBUSDT,126,-0.007276440014436368,-3.914399596595558e-05
BNBUSDT,127,-0.01302244178555717,-7.005472185711269e-05
BNBUSDT,128,-0.020302856995366006,-0.00010921949332505691
BNBUSDT,129,-0.015265769156675086,-8.212230749174139e-05
BNBUSDT,130,-0.011605244499835394,-6.243045048456852e-05
BNBUSDT,131,-0.011529929924093468,-6.202524216852042e-05
BNBUSDT,132,-0.01705360331879449,-9.173989089255959e-05
BNBUSDT,133,-0.029083083497364423,-0.00015645229284204698
BNBUSDT,134,-0.03204360719770206,-0.00017237777839004958
BNBUSDT,135,-0.025670486219193232,-0.00013809345595536452
BNBUSDT,136,-0.021406874548416648,-0.00011515748511735728
BNBUSDT,137,-0.016289201465159584,-8.762683878770754e-05
BNBUSDT,138,-0.012775861974326523,-6.872663841417331e-05
BNBUSDT,139,-0.007045962238127776,-3.790297720568493e-05
BNBUSDT,140,0.00397167363627207,2.1365032746886928e-05
BNBUSDT,141,0.00795527680518698,4.2793997281973205e-05
BNBUSDT,142,0.01176569698958143,6.329123125607084e-05
BNBUSDT,143,0.00807353926870741,4.342991388798085e-05
BNBUSDT,144,0.00121316441838909,6.525952330882089e-06
BNBUSDT,145,-0.002907435496319834,-1.56399037188015e-05
BNBUSDT,146,0.0004242521153561336,2.28217472591138e-06
BNBUSDT,147,-0.0012679870793518822,-6.8208907568676185e-06
BNBUSDT,148,0.0005807630475263734,3.124112962327696e-06
BNBUSDT,149,0.002173497957255339,1.1691979204957645e-05
BNBUSDT,150,0.005596836805447589,3.0107399800296698e-05
BNBUSDT,151,0.008958599674400523,4.819163667328606e-05
BNBUSDT,152,0.006614379567360161,3.558125210649349e-05
BNBUSDT,153,0.0003680076965433812,1.9796552250337276e-06
BNBUSDT,154,-0.0007993599991183496,-4.3000728341332485e-06
BNBUSDT,155,-0.003239886728091931,-1.742865498220789e-05
BNBUSDT,156,-0.002110757110167956,-1.1354630499153356e-05
BNBUSDT,157,0.002908148906006141,1.564418277624443e-05
BNBUSDT,158,0.004838829667344646,2.6030225372460853e-05
BNBUSDT,159,-0.00022510083921883721,-1.2109249907339644e-06
BNBUSDT,160,-0.00042650989049927875,-2.2943993905907844e-06
BNBUSDT,161,-0.0016692095389969738,-8.979455500641876e-06
BNBUSDT,162,-0.0001967111012293901,-1.0582080782732979e-06
BNBUSDT,163,0.001480141571165958,7.96245907043944e-06
BNBUSDT,164,0.0003722307685713205,2.002427518148294e-06
BNBUSDT,165,0.005181443386628126,2.7873798015449266e-05
BNBUSDT,166,-0.0026206908936645267,-1.4098135505701579e-05
BNBUSDT,167,-0.0075815515571471415,-4.078524609112754e-05
BTCUSDT,0,-0.24313789523181809,-9.466591396889221e-06
BTCUSDT,1,-0.1664048839443205,-6.4793200326854375e-06
BTCUSDT,2,-0.11291812012839185,-4.39692811969599e-06
BTCUSDT,3,-0.07792973658816899,-3.034668720070782e-06
BTCUSDT,4,-0.05196805091012961,-2.0237970250453376e-06
BTCUSDT,5,-0.032822489728888106,-1.2782728352989528e-06
BTCUSDT,6,-0.016948275527630414,-6.600850313046156e-07
BTCUSDT,7,-0.008492789824261243,-3.3078600029673555e-07
BTCUSDT,8,-0.0001333172421320414,-5.192844346910896e-09
BTCUSDT,9,0.00691446564877026,2.693393597313486e-07
BTCUSDT,10,0.010605593876484432,4.1314108044976947e-07
BTCUSDT,11,0.01424212064365967,5.548305149485289e-07
BTCUSDT,12,0.019833467178095296,7.726924802060515e-07
BTCUSDT,13,0.020050353202366096,7.811827634502212e-07
BTCUSDT,14,0.01842607089105589,7.179371510617331e-07
BTCUSDT,15,0.018072566995907844,7.042007092511553e-07
BTCUSDT,16,0.017451489635243372,6.800368578145593e-07
BTCUSDT,17,0.01764036317135836,6.874337461300235e-07
BTCUSDT,18,0.0162320865436913,6.325877773884233e-07
BTCUSDT,19,0.014701346681924611,5.729633848066393e-07
BTCUSDT,20,0.010109631884191924,3.940285975173538e-07
BTCUSDT,21,0.00779816360381854,3.0395371750919206e-07
BTCUSDT,22,0.010844065098600595,4.2269733683975166e-07
BTCUSDT,23,0.011374507385389143,4.43396577312008e-07
BTCUSDT,24,0.012414059075699039,4.839457728463006e-07
BTCUSDT,25,0.012242583485053433,4.772870035867623e-07
BTCUSDT,26,0.010762871968636994,4.1962205926926606e-07
BTCUSDT,27,0.00986860544245736,3.847773258775272e-07
BTCUSDT,28,0.009303453910435605,3.6276197821091346e-07
BTCUSDT,29,0.010075726676256967,3.9289645920480123e-07
BTCUSDT,30,0.010375099487986027,4.0459294871939715e-07
BTCUSDT,31,0.009879031049515718,3.852698681851194e-07
BTCUSDT,32,0.00725039618166406,2.8277248239744426e-07
BTCUSDT,33,0.0032418611062436913,1.2644283385848803e-07
BTCUSDT,34,0.0027702934413027253,1.0805621856877406e-07
BTCUSDT,35,0.0025742603060637083,1.0041550350270441e-07
BTCUSDT,36,0.0011002455352883667,4.2920209329349254e-08
BTCUSDT,37,-0.001586841112916505,-6.190555463212962e-08
BTCUSDT,38,-0.0030949541843900497,-1.2074648957082597e-07
BTCUSDT,39,-0.006281800784523118,-2.45091686908816e-07
BTCUSDT,40,-0.007840066048331089,-3.0590634239588667e-07
BTCUSDT,41,-0.005890447197168115,-2.2984860990175063e-07
BTCUSDT,42,-0.003952569894157966,-1.5424038647385488e-07
BTCUSDT,43,-0.002354578324706545,-9.18876331309958e-08
BTCUSDT,44,0.0003840468717252693,1.4988329492129372e-08
BTCUSDT,45,0.00032440380978648517,1.2661357955955046e-08
BTCUSDT,46,-0.0030186864779503664,-1.1782506230908122e-07
BTCUSDT,47,-0.007259027629241484,-2.8334992081496405e-07
BTCUSDT,48,-0.010016529129170023,-3.9100910860529795e-07
BTCUSDT,49,-0.008797470590370714,-3.4344104097788214e-07
BTCUSDT,50,-0.0073125317472352395,-2.854874646828454e-07
BTCUSDT,51,-0.003947421892001764,-1.5411941639240525e-07
BTCUSDT,52,-0.004306069461485025,-1.6813158919624105e-07
BTCUSDT,53,-0.006600995053238166,-2.5775190324218605e-07
BTCUSDT,54,-0.007937296805333597,-3.099483043164446e-07
BTCUSDT,55,-0.0067798858533396605,-2.6476667823117067e-07
BTCUSDT,56,-0.0052270149442392244,-2.041356257830358e-07
BTCUSDT,57,-0.0017714367383941006,-6.918545910528286e-08
BTCUSDT,58,0.0004980076490834472,1.9451331628714708e-08
BTCUSDT,59,0.0032058984122375327,1.252240453200823e-07
BTCUSDT,60,0.003962130004871642,1.5477165683184004e-07
BTCUSDT,61,0.007232054674850337,2.8251979819786306e-07
BTCUSDT,62,0.010513071467438516,4.107156648736889e-07
BTCUSDT,63,0.014388501204081375,5.621488862208403e-07
BTCUSDT,64,0.015160207363002012,5.923318843890211e-07
BTCUSDT,65,0.014446944644220451,5.644947410112565e-07
BTCUSDT,66,0.012711120791181604,4.966971637573307e-07
BTCUSDT,67,0.009186725007394576,3.589983588036641e-07
BTCUSDT,68,0.007101902403730044,2.775430526865578e-07
BTCUSDT,69,0.0030679027705972873,1.1990061982004402e-07
BTCUSDT,70,0.0021111171889474055,8.251187458323627e-08
BTCUSDT,71,0.0037173840104413277,1.4530015608385416e-07
BTCUSDT,72,0.0028442041708095084,1.1117661408817633e-07
BTCUSDT,73,0.0026547473333619846,1.0377662813121838e-07
BTCUSDT,74,0.0021910739720879353,8.565596808511261e-08
BTCUSDT,75,0.001087764617717078,4.252655085628014e-08
BTCUSDT,76,0.0030996954399276585,1.2119045698686258e-07
BTCUSDT,77,0.004948534677150174,1.9348582973919187e-07
BTCUSDT,78,0.0069829906449213,2.730471815963016e-07
BTCUSDT,79,0.007068580179652938,2.7640905250502754e-07
BTCUSDT,80,0.007639169472933101,2.9873775370729087e-07
BTCUSDT,81,0.006678889771049629,2.6119952006279843e-07
BTCUSDT,82,0.005532963558715165,2.1639636848265574e-07
BTCUSDT,83,0.0031976513694867374,1.2506826196822315e-07
BTCUSDT,84,0.003463655278690216,1.3547969210336265e-07
BTCUSDT,85,0.002829422852800318,1.1067806221768922e-07
BTCUSDT,86,0.0003117369202730538,1.219484252228235e-08
BTCUSDT,87,-0.0012101661138447697,-4.734316610677649e-08
BTCUSDT,88,-0.002052071223970416,-8.028399308457753e-08
BTCUSDT,89,-0.001454052966170413,-5.689065910758162e-08
BTCUSDT,90,-0.0015348496357924677,-6.005520540441523e-08
BTCUSDT,91,-0.0008900335504216847,-3.4826934342501396e-08
BTCUSDT,92,-0.0032608191754244023,-1.2760270890116056e-07
BTCUSDT,93,-0.0017867892344595568,-6.992475976210442e-08
BTCUSDT,94,-0.00395510861797673,-1.547892259718173e-07
BTCUSDT,95,-0.0055028198090379815,-2.153739159912961e-07
BTCUSDT,96,-0.00335385294543533,-1.312735664677424e-07
BTCUSDT,97,-0.0027212671121802255,-1.0651971365328038e-07
BTCUSDT,98,-0.0009359994885750381,-3.6640395028726487e-08
BTCUSDT,99,0.0012513694780085143,4.8988663064144195e-08
BTCUSDT,100,0.0015137840554371722,5.9265216699731606e-08
BTCUSDT,101,0.0012632235663694107,4.9458625293011e-08
BTCUSDT,102,-0.0005149030775602024,-2.0161024203676903e-08
BTCUSDT,103,-0.00040814930045703334,-1.598202620180788e-08
BTCUSDT,104,0.0020863152810487507,8.169937091113495e-08
BTCUSDT,105,0.002478368006407161,9.705786024028767e-08
BTCUSDT,106,0.0035183918335415423,1.3779562698208824e-07
BTCUSDT,107,0.008791044301638152,3.443168791985716e-07
BTCUSDT,108,0.012106576887111656,4.7420471195236577e-07
BTCUSDT,109,0.01484029083619281,5.81318131749424e-07
BTCUSDT,110,0.016245178245325006,6.363889044960291e-07
BTCUSDT,111,0.018315224489012998,7.175259132353583e-07
BTCUSDT,112,0.017000266932084628,6.660520568293132e-07
BTCUSDT,113,0.014500092238156015,5.681334860892211e-07
BTCUSDT,114,0.012824516808297114,5.025133023856167e-07
BTCUSDT,115,0.011189821069561054,4.384867738670448e-07
BTCUSDT,116,0.010399178625654766,4.0752973421262415e-07
BTCUSDT,117,0.005894996670550759,2.31031017436677e-07
BTCUSDT,118,0.0027718826174960016,1.0863972086644604e-07
BTCUSDT,119,0.0018896328539154757,7.406592791768048e-08
BTCUSDT,120,0.001653929814361007,6.483135198522168e-08
BTCUSDT,121,0.0007736094928353283,3.032608516298718e-08
BTCUSDT,122,-0.0013485499826131474,-5.28674311843015e-08
BTCUSDT,123,-0.0013690287966690333,-5.367352502959037e-08
BTCUSDT,124,-0.0030658209298694253,-1.2020449209637265e-07
BTCUSDT,125,-0.003927546803407085,-1.5400055555673422e-07
BTCUSDT,126,-0.0022110500458678265,-8.670148026458133e-08
BTCUSDT,127,-0.004708093286406986,-1.846286459595006e-07
BTCUSDT,128,-0.008712998990031346,-3.41702071951074e-07
BTCUSDT,129,-0.009892264508726522,-3.879733914668103e-07
BTCUSDT,130,-0.010286565036820376,-4.034617082512116e-07
BTCUSDT,131,-0.013883394990065369,-5.445696847925554e-07
BTCUSDT,132,-0.015966481221960427,-6.263143638701802e-07
BTCUSDT,133,-0.01789720643472663,-7.020912956535474e-07
BTCUSDT,134,-0.019615925526782707,-7.695593865181628e-07
BTCUSDT,135,-0.020546468842065173,-8.061126908758973e-07
BTCUSDT,136,-0.018247056208465732,-7.159399110121136e-07
BTCUSDT,137,-0.013991065856829571,-5.489840788612813e-07
BTCUSDT,138,-0.008797733009217793,-3.4522699132134743e-07
BTCUSDT,139,-0.00600573024705314,-2.356812009215281e-07
BTCUSDT,140,-0.0018150673551631078,-7.123226902351045e-08
BTCUSDT,141,0.0018816133709726,7.384808189262565e-08
BTCUSDT,142,0.0047491280572994,1.8640068978920965e-07
BTCUSDT,143,0.005668016091175217,2.2247931701532942e-07
BTCUSDT,144,0.006335687124074895,2.487004883712358e-07
BTCUSDT,145,0.006658585047015989,2.613901196105441e-07
BTCUSDT,146,0.00654671385492248,2.570130721181963e-07
BTCUSDT,147,0.005661455431664173,2.222720349087693e-07
BTCUSDT,148,0.008327812398294138,3.269730148825295e-07
BTCUSDT,149,0.008874583272674777,3.4846039724951065e-07
BTCUSDT,150,0.007931313142195197,3.114402332742715e-07
BTCUSDT,151,0.005968281316502551,2.3437076786017228e-07
BTCUSDT,152,0.004101134425768187,1.610581117234496e-07
BTCUSDT,153,0.005742333336904762,2.2552327283256944e-07
BTCUSDT,154,0.0066694133982929515,2.6194803226713714e-07
BTCUSDT,155,0.006327443324772717,2.485306947420552e-07
BTCUSDT,156,0.0073895546958305455,2.9026493950657147e-07
BTCUSDT,157,0.01041107116602535,4.0897553484764837e-07
BTCUSDT,158,0.012282508739399348,4.82518756278528e-07
BTCUSDT,159,0.013068725927311625,5.134347078107446e-07
BTCUSDT,160,0.014495182777619858,5.695089726314228e-07
BTCUSDT,161,0.0170230607812078,6.688660740523466e-07
BTCUSDT,162,0.020893280508753644,8.209819058656502e-07
BTCUSDT,163,0.02610868811324244,1.025975642675755e-06
BTCUSDT,164,0.029426211231081745,1.1564083994806293e-06
BTCUSDT,165,0.03490473368408788,1.3717850789289792e-06
BTCUSDT,166,0.04202141156532657,1.6515651225848389e-06
BTCUSDT,167,0.05362771455292187,2.1078394322497767e-06
ETHUSDT,0,-0.38652697277681797,-0.00040421299939672687
ETHUSDT,1,-0.19685740829567702,-0.00020585628281640495
ETHUSDT,2,-0.10176974832128695,-0.00010641738798500523
ETHUSDT,3,-0.05041348693015002,-5.271344564201683e-05
ETHUSDT,4,-0.02157751513104136,-2.2560975456438694e-05
ETHUSDT,5,0.0015997033235950276,1.6725453778157298e-06
ETHUSDT,6,0.017587106414845524,1.8387206912253145e-05
ETHUSDT,7,0.02395865087788329,2.504763799571065e-05
ETHUSDT,8,0.030908842877387408,3.231246021199633e-05
ETHUSDT,9,0.030543715275879738,3.192948604168419e-05
ETHUSDT,10,0.025299359636699752,2.64461122567905e-05
ETHUSDT,11,0.02529130423876904,2.6436607352696353e-05
ETHUSDT,12,0.029686433177259844,3.102959615046415e-05
ETHUSDT,13,0.030283609335036453,3.1652672037162066e-05
ETHUSDT,14,0.0239774960095509,2.5060600749935557e-05
ETHUSDT,15,0.017570934873815842,1.836402390539858e-05
ETHUSDT,16,0.013668285604222325,1.4284753089205347e-05
ETHUSDT,17,0.012778693737747317,1.3354648642643582e-05
ETHUSDT,18,0.011244386255177699,1.1750857959024129e-05
ETHUSDT,19,0.007838509486379779,8.191326795007648e-06
ETHUSDT,20,-0.00038035426301607985,-3.9746260648638235e-07
ETHUSDT,21,-0.005261153578203398,-5.497642757467902e-06
ETHUSDT,22,-0.0006720344273971123,-7.022226599854577e-07
ETHUSDT,23,-0.002250334357106848,-2.351354709667336e-06
ETHUSDT,24,-0.002821784590156905,-2.9483770788833386e-06
ETHUSDT,25,-0.0013501789066618776,-1.4107152368118706e-06
ETHUSDT,26,-0.0024552438036192677,-2.5652667863802867e-06
ETHUSDT,27,-0.00046534108961521523,-4.861817677654251e-07
ETHUSDT,28,0.005464551389511107,5.709136490546727e-06
ETHUSDT,29,0.008924213166326094,9.32342105943415e-06
ETHUSDT,30,0.012275107138118474,1.2823887247410457e-05
ETHUSDT,31,0.005891287557022658,6.1544942398927245e-06
ETHUSDT,32,-0.0032939443193725783,-3.440997414499482e-06
ETHUSDT,33,-0.011414798666922571,-1.1924000820113259e-05
ETHUSDT,34,-0.007559444706734052,-7.896404136106496e-06
ETHUSDT,35,-0.005958248053425217,-6.223630097624241e-06
ETHUSDT,36,-0.0024679000333529995,-2.5777318478021647e-06
ETHUSDT,37,-0.0038619783564893774,-4.033703518757303e-06
ETHUSDT,38,0.0002586023616112655,2.700911526562894e-07
ETHUSDT,39,0.0011672602390027495,1.2190751914030672e-06
ETHUSDT,40,0.0034376877744465976,3.590182546888498e-06
ETHUSDT,41,0.0035577916113005326,3.715500458482066e-06
ETHUSDT,42,0.00931081742680152,9.723253851170871e-06
ETHUSDT,43,0.016298297390393495,1.701969713404092e-05
ETHUSDT,44,0.018915566599738178,1.9752186691000753e-05
ETHUSDT,45,0.015429669905544091,1.611160166368144e-05
ETHUSDT,46,0.008050561232553622,8.406110058242683e-06
ETHUSDT,47,-0.0010008486294023297,-1.0450141171368206e-06
ETHUSDT,48,-0.008489664625477861,-8.86400177582433e-06
ETHUSDT,49,-0.012254994664201976,-1.2794908231738933e-05
ETHUSDT,50,-0.0019762019263539947,-2.0631902517581253e-06
ETHUSDT,51,0.007182295008156267,7.498171833736479e-06
ETHUSDT,52,0.004093283436618966,4.273146692295221e-06
ETHUSDT,53,-0.001995202555339777,-2.082799629065249e-06
ETHUSDT,54,-0.009530946020482527,-9.949026761646624e-06
ETHUSDT,55,-0.004780158968659642,-4.989665577653678e-06
ETHUSDT,56,0.002502214781473968,2.6117897556238558e-06
ETHUSDT,57,0.01006054360135551,1.0500702284837644e-05
ETHUSDT,58,0.012403500515632873,1.2945648888171613e-05
ETHUSDT,59,0.013726841918168793,1.4326210729170509e-05
ETHUSDT,60,0.004508716987717803,4.7053741367011485e-06
ETHUSDT,61,0.0023476369522410284,2.449912956209818e-06
ETHUSDT,62,0.004275733832381634,4.461786646561495e-06
ETHUSDT,63,0.005542891889530161,5.783766530610294e-06
ETHUSDT,64,0.006352697598513862,6.6283980323490525e-06
ETHUSDT,65,0.006508802095666896,6.7908860361236094e-06
ETHUSDT,66,0.0035149095192802096,3.6670252564678175e-06
ETHUSDT,67,-0.001444565587218306,-1.5069921025706803e-06
ETHUSDT,68,-0.0016914927726397447,-1.7644873887925279e-06
ETHUSDT,69,-0.00075910224040111,-7.918160117780829e-07
ETHUSDT,70,0.0009317270759213564,9.718274502441382e-07
ETHUSDT,71,0.006862418279814952,7.15737968610549e-06
ETHUSDT,72,0.005977253224755459,6.2338413439421565e-06
ETHUSDT,73,0.0038203084471896804,3.984085556793509e-06
ETHUSDT,74,-0.003212765075901275,-3.3503202113235984e-06
ETHUSDT,75,-0.006446732987254932,-6.722396791811243e-06
ETHUSDT,76,-0.0031463302357160145,-3.280695070883047e-06
ETHUSDT,77,-0.006180518019414443,-6.444094990602711e-06
ETHUSDT,78,-0.004084831630426037,-4.2588063243584485e-06
ETHUSDT,79,-0.002890256126038697,-3.013186820441517e-06
ETHUSDT,80,-0.004507715303158093,-4.699171187026405e-06
ETHUSDT,81,0.0003658534106234252,3.813708723717378e-07
ETHUSDT,82,-0.000766488570657383,-7.989520777178418e-07
ETHUSDT,83,-0.002720179432171475,-2.8352121218763096e-06
ETHUSDT,84,0.007131793892360063,7.43295411190443e-06
ETHUSDT,85,0.008573579618717799,8.935086898820086e-06
ETHUSDT,86,0.0023395123231930988,2.4380126427109733e-06
ETHUSDT,87,0.003305318044557327,3.444284886281445e-06
ETHUSDT,88,0.002657965867411878,2.769555913578746e-06
ETHUSDT,89,0.004032698814339166,4.201762952179532e-06
ETHUSDT,90,0.0030783638547514348,3.2072376759531394e-06
ETHUSDT,91,0.008712225475624516,9.076467614858279e-06
ETHUSDT,92,0.010078629193443215,1.0499456699084616e-05
ETHUSDT,93,0.01098289501768207,1.1440891865392901e-05
ETHUSDT,94,0.00814101658134181,8.48006713119723e-06
ETHUSDT,95,0.003968679043531546,4.133768201467165e-06
ETHUSDT,96,0.005267897558828665,5.486777759295386e-06
ETHUSDT,97,0.006716261967245329,6.9950037866607635e-06
ETHUSDT,98,0.010227307704433778,1.0651275813494175e-05
ETHUSDT,99,0.007884695397857518,8.2111244748462e-06
ETHUSDT,100,0.006917340513198717,7.203359354950591e-06
ETHUSDT,101,0.00694365787234444,7.230406495193296e-06
ETHUSDT,102,0.008744257354428424,9.104895412789002e-06
ETHUSDT,103,0.011724913586649663,1.2207877368896075e-05
ETHUSDT,104,0.01999108638728075,2.081354495056194e-05
ETHUSDT,105,0.013009226405157196,1.3543796929464044e-05
ETHUSDT,106,0.009973821351221768,1.0383165519556202e-05
ETHUSDT,107,0.0167058489979519,1.7390655058519368e-05
ETHUSDT,108,0.01485049833258794,1.545851243881469e-05
ETHUSDT,109,0.014526587503276032,1.512063442912471e-05
ETHUSDT,110,0.015167324685129126,1.5786827566408316e-05
ETHUSDT,111,0.016728797210772337,1.7411232251924984e-05
ETHUSDT,112,0.016892922161370255,1.7581195908171037e-05
ETHUSDT,113,0.011093420406621549,1.1544855755341363e-05
ETHUSDT,114,0.011333551469677846,1.1794207166205829e-05
ETHUSDT,115,0.009081407461020562,9.450072087468035e-06
ETHUSDT,116,0.0028351592238079946,2.950107298156026e-06
ETHUSDT,117,-0.0022210512175692494,-2.3109841835698582e-06
ETHUSDT,118,0.0004848537046404002,5.044609336212189e-07
ETHUSDT,119,0.005083753165837185,5.2890867238841145e-06
ETHUSDT,120,0.008163674915913,8.49298290229647e-06
ETHUSDT,121,0.004022466247258622,4.1845136705072806e-06
ETHUSDT,122,-0.006848182860998142,-7.123668235679607e-06
ETHUSDT,123,-0.004424577952594586,-4.6022995224689764e-06
ETHUSDT,124,-0.003364947236027923,-3.499919791351642e-06
ETHUSDT,125,-0.006119209549864591,-6.364301838217521e-06
ETHUSDT,126,-0.0034100237409289045,-3.5464111694704436e-06
ETHUSDT,127,-0.010182518885102146,-1.0589170458512065e-05
ETHUSDT,128,-0.017754918690640508,-1.846289070097247e-05
ETHUSDT,129,-0.015768706018964483,-1.6396578695507364e-05
ETHUSDT,130,-0.013011491374972024,-1.3528827429973969e-05
ETHUSDT,131,-0.015243728845129157,-1.584890382822388e-05
ETHUSDT,132,-0.014372554901280794,-1.494231478812747e-05
ETHUSDT,133,-0.017502808870140246,-1.819556221038577e-05
ETHUSDT,134,-0.013162991286181312,-1.368307381408922e-05
ETHUSDT,135,-0.010820571142370169,-1.1247427652732412e-05
ETHUSDT,136,-0.01207750123678831,-1.2553197955696001e-05
ETHUSDT,137,-0.009526310628335269,-9.900936186023942e-06
ETHUSDT,138,-0.011776646027335351,-1.2239030187385253e-05
ETHUSDT,139,-0.013567145391865034,-1.4099046065854038e-05
ETHUSDT,140,-0.007348327156358147,-7.635971700229283e-06
ETHUSDT,141,-0.0018742751319472685,-1.9475280524615695e-06
ETHUSDT,142,0.002953158158936882,3.068406338929995e-06
ETHUSDT,143,0.0015841085013036916,1.6458388577490594e-06
ETHUSDT,144,0.0013084227100613015,1.3593372481600986e-06
ETHUSDT,145,0.0006684094529723107,6.943810332994034e-07
ETHUSDT,146,0.004764951033750646,4.949826903266341e-06
ETHUSDT,147,0.005676156209367421,5.8960650144149535e-06
ETHUSDT,148,0.001076675311076147,1.1183290723502913e-06
ETHUSDT,149,0.0022599447280994573,2.3472487190936234e-06
ETHUSDT,150,0.001537250480398754,1.5965530496171195e-06
ETHUSDT,151,0.005728242648924103,5.948909277714015e-06
ETHUSDT,152,0.008326073814870551,8.646352378127208e-06
ETHUSDT,153,0.0073851511139066016,7.668811093669147e-06
ETHUSDT,154,0.008204490776301709,8.519162238667438e-06
ETHUSDT,155,0.005304743268248565,5.507909900362498e-06
ETHUSDT,156,0.007966585185359925,8.271304074678806e-06
ETHUSDT,157,0.013356655596585214,1.3866908240126759e-05
ETHUSDT,158,0.013238094554706115,1.3743183915679744e-05
ETHUSDT,159,0.011163241487304819,1.1588659479430885e-05
ETHUSDT,160,0.013722215657899398,1.4244517267700987e-05
ETHUSDT,161,0.013706473011331747,1.422754619477195e-05
ETHUSDT,162,0.021675965793456996,2.2499035713630755e-05
ETHUSDT,163,0.025656609253306647,2.662963330041066e-05
ETHUSDT,164,0.026127062958006934,2.7116673124962713e-05
ETHUSDT,165,0.026522447364048178,2.7525731390585982e-05
ETHUSDT,166,0.020666718223235042,2.1447456709871043e-05
ETHUSDT,167,0.017640020852110833,1.830553188234757e-05
SOLUSDT,0,-0.20447426629633092,-0.002894882726396979
SOLUSDT,1,-0.11880859702273887,-0.0016820585697450835
SOLUSDT,2,-0.06265921898215696,-0.0008871132633701695
SOLUSDT,3,-0.030349734830643856,-0.0004296844876908587
SOLUSDT,4,-0.016193236079476963,-0.00022926010088484986
SOLUSDT,5,-0.0069732740279242755,-9.872589284977785e-05
SOLUSDT,6,0.00631472189277254,8.940218844285122e-05
SOLUSDT,7,0.01100212835982451,0.00015576501215917938
SOLUSDT,8,0.01643921549257993,0.00023274113993309177
SOLUSDT,9,0.011137136441699433,0.00015767574161964685
SOLUSDT,10,0.000646013056068321,9.14601336560884e-06
SOLUSDT,11,0.0006378531662431515,9.030465483647827e-06
SOLUSDT,12,0.004979321290665769,7.049520932475713e-05
SOLUSDT,13,0.003508945469695599,4.967834896468832e-05
SOLUSDT,14,5.5297545214229174e-05,7.828840963314544e-07
SOLUSDT,15,0.003134496536727614,4.437725408341969e-05
SOLUSDT,16,0.005698954489242823,8.068419105240732e-05
SOLUSDT,17,0.009907117076740458,0.00014026259818079723
SOLUSDT,18,0.011127415474911811,0.00015753962723032594
SOLUSDT,19,0.010076787378730526,0.00014266504027122298
SOLUSDT,20,0.005962124730760939,8.441073059456953e-05
SOLUSDT,21,0.0016128779191972352,2.2834900886303147e-05
SOLUSDT,22,0.0012119601660447016,1.715876777672897e-05
SOLUSDT,23,-0.0019927319684125036,-2.8212839731188976e-05
SOLUSDT,24,0.0025979384298857097,3.678123716752627e-05
SOLUSDT,25,0.010168614409221705,0.00014396559270068575
SOLUSDT,26,0.011140665176316159,0.00015772762376387936
SOLUSDT,27,0.013351132781516202,0.0001890225476860806
SOLUSDT,28,0.01729371412834162,0.0002448401039770297
SOLUSDT,29,0.021805834970967584,0.0003087211542212338
SOLUSDT,30,0.016530033307968792,0.0002340275484361652
SOLUSDT,31,0.008760427967819513,0.00012402730765510175
SOLUSDT,32,0.0034124655716690202,4.831227805608073e-05
SOLUSDT,33,0.0029053798980726883,4.113295153517213e-05
SOLUSDT,34,0.009421091508973006,0.00013337847083999012
SOLUSDT,35,0.005548817971333261,7.855661239057175e-05
SOLUSDT,36,0.0003089638584885158,4.374087571040246e-06
SOLUSDT,37,-0.0053922998699424355,-7.633970356641058e-05
SOLUSDT,38,-0.005236804724788043,-7.413781015791264e-05
SOLUSDT,39,-0.005499700258417396,-7.785926174278283e-05
SOLUSDT,40,-0.004433642533780514,-6.276686678051539e-05
SOLUSDT,41,-0.004131963681695811,-5.849570029609224e-05
SOLUSDT,42,-0.0015660368874226209,-2.217006136689537e-05
SOLUSDT,43,-0.0018467366732159117,-2.6143682393531476e-05
SOLUSDT,44,-0.0057560135149759715,-8.148561471414438e-05
SOLUSDT,45,-0.0033962106907764952,-4.807852530060451e-05
SOLUSDT,46,-0.005674691057775651,-8.033340690935687e-05
SOLUSDT,47,-0.00815004508639936,-0.00011537460604080871
SOLUSDT,48,-0.011261614282092382,-0.00015942163873271231
SOLUSDT,49,-0.014249455334785817,-0.00020171587793041783
SOLUSDT,50,-0.009553941358853978,-0.00013524451759523278
SOLUSDT,51,-0.0016669719573024098,-2.3597193271351286e-05
SOLUSDT,52,-0.005059342041865671,-7.161777952454705e-05
SOLUSDT,53,-0.00841984641756992,-0.00011918630204381607
SOLUSDT,54,-0.006303649814100645,-8.922952110315578e-05
SOLUSDT,55,-0.0011589441737383712,-1.6404902244392703e-05
SOLUSDT,56,-5.965554123461879e-05,-8.444169869174839e-07
SOLUSDT,57,0.0011149246101807694,1.578142891950304e-05
SOLUSDT,58,0.0027571960587309797,3.90268483716309e-05
SOLUSDT,59,0.0031145139220138006,4.40839453299004e-05
SOLUSDT,60,0.005191050086577922,7.347483840557575e-05
SOLUSDT,61,0.011854868037850472,0.0001677921932414609
SOLUSDT,62,0.01383407287354227,0.00019580187680795939
SOLUSDT,63,0.017372782309815663,0.00024588190404499396
SOLUSDT,64,0.019516357300991237,0.0002762147845858775
SOLUSDT,65,0.019469521021865888,0.00027554632688769735
SOLUSDT,66,0.017285328775687323,0.0002446290682659658
SOLUSDT,67,0.01659561226818569,0.00023486313163940224
SOLUSDT,68,0.016389589043994734,0.00023194331791838465
SOLUSDT,69,0.008510615363786153,0.00012043916724108527
SOLUSDT,70,0.005440238734793302,7.69870593734727e-05
SOLUSDT,71,0.0077899226210696,0.00011023641927042788
SOLUSDT,72,0.010199142459965286,0.00014432750887106934
SOLUSDT,73,0.012810008291608832,0.00018127084680605383
SOLUSDT,74,0.01206196843183719,0.00017068272893853818
SOLUSDT,75,0.006390057642176011,9.04209301053075e-05
SOLUSDT,76,0.004718795648069076,6.677097546043604e-05
SOLUSDT,77,0.0029254679886029427,4.139459153467603e-05
SOLUSDT,78,0.00360989512925394,5.107814788744596e-05
SOLUSDT,79,0.00400653235554127,5.668930969770917e-05
SOLUSDT,80,0.004800787239863227,6.79261067337598e-05
SOLUSDT,81,0.008941403633414004,0.00012650902847382046
SOLUSDT,82,0.0058679579769367485,8.302211236148557e-05
SOLUSDT,83,0.00594182973613935,8.40654702394203e-05
SOLUSDT,84,0.007716459886951056,0.00010917060057724332
SOLUSDT,85,0.006584920187951777,9.315984150542233e-05
SOLUSDT,86,0.003438622903872382,4.864674035816646e-05
SOLUSDT,87,-0.0012932200241099509,-1.8295020356464317e-05
SOLUSDT,88,0.00028134610557497576,3.980087632100871e-06
SOLUSDT,89,0.0013718724521038783,1.9406951266022534e-05
SOLUSDT,90,0.0034401964907201,4.866519881605339e-05
SOLUSDT,91,0.006495647932592136,9.18860017626294e-05
SOLUSDT,92,0.009184673217148744,0.00012992244891149666
SOLUSDT,93,0.011182758570165095,0.00015818415132590278
SOLUSDT,94,0.010604804959604168,0.0001500066829623893
SOLUSDT,95,0.007089390367535929,0.00010027949619254637
SOLUSDT,96,0.007190602067662095,0.0001017100568409624
SOLUSDT,97,0.004431151783731917,6.267714267219532e-05
SOLUSDT,98,0.006115396007591142,8.649894913426998e-05
SOLUSDT,99,0.009133007131535779,0.0001291797372813084
SOLUSDT,100,0.012656238371164323,0.00017901111209133719
SOLUSDT,101,0.011783056967019527,0.00016665884798375852
SOLUSDT,102,0.00679450970893262,9.609988969708586e-05
SOLUSDT,103,0.006922677930426158,9.791159713905614e-05
SOLUSDT,104,0.009039514297878422,0.00012784989596606382
SOLUSDT,105,0.0039051597794884534,5.523172006112525e-05
SOLUSDT,106,-0.0003062130471912412,-4.330803412349213e-06
SOLUSDT,107,-0.0002184556574034198,-3.0896031833454355e-06
SOLUSDT,108,-0.004741795932846733,-6.706204114428689e-05
SOLUSDT,109,-0.006365145373361765,-9.001949411078063e-05
SOLUSDT,110,-0.0044283315474398085,-6.2627131293909e-05
SOLUSDT,111,-0.0005060847617904558,-7.157135923645668e-06
SOLUSDT,112,-0.002931179222267729,-4.145268435022892e-05
SOLUSDT,113,-0.004140242819600256,-5.855055438363484e-05
SOLUSDT,114,-0.005309931553513773,-7.509124248456777e-05
SOLUSDT,115,-0.005931168537921649,-8.387570543281693e-05
SOLUSDT,116,-0.003218511974044173,-4.551411031505841e-05
SOLUSDT,117,0.00147752414082864,2.089393955126803e-05
SOLUSDT,118,0.005914833927472689,8.36418842345929e-05
SOLUSDT,119,0.007006463785895846,9.907798674726731e-05
SOLUSDT,120,-0.0013920010839259828,-1.968406920413108e-05
SOLUSDT,121,-0.00470100577634009,-6.64756799456638e-05
SOLUSDT,122,-0.005534910048641756,-7.826688401282629e-05
SOLUSDT,123,-0.002666959043736465,-3.771191292718498e-05
SOLUSDT,124,-0.0005981254482798999,-8.457666211331131e-06
SOLUSDT,125,-0.000985304108087095,-1.3932380015927532e-05
SOLUSDT,126,-0.0008242984580716069,-1.1655670425949373e-05
SOLUSDT,127,-0.0028301833821640374,-4.001878203961361e-05
SOLUSDT,128,-0.008739048923682267,-0.0001235691369753644
SOLUSDT,129,-0.009861512147418058,-0.00013943975592374514
SOLUSDT,130,-0.004445477801952611,-6.285770696797235e-05
SOLUSDT,131,-0.008978414741767598,-0.00012695123374084204
SOLUSDT,132,-0.010262839600877822,-0.00014511192612624217
SOLUSDT,133,-0.01124612419911437,-0.00015901414122705817
SOLUSDT,134,-0.015168310218788032,-0.0002144696848986878
SOLUSDT,135,-0.013918596249691823,-0.00019679809050001924
SOLUSDT,136,-0.015784823656836977,-0.00022318367914587138
SOLUSDT,137,-0.017623848341865714,-0.00024918413051302465
SOLUSDT,138,-0.016836005556409364,-0.00023804275214382535
SOLUSDT,139,-0.016627767532876987,-0.00023509645062720681
SOLUSDT,140,-0.01724940333284259,-0.00024388337373644175
SOLUSDT,141,-0.01527719418086929,-0.00021599701817201654
SOLUSDT,142,-0.016698427231221624,-0.00023608938450545106
SOLUSDT,143,-0.01947396659862771,-0.0002753290641537759
SOLUSDT,144,-0.013366949232611836,-0.0001889845753114987
SOLUSDT,145,-0.009246735748890803,-0.00013073104951197498
SOLUSDT,146,-0.008092816778363772,-0.00011441577900083215
SOLUSDT,147,-0.010829765831491697,-0.00015310903508897848
SOLUSDT,148,-0.013822645383472262,-0.00019541972684505125
SOLUSDT,149,-0.013416655238699629,-0.00018967813014997403
SOLUSDT,150,-0.009848682615720037,-0.00013923480026357813
SOLUSDT,151,-0.008003070957279684,-0.00011314164410843051
SOLUSDT,152,-0.004408587930483251,-6.232483536740648e-05
SOLUSDT,153,-0.0009535423784759203,-1.348023442490918e-05
SOLUSDT,154,-0.0006181615703899518,-8.738866870083818e-06
SOLUSDT,155,0.005430941855515532,7.677571027613809e-05
SOLUSDT,156,0.010842388990559141,0.00015327464234849843
SOLUSDT,157,0.01175236275124643,0.000166137729298918
SOLUSDT,158,0.007544273632658579,0.00010664956563663386
SOLUSDT,159,0.0030764699918730846,4.349039186178078e-05
SOLUSDT,160,0.004806287947756864,6.794377347263113e-05
SOLUSDT,161,0.00836282431138948,0.00011822023535698756
SOLUSDT,162,0.010167767885140627,0.00014373515582800288
SOLUSDT,163,0.013236779596173318,0.00018711887475067105
SOLUSDT,164,0.015433087424571166,0.0002181653920539189
SOLUSDT,165,0.016100824642548247,0.00022760347534411425
SOLUSDT,166,0.01672949528947884,0.0002364889232947351
SOLUSDT,167,0.020441659350967173,0.0002889621801609635
XRPUSDT,0,0.05905305598314977,0.09141999054824726
XRPUSDT,1,0.05884123493605495,0.09109542148999529
XRPUSDT,2,0.051024042530100525,0.0789959019283661
XRPUSDT,3,0.05298623560462391,0.0820364374344018
XRPUSDT,4,0.045922836420121536,0.0711029395401837
XRPUSDT,5,0.03895712634053895,0.06031950904057619
XRPUSDT,6,0.03573004260474586,0.05532435449946933
XRPUSDT,7,0.03853393183875914,0.059667438022606795
XRPUSDT,8,0.030884984860139898,0.04782468419994175
XRPUSDT,9,0.02394970924000393,0.03708642709083538
XRPUSDT,10,0.01170940549489673,0.018132636210373403
XRPUSDT,11,0.01153533154676369,0.017863567270474192
XRPUSDT,12,0.01782477646705065,0.02760418553790281
XRPUSDT,13,0.024047845719702,0.03724256867465678
XRPUSDT,14,0.019641287933852912,0.030419080621828777
XRPUSDT,15,0.015198549842171685,0.023539108248671187
XRPUSDT,16,0.006483522049164875,0.01004180783682335
XRPUSDT,17,-0.0020780110887641335,-0.0032185663094232504
XRPUSDT,18,-0.003707277060502476,-0.005742268416794848
XRPUSDT,19,-0.014631931271596002,-0.022664424213322487
XRPUSDT,20,-0.019280586195770187,-0.02986600900830265
XRPUSDT,21,-0.020750845894910188,-0.032144549210444816
XRPUSDT,22,-0.012270385473577986,-0.019008269196782664
XRPUSDT,23,-0.004251705078264087,-0.006586598390711918
XRPUSDT,24,0.006529754290879216,0.010116042839932714
XRPUSDT,25,0.007492126259050699,0.011607398358896756
XRPUSDT,26,0.006164676666903145,0.009551150592681372
XRPUSDT,27,0.005861852341309201,0.009082316542185848
XRPUSDT,28,0.00993843613631901,0.015399138801808078
XRPUSDT,29,0.009018772614956976,0.013974701526036382
XRPUSDT,30,0.0051036477892196855,0.007908484491664593
XRPUSDT,31,0.003817468959704598,0.005915685450622068
XRPUSDT,32,-0.0022850337237244707,-0.0035411082372641804
XRPUSDT,33,-0.004792296440385018,-0.00742689044450924
XRPUSDT,34,-0.004283786496301722,-0.006639084169593746
XRPUSDT,35,-0.005033429702342523,-0.007801203438399662
XRPUSDT,36,-0.003099758602965941,-0.00480444035015116
XRPUSDT,37,-0.010206518744895036,-0.01582014974424696
XRPUSDT,38,-0.020677825019269996,-0.032052053763488735
XRPUSDT,39,-0.01870217109023096,-0.028990824250691362
XRPUSDT,40,-0.015131417549123241,-0.023456728589426816
XRPUSDT,41,-0.009056760919494542,-0.014040434795121081
XRPUSDT,42,-0.009091023521186648,-0.014094200483748003
XRPUSDT,43,-0.0053447227761198035,-0.008286529229980251
XRPUSDT,44,-0.001566579793363864,-0.002428957480431329
XRPUSDT,45,-0.0042324266996862665,-0.006562624896273694
XRPUSDT,46,-0.005963911139738785,-0.009247831064041026
XRPUSDT,47,-0.015355185211103399,-0.02381129133915639
XRPUSDT,48,-0.021481872165045546,-0.03331341885276143
XRPUSDT,49,-0.023413810082353687,-0.03631105065242263
XRPUSDT,50,-0.01106969296702777,-0.017168095003539798
XRPUSDT,51,-0.0029297529228505263,-0.004544002949099687
XRPUSDT,52,-0.0033198481709930693,-0.005149305416816787
XRPUSDT,53,0.0003899493032022735,0.0006048701605911553
XRPUSDT,54,0.0020102005619344328,0.0031182914691904313
XRPUSDT,55,0.0008962991737440501,0.00139044317503731
XRPUSDT,56,0.007211489014023792,0.011187920573647286
XRPUSDT,57,0.008045970181217487,0.012483238387226063
XRPUSDT,58,0.003043309791093216,0.0047219220830095245
XRPUSDT,59,0.008640392780265474,0.013406923143790541
XRPUSDT,60,0.003786768081409342,0.0058760646083763175
XRPUSDT,61,0.009036409616051927,0.014022779772215626
XRPUSDT,62,0.018194444687132227,0.028235653423515528
XRPUSDT,63,0.019033706128936997,0.029539526617457228
XRPUSDT,64,0.020325502662866216,0.03154580398013826
XRPUSDT,65,0.023966022812653694,0.03719784766558807
XRPUSDT,66,0.018598946161452055,0.028869049537012765
XRPUSDT,67,0.01384149801007876,0.021485650614327147
XRPUSDT,68,0.012128849389624448,0.018828075508708988
XRPUSDT,69,0.00893840731300757,0.013876114951054407
XRPUSDT,70,0.01947965616959176,0.030242005358007067
XRPUSDT,71,0.024010779416332097,0.03727844562135319
XRPUSDT,72,0.023516955609378012,0.03651350339971357
XRPUSDT,73,0.023271583116712374,0.036134254374763496
XRPUSDT,74,0.010180082705381035,0.015807619040338762
XRPUSDT,75,0.0016670461897468733,0.0025887248425174618
XRPUSDT,76,0.001656949664692069,0.0025731813586441603
XRPUSDT,77,0.00033692765609935854,0.0005232636349199944
XRPUSDT,78,-0.0057152404279361795,-0.008876508400144905
XRPUSDT,79,-0.005410321281018591,-0.00840338117739136
XRPUSDT,80,-0.0037214398811956707,-0.005780497704712492
XRPUSDT,81,0.005540859351316298,0.008607051257545155
XRPUSDT,82,0.005307191751544794,0.008244504402547346
XRPUSDT,83,0.005372295030406392,0.008346060142363545
XRPUSDT,84,0.013098377952298778,0.020349772171006905
XRPUSDT,85,0.013158968056552239,0.020444917582637986
XRPUSDT,86,0.0028910795698306874,0.0044920517735966845
XRPUSDT,87,-0.002783718622520614,-0.004325457881207418
XRPUSDT,88,0.00306101046872838,0.004756556927216201
XRPUSDT,89,0.0040990266436215115,0.006369872209962065
XRPUSDT,90,0.007648050138914049,0.011885618780720194
XRPUSDT,91,0.005717904715411502,0.008886471285331776
XRPUSDT,92,0.0035884100986438372,0.005577207394154635
XRPUSDT,93,0.0076608813155714505,0.011907375384617695
XRPUSDT,94,0.005510089056639083,0.008564833732625041
XRPUSDT,95,-0.0001969497570046498,-0.000306154146227526
XRPUSDT,96,-0.001163460566289555,-0.0018086697483007293
XRPUSDT,97,-0.006216466498199267,-0.009664415783312503
XRPUSDT,98,-0.00214664967663753,-0.003337469084273692
XRPUSDT,99,0.0031969115248240846,0.004970629916853458
XRPUSDT,100,0.005802967048096186,0.009023089770254953
XRPUSDT,101,-0.0008534034471253046,-0.0013270408272977963
XRPUSDT,102,-0.0026214367503261385,-0.0040765430970908095
XRPUSDT,103,-0.0023888038706503766,-0.003714979206347231
XRPUSDT,104,-0.008829518109385164,-0.013732129304079242
XRPUSDT,105,-0.012726468423542851,-0.019793943671980885
XRPUSDT,106,-0.00944483405870921,-0.01469074131288438
XRPUSDT,107,-0.003973414949033622,-0.006180695290741869
XRPUSDT,108,0.006048402618333328,0.00940887802837574
XRPUSDT,109,0.013829499461741123,0.02151438688585289
XRPUSDT,110,0.015998975670432323,0.02489090754082896
XRPUSDT,111,0.014145784574571944,0.022009153605403783
XRPUSDT,112,0.004385188568130683,0.006823255835401522
XRPUSDT,113,-0.003508925075795189,-0.0054601487464034275
XRPUSDT,114,-0.005517964192910768,-0.008586906374558789
XRPUSDT,115,-0.01250817648976966,-0.01946619149398906
XRPUSDT,116,-0.01539114210854498,-0.02395444230344662
XRPUSDT,117,-0.017040423876056855,-0.026523094122809454
XRPUSDT,118,-0.02233446625554093,-0.034765621381390326
XRPUSDT,119,-0.016048710102302022,-0.024982862606545843
XRPUSDT,120,-0.011083720249273989,-0.017254971885361094
XRPUSDT,121,-0.012941499708241893,-0.0201483019180623
XRPUSDT,122,-0.013346699144135585,-0.020780399933107593
XRPUSDT,123,-0.013775769966517373,-0.021449691763014707
XRPUSDT,124,-0.013427889983752729,-0.020909219694635994
XRPUSDT,125,-0.013977305186118304,-0.021765989878588497
XRPUSDT,126,-0.015271464938463401,-0.023782830143708036
XRPUSDT,127,-0.020039034993754735,-0.031209525589233775
XRPUSDT,128,-0.01302192046145445,-0.020282056911555133
XRPUSDT,129,-0.008753769773421429,-0.01363522649006206
XRPUSDT,130,-0.008545530274930683,-0.01331176425464506
XRPUSDT,131,-0.0181607334194538,-0.02829170195047821
XRPUSDT,132,-0.028453179389772237,-0.04432853404803438
XRPUSDT,133,-0.033654379151750735,-0.05243485249300372
XRPUSDT,134,-0.029227758253476628,-0.045540805884344636
XRPUSDT,135,-0.021430646494947674,-0.03339398589551182
XRPUSDT,136,-0.019350101396629606,-0.030153894287726093
XRPUSDT,137,-0.012919922170420253,-0.02013479027070221
XRPUSDT,138,-0.010943153839669095,-0.017055188292319313
XRPUSDT,139,-0.017694510146106904,-0.027579170008924545
XRPUSDT,140,-0.019684958769689398,-0.030683438432311128
XRPUSDT,141,-0.018816170605468533,-0.02933104437338096
XRPUSDT,142,-0.008738902949631278,-0.013623188241434192
XRPUSDT,143,-0.008174371433619213,-0.012743905355162026
XRPUSDT,144,-0.012420403308144722,-0.01936465055241983
XRPUSDT,145,-0.012405895764531768,-0.01934316527461155
XRPUSDT,146,-0.016948093039209675,-0.02642689773620646
XRPUSDT,147,-0.021466735181662436,-0.03347482466609298
XRPUSDT,148,-0.018675979561157383,-0.02912464331453167
XRPUSDT,149,-0.009150105069106322,-0.014270130612006422
XRPUSDT,150,-0.004227945534257735,-0.006594101836448464
XRPUSDT,151,0.00046554525888765647,0.0007261281244750895
XRPUSDT,152,0.001673215325162726,0.0026099260041879653
XRPUSDT,153,0.004640312735779226,0.007238497914914309
XRPUSDT,154,-0.0007469179058602568,-0.0011651962642746224
XRPUSDT,155,0.0018548361838877994,0.002893722926756948
XRPUSDT,156,0.014991713258069776,0.023389868925837064
XRPUSDT,157,0.01325932291129553,0.020688279523350405
XRPUSDT,158,0.009282555479319833,0.014484287768584396
XRPUSDT,159,0.0030853392927600387,0.004814565131683731
XRPUSDT,160,0.0011091864004949812,0.001730942246435055
XRPUSDT,161,-0.0012406703455651574,-0.0019362343420582897
XRPUSDT,162,0.0019504240471370762,0.00304407613434013
XRPUSDT,163,0.003033662841611082,0.0047349862212437725
XRPUSDT,164,0.0011264659374274288,0.001758301736462556
XRPUSDT,165,-0.0011048905277133729,-0.0017247203650293255
XRPUSDT,166,-0.021655172334237444,-0.033805158010946613
XRPUSDT,167,-0.05126702319353364,-0.08003516477635479
