csv_line,symbol,open_time,close_time,check
15872,BNBUSDT,2020-12-21T13:00:00+00:00,2020-12-21T13:47:20.924000+00:00,Cierre distinto de apertura + 1h - 1ms
15873,BTCUSDT,2020-12-21T13:00:00+00:00,2020-12-21T13:47:20.521000+00:00,Cierre distinto de apertura + 1h - 1ms
15874,ETHUSDT,2020-12-21T13:00:00+00:00,2020-12-21T13:47:20.528000+00:00,Cierre distinto de apertura + 1h - 1ms
15875,SOLUSDT,2020-12-21T13:00:00+00:00,2020-12-21T13:47:23.498000+00:00,Cierre distinto de apertura + 1h - 1ms
15876,XRPUSDT,2020-12-21T13:00:00+00:00,2020-12-21T13:47:21.656000+00:00,Cierre distinto de apertura + 1h - 1ms
22037,BNBUSDT,2021-02-11T03:00:00+00:00,2021-02-11T03:40:54.577000+00:00,Cierre distinto de apertura + 1h - 1ms
22038,BTCUSDT,2021-02-11T03:00:00+00:00,2021-02-11T03:40:54.773000+00:00,Cierre distinto de apertura + 1h - 1ms
22039,ETHUSDT,2021-02-11T03:00:00+00:00,2021-02-11T03:40:55.829000+00:00,Cierre distinto de apertura + 1h - 1ms
22040,SOLUSDT,2021-02-11T03:00:00+00:00,2021-02-11T03:40:57.968000+00:00,Cierre distinto de apertura + 1h - 1ms
22041,XRPUSDT,2021-02-11T03:00:00+00:00,2021-02-11T03:40:59.081000+00:00,Cierre distinto de apertura + 1h - 1ms
30782,BNBUSDT,2021-04-25T04:00:00+00:00,2021-04-25T04:00:57.981000+00:00,Cierre distinto de apertura + 1h - 1ms
30783,BTCUSDT,2021-04-25T04:00:00+00:00,2021-04-25T04:00:58.146000+00:00,Cierre distinto de apertura + 1h - 1ms
30784,ETHUSDT,2021-04-25T04:00:00+00:00,2021-04-25T04:00:59.271000+00:00,Cierre distinto de apertura + 1h - 1ms
30785,SOLUSDT,2021-04-25T04:00:00+00:00,2021-04-25T04:01:01.539000+00:00,Cierre distinto de apertura + 1h - 1ms
30786,XRPUSDT,2021-04-25T04:00:00+00:00,2021-04-25T04:01:02.802000+00:00,Cierre distinto de apertura + 1h - 1ms
43952,BNBUSDT,2021-08-13T01:00:00+00:00,2021-08-13T01:59:59+00:00,Cierre distinto de apertura + 1h - 1ms
43953,BTCUSDT,2021-08-13T01:00:00+00:00,2021-08-13T01:59:59+00:00,Cierre distinto de apertura + 1h - 1ms
43954,ETHUSDT,2021-08-13T01:00:00+00:00,2021-08-13T01:59:59+00:00,Cierre distinto de apertura + 1h - 1ms
43955,SOLUSDT,2021-08-13T01:00:00+00:00,2021-08-13T01:59:59+00:00,Cierre distinto de apertura + 1h - 1ms
43956,XRPUSDT,2021-08-13T01:00:00+00:00,2021-08-13T01:59:59+00:00,Cierre distinto de apertura + 1h - 1ms
59897,BNBUSDT,2021-12-24T04:00:00+00:00,2021-12-24T04:59:54.118000+00:00,Cierre distinto de apertura + 1h - 1ms
59898,BTCUSDT,2021-12-24T04:00:00+00:00,2021-12-24T04:59:54.362000+00:00,Cierre distinto de apertura + 1h - 1ms
59899,ETHUSDT,2021-12-24T04:00:00+00:00,2021-12-24T04:59:56.158000+00:00,Cierre distinto de apertura + 1h - 1ms
114537,BNBUSDT,2023-03-24T12:00:00+00:00,2023-03-24T12:39:41.451000+00:00,Cierre distinto de apertura + 1h - 1ms
114538,BTCUSDT,2023-03-24T12:00:00+00:00,2023-03-24T12:39:41.646000+00:00,Cierre distinto de apertura + 1h - 1ms
114539,ETHUSDT,2023-03-24T12:00:00+00:00,2023-03-24T12:39:43.061000+00:00,Cierre distinto de apertura + 1h - 1ms
114540,SOLUSDT,2023-03-24T12:00:00+00:00,2023-03-24T12:39:46.948000+00:00,Cierre distinto de apertura + 1h - 1ms
114541,XRPUSDT,2023-03-24T12:00:00+00:00,2023-03-24T12:39:48.301000+00:00,Cierre distinto de apertura + 1h - 1ms
