symbol,lag_hours,n,pearson,spearman
BNBUSDT,0,42539,-0.125889467652779,-0.07522172311466617
BNBUSDT,1,42527,-0.12540296597558806,-0.07482019074135064
BNBUSDT,6,42507,-0.12331488621630061,-0.07347483882415987
BNBUSDT,12,42501,-0.1213917604944013,-0.07235771731506918
BNBUSDT,24,42489,-0.11849914925420948,-0.07074062181014591
BNBUSDT,48,42465,-0.11635794653587327,-0.06950177034498214
BNBUSDT,168,42345,-0.11249222020998988,-0.06758468079593251
BTCUSDT,0,42539,-0.03517082852897521,0.058264258198633526
BTCUSDT,1,42527,-0.034777009698281014,0.05845703532538601
BTCUSDT,6,42507,-0.0330387634366809,0.059213269319203926
BTCUSDT,12,42501,-0.0312711052013689,0.06007377186038479
BTCUSDT,24,42489,-0.028622203301205896,0.061557605850245105
BTCUSDT,48,42465,-0.025746973253992066,0.06323218028614942
BTCUSDT,168,42345,-0.012351541329281807,0.07250784012581543
ETHUSDT,0,42539,-0.010683492606087254,0.031461876427159766
ETHUSDT,1,42527,-0.009695305713876692,0.03196735969674528
ETHUSDT,6,42507,-0.005588965795148028,0.03385002131898324
ETHUSDT,12,42501,-0.0017038846204361574,0.035730312738062237
ETHUSDT,24,42489,0.003877426331535171,0.039127740954772845
ETHUSDT,48,42465,0.013474267475711526,0.04386585675875683
ETHUSDT,168,42345,0.043014353733956484,0.06148420181483586
SOLUSDT,0,42564,-0.20810704433419946,-0.18820308855279314
SOLUSDT,1,42553,-0.20788299513130562,-0.1880952312051454
SOLUSDT,6,42533,-0.20693610970942306,-0.1877566471636736
SOLUSDT,12,42527,-0.2060391192273003,-0.18730270550452605
SOLUSDT,24,42515,-0.2047140808501125,-0.1862649880865695
SOLUSDT,48,42491,-0.20308039366389755,-0.1858733223242088
SOLUSDT,168,42371,-0.1993369983491445,-0.18055478783115775
XRPUSDT,0,42564,0.1220535107160722,0.2120550763889775
XRPUSDT,1,42553,0.12224830012942624,0.21194212805166185
XRPUSDT,6,42533,0.12221790461639168,0.21104984557892076
XRPUSDT,12,42527,0.12153729016731686,0.2099250039092829
XRPUSDT,24,42515,0.11974731052079755,0.2078110527549073
XRPUSDT,48,42491,0.11608749621247251,0.2045173309336703
XRPUSDT,168,42371,0.10039156398262918,0.17796881940300022
