symbol,series,n,adf_stat,adf_p,adf_lags,kpss_stat,kpss_p,kpss_lags,kpss_warning
BNBUSDT,log_close,829,-0.7349146946106265,0.8374974171226792,0,3.6114438642868563,0.01,18,"The test statistic is outside of the range of p-values available in the look-up table. The actual p-value is smaller than the p-value returned. | kpss currently returns a plain tuple whose length and layout depends on the store argument (and which silently drops `lags` when store=True). In release 0.16 or after July 2027, whichever is later, the default behavior will switch to always returning a KPSSResult. Set result_object=True to switch now, or result_object=False to keep the current behavior and silence this warning."
BNBUSDT,daily_log_return,828,-29.695526321210888,0.0,0,0.14286706144943953,0.1,2,"The test statistic is outside of the range of p-values available in the look-up table. The actual p-value is greater than the p-value returned. | kpss currently returns a plain tuple whose length and layout depends on the store argument (and which silently drops `lags` when store=True). In release 0.16 or after July 2027, whichever is later, the default behavior will switch to always returning a KPSSResult. Set result_object=True to switch now, or result_object=False to keep the current behavior and silence this warning."
BTCUSDT,log_close,829,-0.6588907040382205,0.8571124291147161,1,4.129932613689421,0.01,18,"The test statistic is outside of the range of p-values available in the look-up table. The actual p-value is smaller than the p-value returned. | kpss currently returns a plain tuple whose length and layout depends on the store argument (and which silently drops `lags` when store=True). In release 0.16 or after July 2027, whichever is later, the default behavior will switch to always returning a KPSSResult. Set result_object=True to switch now, or result_object=False to keep the current behavior and silence this warning."
BTCUSDT,daily_log_return,828,-31.029251973377544,0.0,0,0.05731890862495594,0.1,1,"The test statistic is outside of the range of p-values available in the look-up table. The actual p-value is greater than the p-value returned. | kpss currently returns a plain tuple whose length and layout depends on the store argument (and which silently drops `lags` when store=True). In release 0.16 or after July 2027, whichever is later, the default behavior will switch to always returning a KPSSResult. Set result_object=True to switch now, or result_object=False to keep the current behavior and silence this warning."
ETHUSDT,log_close,829,-1.8371726999621152,0.3621688142687748,1,1.505278657817724,0.01,18,"The test statistic is outside of the range of p-values available in the look-up table. The actual p-value is smaller than the p-value returned. | kpss currently returns a plain tuple whose length and layout depends on the store argument (and which silently drops `lags` when store=True). In release 0.16 or after July 2027, whichever is later, the default behavior will switch to always returning a KPSSResult. Set result_object=True to switch now, or result_object=False to keep the current behavior and silence this warning."
ETHUSDT,daily_log_return,828,-30.459146023982647,0.0,0,0.09924983971977736,0.1,1,"The test statistic is outside of the range of p-values available in the look-up table. The actual p-value is greater than the p-value returned. | kpss currently returns a plain tuple whose length and layout depends on the store argument (and which silently drops `lags` when store=True). In release 0.16 or after July 2027, whichever is later, the default behavior will switch to always returning a KPSSResult. Set result_object=True to switch now, or result_object=False to keep the current behavior and silence this warning."
SOLUSDT,log_close,829,-1.4646615773286,0.5509147448280507,0,3.521589845761818,0.01,18,"The test statistic is outside of the range of p-values available in the look-up table. The actual p-value is smaller than the p-value returned. | kpss currently returns a plain tuple whose length and layout depends on the store argument (and which silently drops `lags` when store=True). In release 0.16 or after July 2027, whichever is later, the default behavior will switch to always returning a KPSSResult. Set result_object=True to switch now, or result_object=False to keep the current behavior and silence this warning."
SOLUSDT,daily_log_return,828,-29.787018377147575,0.0,0,0.251764791660078,0.1,4,"The test statistic is outside of the range of p-values available in the look-up table. The actual p-value is greater than the p-value returned. | kpss currently returns a plain tuple whose length and layout depends on the store argument (and which silently drops `lags` when store=True). In release 0.16 or after July 2027, whichever is later, the default behavior will switch to always returning a KPSSResult. Set result_object=True to switch now, or result_object=False to keep the current behavior and silence this warning."
XRPUSDT,log_close,829,-0.5692411890241658,0.8777818992720936,0,2.920584402944627,0.01,18,"The test statistic is outside of the range of p-values available in the look-up table. The actual p-value is smaller than the p-value returned. | kpss currently returns a plain tuple whose length and layout depends on the store argument (and which silently drops `lags` when store=True). In release 0.16 or after July 2027, whichever is later, the default behavior will switch to always returning a KPSSResult. Set result_object=True to switch now, or result_object=False to keep the current behavior and silence this warning."
XRPUSDT,daily_log_return,828,-29.6561726514452,0.0,0,0.13409345545222928,0.1,4,"The test statistic is outside of the range of p-values available in the look-up table. The actual p-value is greater than the p-value returned. | kpss currently returns a plain tuple whose length and layout depends on the store argument (and which silently drops `lags` when store=True). In release 0.16 or after July 2027, whichever is later, the default behavior will switch to always returning a KPSSResult. Set result_object=True to switch now, or result_object=False to keep the current behavior and silence this warning."
