method,symbol,volatility_window,input_window,C,epsilon,val_rmse,n_features,selection_source
ForwardChaining,BNBUSDT,7,7,0.01,0.01,1.830609410612689,10080,prior_completed_grid
ForwardChaining,BNBUSDT,14,7,0.01,0.1,1.539153156250661,10080,prior_completed_grid
ForwardChaining,BNBUSDT,21,7,0.01,0.1,1.423667182085739,10080,prior_completed_grid
ForwardChaining,BNBUSDT,28,7,0.01,0.1,1.3042135616051738,10080,prior_completed_grid
ForwardChaining,BTCUSDT,7,7,0.01,0.01,1.6081824274196823,10080,prior_completed_grid
ForwardChaining,BTCUSDT,14,7,0.01,0.01,1.3302223809684477,10080,prior_completed_grid
ForwardChaining,BTCUSDT,21,7,0.01,0.01,1.2286097855811093,10080,prior_completed_grid
ForwardChaining,BTCUSDT,28,7,0.01,0.01,1.13280263922304,10080,prior_completed_grid
ForwardChaining,ETHUSDT,7,7,0.01,0.01,1.5949361088570602,10080,prior_completed_grid
ForwardChaining,ETHUSDT,14,7,0.01,0.01,1.3678614395486821,10080,prior_completed_grid
ForwardChaining,ETHUSDT,21,7,0.01,0.01,1.1500190771789627,10080,prior_completed_grid
ForwardChaining,ETHUSDT,28,7,0.01,0.01,0.9899159985128684,10080,prior_completed_grid
ForwardChaining,XRPUSDT,7,7,0.01,0.01,2.6553226161471697,10080,prior_completed_grid
ForwardChaining,XRPUSDT,14,14,0.01,0.01,3.2151755523538874,20160,full_grid
ForwardChaining,XRPUSDT,21,14,0.01,0.01,3.5940675891790135,20160,full_grid
ForwardChaining,XRPUSDT,28,14,0.01,0.01,3.3169339144133034,20160,full_grid
GroupKFold,BNBUSDT,7,7,0.01,0.01,3.343826509273903,10080,prior_completed_grid
GroupKFold,BNBUSDT,14,14,1.0,0.01,3.6325803090038393,20160,prior_completed_grid
GroupKFold,BNBUSDT,21,28,0.01,0.1,4.092502389111621,40320,prior_completed_grid
GroupKFold,BNBUSDT,28,7,0.01,0.1,5.772569769283491,10080,prior_completed_grid
GroupKFold,BTCUSDT,7,7,0.01,0.01,6.327666320835272,10080,prior_completed_grid
GroupKFold,BTCUSDT,14,7,0.01,0.1,2.9942887094367774,10080,prior_completed_grid
GroupKFold,BTCUSDT,21,28,0.01,0.1,2.361232796446288,40320,prior_completed_grid
GroupKFold,BTCUSDT,28,28,0.01,0.1,2.1933869386577673,40320,prior_completed_grid
GroupKFold,ETHUSDT,7,7,0.01,0.1,3.038936130840388,10080,prior_completed_grid
GroupKFold,ETHUSDT,14,7,0.01,0.1,2.0244816572529007,10080,prior_completed_grid
GroupKFold,ETHUSDT,21,7,0.01,0.1,1.2849701284851782,10080,prior_completed_grid
GroupKFold,ETHUSDT,28,7,0.01,0.1,1.1456887954458181,10080,prior_completed_grid
GroupKFold,XRPUSDT,7,7,0.01,0.1,2.5406107566147993,10080,prior_completed_grid
GroupKFold,XRPUSDT,14,7,1.0,0.1,2.4040906336382557,10080,prior_completed_grid
GroupKFold,XRPUSDT,21,7,10.0,0.1,2.581132448598784,10080,prior_completed_grid
GroupKFold,XRPUSDT,28,7,0.01,0.1,2.0009849926103014,10080,prior_completed_grid
KFold,BNBUSDT,7,7,0.01,0.01,1.830609410612689,10080,prior_completed_grid
KFold,BNBUSDT,14,7,0.01,0.1,1.539153156250661,10080,prior_completed_grid
KFold,BNBUSDT,21,7,0.01,0.1,1.423667182085739,10080,prior_completed_grid
KFold,BNBUSDT,28,7,0.01,0.1,1.3042135616051738,10080,prior_completed_grid
KFold,BTCUSDT,7,7,0.01,0.01,1.6081824274196823,10080,prior_completed_grid
KFold,BTCUSDT,14,7,0.01,0.01,1.3302223809684477,10080,prior_completed_grid
KFold,BTCUSDT,21,7,0.01,0.01,1.2286097855811093,10080,prior_completed_grid
KFold,BTCUSDT,28,7,0.01,0.01,1.13280263922304,10080,prior_completed_grid
KFold,ETHUSDT,7,7,0.01,0.01,1.5949361088570602,10080,prior_completed_grid
KFold,ETHUSDT,14,7,0.01,0.01,1.3678614395486821,10080,prior_completed_grid
KFold,ETHUSDT,21,7,0.01,0.01,1.1500190771789627,10080,prior_completed_grid
KFold,ETHUSDT,28,7,0.01,0.01,0.9899159985128684,10080,prior_completed_grid
KFold,XRPUSDT,7,7,0.01,0.01,2.6553226161471697,10080,prior_completed_grid
KFold,XRPUSDT,14,14,0.01,0.01,3.2151755523538874,20160,full_grid
KFold,XRPUSDT,21,14,0.01,0.01,3.5940675891790135,20160,full_grid
KFold,XRPUSDT,28,14,0.01,0.01,3.3169339144133034,20160,full_grid
