symbol,model,r2,rmse,mae,mse,mape
BNBUSDT,Persistence,0.6719859388863234,0.5696311202598825,0.40283702808882127,0.4359080674424705,19.38251367777118
BNBUSDT,Randomforest_optimized,0.817186992708329,0.4232365410276534,0.3104299753021503,0.2453809984038976,14.432409714346532
BTCUSDT,Persistence,0.5936225940193306,0.43642121998063443,0.30689668222867983,0.25726897581562536,16.963125378059612
BTCUSDT,Randomforest_optimized,0.7007901638909905,0.373277593365403,0.2794203127386703,0.1895993900970587,16.119743439997293
ETHUSDT,Persistence,0.34257153537905394,0.8961523719592968,0.613152184146105,1.0904039926203013,19.566617120264016
ETHUSDT,Randomforest_optimized,0.5667514053573759,0.7279658437562019,0.5295519068848121,0.6965177021638121,17.429923414710228
XRPUSDT,Persistence,0.542749750356907,1.0885971572608644,0.6658893856077239,1.5292045561793017,19.31856393138522
XRPUSDT,Randomforest_optimized,0.7035269825202057,0.8856210874344148,0.5486647234271567,0.9667825254967625,15.779152636002816
GLOBAL_MACRO,Persistence,0.5377324546604038,0.7477004673651695,0.4971938200178325,0.8281963980144247,18.807705026870007
GLOBAL_MACRO,Randomforest_optimized,0.6970638861192253,0.6025252663959183,0.41701672958819735,0.5245701540403828,15.940307301264216
