symbol,volatility_window,input_window,n_neighbors,weights,p,validation_rmse
BTCUSDT,7,7,3,uniform,1,0.8683292790667674
BTCUSDT,7,7,3,uniform,2,0.8731743093690002
BTCUSDT,7,7,3,distance,1,0.8680181130189292
BTCUSDT,7,7,3,distance,2,0.8749925932046783
BTCUSDT,7,7,5,uniform,1,0.8304797274993485
BTCUSDT,7,7,5,uniform,2,0.791170579007194
BTCUSDT,7,7,5,distance,1,0.8271812683887331
BTCUSDT,7,7,5,distance,2,0.7923072848518375
BTCUSDT,7,7,10,uniform,1,0.7412833731658831
BTCUSDT,7,7,10,uniform,2,0.7481831697065042
BTCUSDT,7,7,10,distance,1,0.7417427465996459
BTCUSDT,7,7,10,distance,2,0.7466162048707404
BTCUSDT,7,7,20,uniform,1,0.71711589114582
BTCUSDT,7,7,20,uniform,2,0.7431220954628611
BTCUSDT,7,7,20,distance,1,0.7173495253464289
BTCUSDT,7,7,20,distance,2,0.7396878433479745
BTCUSDT,7,7,40,uniform,1,0.7355480045048913
BTCUSDT,7,7,40,uniform,2,0.7501648568456266
BTCUSDT,7,7,40,distance,1,0.7314794304923085
BTCUSDT,7,7,40,distance,2,0.7456051255843719
BTCUSDT,7,7,80,uniform,1,0.7661680833730905
BTCUSDT,7,7,80,uniform,2,0.7801203697059881
BTCUSDT,7,7,80,distance,1,0.7589866594774477
BTCUSDT,7,7,80,distance,2,0.7727957289524457
BTCUSDT,7,14,3,uniform,1,0.8277925439561175
BTCUSDT,7,14,3,uniform,2,0.8201057404482887
BTCUSDT,7,14,3,distance,1,0.8307638156816485
BTCUSDT,7,14,3,distance,2,0.8227044487301916
BTCUSDT,7,14,5,uniform,1,0.7677257146561
BTCUSDT,7,14,5,uniform,2,0.745565650800685
BTCUSDT,7,14,5,distance,1,0.7694546236451348
BTCUSDT,7,14,5,distance,2,0.7467547849622281
BTCUSDT,7,14,10,uniform,1,0.7229654354085572
BTCUSDT,7,14,10,uniform,2,0.7101625828749862
BTCUSDT,7,14,10,distance,1,0.7231816087937598
BTCUSDT,7,14,10,distance,2,0.7098828214155157
BTCUSDT,7,14,20,uniform,1,0.7119686969920919
BTCUSDT,7,14,20,uniform,2,0.698543226673487
BTCUSDT,7,14,20,distance,1,0.7107869089334945
BTCUSDT,7,14,20,distance,2,0.6970586046030449
BTCUSDT,7,14,40,uniform,1,0.7287069716367719
BTCUSDT,7,14,40,uniform,2,0.7195685970664442
BTCUSDT,7,14,40,distance,1,0.7255502784192007
BTCUSDT,7,14,40,distance,2,0.7159352389632038
BTCUSDT,7,14,80,uniform,1,0.7555146154046353
BTCUSDT,7,14,80,uniform,2,0.7587240711662124
BTCUSDT,7,14,80,distance,1,0.7503771630665211
BTCUSDT,7,14,80,distance,2,0.752388616235324
BTCUSDT,7,21,3,uniform,1,0.831811975177949
BTCUSDT,7,21,3,uniform,2,0.8378506149294027
BTCUSDT,7,21,3,distance,1,0.8305466950760086
BTCUSDT,7,21,3,distance,2,0.8398965849047245
BTCUSDT,7,21,5,uniform,1,0.7828289803132167
BTCUSDT,7,21,5,uniform,2,0.7738859927284751
BTCUSDT,7,21,5,distance,1,0.7817142178425539
BTCUSDT,7,21,5,distance,2,0.77560742236195
BTCUSDT,7,21,10,uniform,1,0.741314980101242
BTCUSDT,7,21,10,uniform,2,0.7197690074653076
BTCUSDT,7,21,10,distance,1,0.7405032749886923
BTCUSDT,7,21,10,distance,2,0.7203500746620823
BTCUSDT,7,21,20,uniform,1,0.7356385329170718
BTCUSDT,7,21,20,uniform,2,0.7161399916046954
BTCUSDT,7,21,20,distance,1,0.7335849624064242
BTCUSDT,7,21,20,distance,2,0.7150005503703856
BTCUSDT,7,21,40,uniform,1,0.7414614254287633
BTCUSDT,7,21,40,uniform,2,0.7373745692743932
BTCUSDT,7,21,40,distance,1,0.7389560368660879
BTCUSDT,7,21,40,distance,2,0.734079338357283
BTCUSDT,7,21,80,uniform,1,0.7690098457053046
BTCUSDT,7,21,80,uniform,2,0.7662064731678038
BTCUSDT,7,21,80,distance,1,0.7645383561273938
BTCUSDT,7,21,80,distance,2,0.7616633161641103
BTCUSDT,7,28,3,uniform,1,0.8457196561092621
BTCUSDT,7,28,3,uniform,2,0.8335588534567127
BTCUSDT,7,28,3,distance,1,0.8465668904519809
BTCUSDT,7,28,3,distance,2,0.8347563504795428
BTCUSDT,7,28,5,uniform,1,0.8040847923682831
BTCUSDT,7,28,5,uniform,2,0.7703931797868949
BTCUSDT,7,28,5,distance,1,0.8039968878020146
BTCUSDT,7,28,5,distance,2,0.7718790322817163
BTCUSDT,7,28,10,uniform,1,0.7638930210112161
BTCUSDT,7,28,10,uniform,2,0.745231731130161
BTCUSDT,7,28,10,distance,1,0.7638755877491396
BTCUSDT,7,28,10,distance,2,0.7449912363844231
BTCUSDT,7,28,20,uniform,1,0.7590828612497165
BTCUSDT,7,28,20,uniform,2,0.7381854108764581
BTCUSDT,7,28,20,distance,1,0.7582161623463556
BTCUSDT,7,28,20,distance,2,0.7371233697593536
BTCUSDT,7,28,40,uniform,1,0.7653986295178091
BTCUSDT,7,28,40,uniform,2,0.749782732452725
BTCUSDT,7,28,40,distance,1,0.7636623877251535
BTCUSDT,7,28,40,distance,2,0.7474565419257636
BTCUSDT,7,28,80,uniform,1,0.7800901805669804
BTCUSDT,7,28,80,uniform,2,0.7750123984078675
BTCUSDT,7,28,80,distance,1,0.7770318483239456
BTCUSDT,7,28,80,distance,2,0.7710193286654954
BTCUSDT,14,7,3,uniform,1,0.49208664438737154
BTCUSDT,14,7,3,uniform,2,0.4869299647996554
BTCUSDT,14,7,3,distance,1,0.4901951368366528
BTCUSDT,14,7,3,distance,2,0.48755834120319996
BTCUSDT,14,7,5,uniform,1,0.43288543412525093
BTCUSDT,14,7,5,uniform,2,0.44727959047779153
BTCUSDT,14,7,5,distance,1,0.43284657115385144
BTCUSDT,14,7,5,distance,2,0.44653138338637727
BTCUSDT,14,7,10,uniform,1,0.4044441552955327
BTCUSDT,14,7,10,uniform,2,0.4196777562731477
BTCUSDT,14,7,10,distance,1,0.4037684900630126
BTCUSDT,14,7,10,distance,2,0.4185948797989341
BTCUSDT,14,7,20,uniform,1,0.39507866046789936
BTCUSDT,14,7,20,uniform,2,0.3993205954937315
BTCUSDT,14,7,20,distance,1,0.3937326039331463
BTCUSDT,14,7,20,distance,2,0.39829596099788844
BTCUSDT,14,7,40,uniform,1,0.39507949164373674
BTCUSDT,14,7,40,uniform,2,0.3994020862578119
BTCUSDT,14,7,40,distance,1,0.3935120112462721
BTCUSDT,14,7,40,distance,2,0.39763068222089226
BTCUSDT,14,7,80,uniform,1,0.4056902246836293
BTCUSDT,14,7,80,uniform,2,0.40954055902258435
BTCUSDT,14,7,80,distance,1,0.4024435171251275
BTCUSDT,14,7,80,distance,2,0.40623282610460393
BTCUSDT,14,14,3,uniform,1,0.4884477305142535
BTCUSDT,14,14,3,uniform,2,0.4685152004634824
BTCUSDT,14,14,3,distance,1,0.4866239173129908
BTCUSDT,14,14,3,distance,2,0.469410451206793
BTCUSDT,14,14,5,uniform,1,0.4434890844038093
BTCUSDT,14,14,5,uniform,2,0.4405386226574519
BTCUSDT,14,14,5,distance,1,0.44161346055935397
BTCUSDT,14,14,5,distance,2,0.4381947675390013
BTCUSDT,14,14,10,uniform,1,0.4253581772989791
BTCUSDT,14,14,10,uniform,2,0.4196175754070227
BTCUSDT,14,14,10,distance,1,0.4235459328251984
BTCUSDT,14,14,10,distance,2,0.41777045894178677
BTCUSDT,14,14,20,uniform,1,0.4197641303521365
BTCUSDT,14,14,20,uniform,2,0.4181113268175151
BTCUSDT,14,14,20,distance,1,0.4178111729209098
BTCUSDT,14,14,20,distance,2,0.4157542161556985
BTCUSDT,14,14,40,uniform,1,0.40728877292485693
BTCUSDT,14,14,40,uniform,2,0.42118067189197783
BTCUSDT,14,14,40,distance,1,0.4060125937626551
BTCUSDT,14,14,40,distance,2,0.4187499189024432
BTCUSDT,14,14,80,uniform,1,0.413441252916346
BTCUSDT,14,14,80,uniform,2,0.4233571958994952
BTCUSDT,14,14,80,distance,1,0.4111337752298483
BTCUSDT,14,14,80,distance,2,0.42098603234734383
BTCUSDT,14,21,3,uniform,1,0.4719171923143374
BTCUSDT,14,21,3,uniform,2,0.4747734325108003
BTCUSDT,14,21,3,distance,1,0.47173017166760267
BTCUSDT,14,21,3,distance,2,0.47485869979413803
BTCUSDT,14,21,5,uniform,1,0.45564859014038994
BTCUSDT,14,21,5,uniform,2,0.45511267562507257
BTCUSDT,14,21,5,distance,1,0.45478756595470926
BTCUSDT,14,21,5,distance,2,0.45385522179237864
BTCUSDT,14,21,10,uniform,1,0.437613676018616
BTCUSDT,14,21,10,uniform,2,0.4309090584676269
BTCUSDT,14,21,10,distance,1,0.4362550576433586
BTCUSDT,14,21,10,distance,2,0.4299529187643011
BTCUSDT,14,21,20,uniform,1,0.4152520618961499
BTCUSDT,14,21,20,uniform,2,0.42377859422150327
BTCUSDT,14,21,20,distance,1,0.41442809726093216
BTCUSDT,14,21,20,distance,2,0.42256604683459303
BTCUSDT,14,21,40,uniform,1,0.4051920136454248
BTCUSDT,14,21,40,uniform,2,0.4115893669555744
BTCUSDT,14,21,40,distance,1,0.40432461219765675
BTCUSDT,14,21,40,distance,2,0.41068393933796477
BTCUSDT,14,21,80,uniform,1,0.40858735297475135
BTCUSDT,14,21,80,uniform,2,0.4176591764387405
BTCUSDT,14,21,80,distance,1,0.40685293344963724
BTCUSDT,14,21,80,distance,2,0.41602402614856543
BTCUSDT,14,28,3,uniform,1,0.480273140484719
BTCUSDT,14,28,3,uniform,2,0.47766093959462724
BTCUSDT,14,28,3,distance,1,0.4805410938200486
BTCUSDT,14,28,3,distance,2,0.4786418955141178
BTCUSDT,14,28,5,uniform,1,0.4636838953991238
BTCUSDT,14,28,5,uniform,2,0.45684793288831166
BTCUSDT,14,28,5,distance,1,0.4633766410892043
BTCUSDT,14,28,5,distance,2,0.4570129965265612
BTCUSDT,14,28,10,uniform,1,0.4374618504191209
BTCUSDT,14,28,10,uniform,2,0.43615452422299683
BTCUSDT,14,28,10,distance,1,0.4372431999508035
BTCUSDT,14,28,10,distance,2,0.43593301508122917
BTCUSDT,14,28,20,uniform,1,0.4261225767477348
BTCUSDT,14,28,20,uniform,2,0.41840793844176416
BTCUSDT,14,28,20,distance,1,0.42578665863200593
BTCUSDT,14,28,20,distance,2,0.41822847608245056
BTCUSDT,14,28,40,uniform,1,0.41884131704409205
BTCUSDT,14,28,40,uniform,2,0.41587762331530576
BTCUSDT,14,28,40,distance,1,0.4184607916633856
BTCUSDT,14,28,40,distance,2,0.4152816075772674
BTCUSDT,14,28,80,uniform,1,0.4192452215000592
BTCUSDT,14,28,80,uniform,2,0.4218442846920639
BTCUSDT,14,28,80,distance,1,0.41838016165937325
BTCUSDT,14,28,80,distance,2,0.42061731048703177
BTCUSDT,21,7,3,uniform,1,0.3597997990327783
BTCUSDT,21,7,3,uniform,2,0.36684440895907094
BTCUSDT,21,7,3,distance,1,0.3584404874561636
BTCUSDT,21,7,3,distance,2,0.3641838725353305
BTCUSDT,21,7,5,uniform,1,0.31478704010821507
BTCUSDT,21,7,5,uniform,2,0.3234745593104168
BTCUSDT,21,7,5,distance,1,0.31512458481712285
BTCUSDT,21,7,5,distance,2,0.322811740509614
BTCUSDT,21,7,10,uniform,1,0.2955131811678418
BTCUSDT,21,7,10,uniform,2,0.2928835858741801
BTCUSDT,21,7,10,distance,1,0.2954318620445279
BTCUSDT,21,7,10,distance,2,0.2932216180821761
BTCUSDT,21,7,20,uniform,1,0.28498076641319053
BTCUSDT,21,7,20,uniform,2,0.2857985091447669
BTCUSDT,21,7,20,distance,1,0.28468008765541836
BTCUSDT,21,7,20,distance,2,0.2849769115225908
BTCUSDT,21,7,40,uniform,1,0.28299619043932367
BTCUSDT,21,7,40,uniform,2,0.2854569901588521
BTCUSDT,21,7,40,distance,1,0.2822744514431128
BTCUSDT,21,7,40,distance,2,0.2842876659650685
BTCUSDT,21,7,80,uniform,1,0.292623290940696
BTCUSDT,21,7,80,uniform,2,0.29069383123546894
BTCUSDT,21,7,80,distance,1,0.2908535337951977
BTCUSDT,21,7,80,distance,2,0.2889272820808438
BTCUSDT,21,14,3,uniform,1,0.37259509648662315
BTCUSDT,21,14,3,uniform,2,0.3314714353913063
BTCUSDT,21,14,3,distance,1,0.37282363832384297
BTCUSDT,21,14,3,distance,2,0.33067356984057644
BTCUSDT,21,14,5,uniform,1,0.3234525681205353
BTCUSDT,21,14,5,uniform,2,0.30292033346191555
BTCUSDT,21,14,5,distance,1,0.323728659625739
BTCUSDT,21,14,5,distance,2,0.30222288875648295
BTCUSDT,21,14,10,uniform,1,0.2977314264491673
BTCUSDT,21,14,10,uniform,2,0.28508239629213217
BTCUSDT,21,14,10,distance,1,0.2975218872528282
BTCUSDT,21,14,10,distance,2,0.2844241369562371
BTCUSDT,21,14,20,uniform,1,0.2806542300120346
BTCUSDT,21,14,20,uniform,2,0.2815965728944428
BTCUSDT,21,14,20,distance,1,0.2802318280586272
BTCUSDT,21,14,20,distance,2,0.28072835428245396
BTCUSDT,21,14,40,uniform,1,0.28366456706778836
BTCUSDT,21,14,40,uniform,2,0.28109112982758394
BTCUSDT,21,14,40,distance,1,0.28247122199116376
BTCUSDT,21,14,40,distance,2,0.28009668881270483
BTCUSDT,21,14,80,uniform,1,0.29340181796905
BTCUSDT,21,14,80,uniform,2,0.29409401554315634
BTCUSDT,21,14,80,distance,1,0.29138084999689007
BTCUSDT,21,14,80,distance,2,0.2919095226219149
BTCUSDT,21,21,3,uniform,1,0.3574746999626308
BTCUSDT,21,21,3,uniform,2,0.3553006975739414
BTCUSDT,21,21,3,distance,1,0.3569164068783962
BTCUSDT,21,21,3,distance,2,0.3550136360929069
BTCUSDT,21,21,5,uniform,1,0.3390202108407979
BTCUSDT,21,21,5,uniform,2,0.32994882317585794
BTCUSDT,21,21,5,distance,1,0.3383911484541785
BTCUSDT,21,21,5,distance,2,0.32973355585740766
BTCUSDT,21,21,10,uniform,1,0.30812099702175544
BTCUSDT,21,21,10,uniform,2,0.30811841135690565
BTCUSDT,21,21,10,distance,1,0.30780984725122096
BTCUSDT,21,21,10,distance,2,0.30789294638877346
BTCUSDT,21,21,20,uniform,1,0.29090076880240356
BTCUSDT,21,21,20,uniform,2,0.295072739542245
BTCUSDT,21,21,20,distance,1,0.2909320291831308
BTCUSDT,21,21,20,distance,2,0.29500030507386515
BTCUSDT,21,21,40,uniform,1,0.2917456851932495
BTCUSDT,21,21,40,uniform,2,0.2960920920009352
BTCUSDT,21,21,40,distance,1,0.2911316758348823
BTCUSDT,21,21,40,distance,2,0.2954395220690527
BTCUSDT,21,21,80,uniform,1,0.3036064905840447
BTCUSDT,21,21,80,uniform,2,0.3097093980763619
BTCUSDT,21,21,80,distance,1,0.30197502044643665
BTCUSDT,21,21,80,distance,2,0.3081066387764606
BTCUSDT,21,28,3,uniform,1,0.3495604227859828
BTCUSDT,21,28,3,uniform,2,0.34806056948636904
BTCUSDT,21,28,3,distance,1,0.3496495548360969
BTCUSDT,21,28,3,distance,2,0.34813956626577414
BTCUSDT,21,28,5,uniform,1,0.3293008567082533
BTCUSDT,21,28,5,uniform,2,0.3235718611351857
BTCUSDT,21,28,5,distance,1,0.32921301637901673
BTCUSDT,21,28,5,distance,2,0.32365390667292976
BTCUSDT,21,28,10,uniform,1,0.31131033617093584
BTCUSDT,21,28,10,uniform,2,0.3090032131675832
BTCUSDT,21,28,10,distance,1,0.3114154414477656
BTCUSDT,21,28,10,distance,2,0.30901703737406366
BTCUSDT,21,28,20,uniform,1,0.3045273100105442
BTCUSDT,21,28,20,uniform,2,0.30148988903902924
BTCUSDT,21,28,20,distance,1,0.3044238340842241
BTCUSDT,21,28,20,distance,2,0.3013059478325757
BTCUSDT,21,28,40,uniform,1,0.30178866492847456
BTCUSDT,21,28,40,uniform,2,0.302024358429018
BTCUSDT,21,28,40,distance,1,0.3014456258502068
BTCUSDT,21,28,40,distance,2,0.30154508030086513
BTCUSDT,21,28,80,uniform,1,0.3099919275016337
BTCUSDT,21,28,80,uniform,2,0.31218112417740745
BTCUSDT,21,28,80,distance,1,0.30892985499075304
BTCUSDT,21,28,80,distance,2,0.3110990440434576
BTCUSDT,28,7,3,uniform,1,0.27478628190663607
BTCUSDT,28,7,3,uniform,2,0.25453716599774195
BTCUSDT,28,7,3,distance,1,0.2729659860752282
BTCUSDT,28,7,3,distance,2,0.2540058318433514
BTCUSDT,28,7,5,uniform,1,0.24856006488542146
BTCUSDT,28,7,5,uniform,2,0.24484766067471136
BTCUSDT,28,7,5,distance,1,0.24799268483301967
BTCUSDT,28,7,5,distance,2,0.24374970072340754
BTCUSDT,28,7,10,uniform,1,0.23696781814835674
BTCUSDT,28,7,10,uniform,2,0.23647965283689829
BTCUSDT,28,7,10,distance,1,0.23655240848642403
BTCUSDT,28,7,10,distance,2,0.23544533447552804
BTCUSDT,28,7,20,uniform,1,0.2383497822702821
BTCUSDT,28,7,20,uniform,2,0.2342325097972786
BTCUSDT,28,7,20,distance,1,0.23725160286575173
BTCUSDT,28,7,20,distance,2,0.23323536085183885
BTCUSDT,28,7,40,uniform,1,0.24355590237337124
BTCUSDT,28,7,40,uniform,2,0.241808130799611
BTCUSDT,28,7,40,distance,1,0.24216774896698282
BTCUSDT,28,7,40,distance,2,0.24010424075257067
BTCUSDT,28,7,80,uniform,1,0.25180744001047145
BTCUSDT,28,7,80,uniform,2,0.24998106546828827
BTCUSDT,28,7,80,distance,1,0.24983907089042448
BTCUSDT,28,7,80,distance,2,0.2479201345305666
BTCUSDT,28,14,3,uniform,1,0.27779527255218905
BTCUSDT,28,14,3,uniform,2,0.2690147511949631
BTCUSDT,28,14,3,distance,1,0.2765885055413197
BTCUSDT,28,14,3,distance,2,0.268156592740944
BTCUSDT,28,14,5,uniform,1,0.26526866672891464
BTCUSDT,28,14,5,uniform,2,0.2607026181585572
BTCUSDT,28,14,5,distance,1,0.2643036155328078
BTCUSDT,28,14,5,distance,2,0.2594714046644291
BTCUSDT,28,14,10,uniform,1,0.25050794736270315
BTCUSDT,28,14,10,uniform,2,0.24778583174626115
BTCUSDT,28,14,10,distance,1,0.24991355548056945
BTCUSDT,28,14,10,distance,2,0.2471151175290414
BTCUSDT,28,14,20,uniform,1,0.24690732806108867
BTCUSDT,28,14,20,uniform,2,0.24504722373481572
BTCUSDT,28,14,20,distance,1,0.24623375190292007
BTCUSDT,28,14,20,distance,2,0.2442910538658775
BTCUSDT,28,14,40,uniform,1,0.24857327231449022
BTCUSDT,28,14,40,uniform,2,0.2482713289830131
BTCUSDT,28,14,40,distance,1,0.2477579767353252
BTCUSDT,28,14,40,distance,2,0.247381365002639
BTCUSDT,28,14,80,uniform,1,0.25347259710721814
BTCUSDT,28,14,80,uniform,2,0.25325391512051043
BTCUSDT,28,14,80,distance,1,0.252536614044215
BTCUSDT,28,14,80,distance,2,0.2522372164089518
BTCUSDT,28,21,3,uniform,1,0.2847164484619922
BTCUSDT,28,21,3,uniform,2,0.2838409477355186
BTCUSDT,28,21,3,distance,1,0.284892210914759
BTCUSDT,28,21,3,distance,2,0.2835099662372239
BTCUSDT,28,21,5,uniform,1,0.26499600471273255
BTCUSDT,28,21,5,uniform,2,0.26896561507369593
BTCUSDT,28,21,5,distance,1,0.2647670592132375
BTCUSDT,28,21,5,distance,2,0.26830287027898164
BTCUSDT,28,21,10,uniform,1,0.24979826140278613
BTCUSDT,28,21,10,uniform,2,0.25467398794782536
BTCUSDT,28,21,10,distance,1,0.24955914649856453
BTCUSDT,28,21,10,distance,2,0.25420541973513994
BTCUSDT,28,21,20,uniform,1,0.24838953478940468
BTCUSDT,28,21,20,uniform,2,0.249736870127011
BTCUSDT,28,21,20,distance,1,0.24798303677982658
BTCUSDT,28,21,20,distance,2,0.24932040463325927
BTCUSDT,28,21,40,uniform,1,0.2506747039594924
BTCUSDT,28,21,40,uniform,2,0.25123815779094666
BTCUSDT,28,21,40,distance,1,0.24999122682321268
BTCUSDT,28,21,40,distance,2,0.2505637121223022
BTCUSDT,28,21,80,uniform,1,0.25443750859676967
BTCUSDT,28,21,80,uniform,2,0.2585043764970774
BTCUSDT,28,21,80,distance,1,0.2535902660684617
BTCUSDT,28,21,80,distance,2,0.25747832762507655
BTCUSDT,28,28,3,uniform,1,0.26884060030103313
BTCUSDT,28,28,3,uniform,2,0.26851699514952376
BTCUSDT,28,28,3,distance,1,0.2683344590892546
BTCUSDT,28,28,3,distance,2,0.26827677683345347
BTCUSDT,28,28,5,uniform,1,0.2510485133384098
BTCUSDT,28,28,5,uniform,2,0.25171740564626216
BTCUSDT,28,28,5,distance,1,0.2507974008029566
BTCUSDT,28,28,5,distance,2,0.2515504551743657
BTCUSDT,28,28,10,uniform,1,0.24748238113728646
BTCUSDT,28,28,10,uniform,2,0.24756686189762814
BTCUSDT,28,28,10,distance,1,0.24690478199122953
BTCUSDT,28,28,10,distance,2,0.24705306227582083
BTCUSDT,28,28,20,uniform,1,0.2467194293095763
BTCUSDT,28,28,20,uniform,2,0.2466946367956023
BTCUSDT,28,28,20,distance,1,0.24619764377458228
BTCUSDT,28,28,20,distance,2,0.2460671270592396
BTCUSDT,28,28,40,uniform,1,0.25024322138760985
BTCUSDT,28,28,40,uniform,2,0.2527809357337447
BTCUSDT,28,28,40,distance,1,0.2495704518496223
BTCUSDT,28,28,40,distance,2,0.2519518761007579
BTCUSDT,28,28,80,uniform,1,0.2582881019740763
BTCUSDT,28,28,80,uniform,2,0.2604207420054355
BTCUSDT,28,28,80,distance,1,0.25732671136112556
BTCUSDT,28,28,80,distance,2,0.25944932388425496
ETHUSDT,7,7,3,uniform,1,1.1467001571922515
ETHUSDT,7,7,3,uniform,2,1.2288942653828983
ETHUSDT,7,7,3,distance,1,1.1383810000339474
ETHUSDT,7,7,3,distance,2,1.2224702007761556
ETHUSDT,7,7,5,uniform,1,1.0726881458469089
ETHUSDT,7,7,5,uniform,2,1.1611242281186573
ETHUSDT,7,7,5,distance,1,1.0687392331644512
ETHUSDT,7,7,5,distance,2,1.153910850160093
ETHUSDT,7,7,10,uniform,1,1.0310456520944868
ETHUSDT,7,7,10,uniform,2,1.0764923830692186
ETHUSDT,7,7,10,distance,1,1.026085023463332
ETHUSDT,7,7,10,distance,2,1.0726109697247044
ETHUSDT,7,7,20,uniform,1,1.0116019860093486
ETHUSDT,7,7,20,uniform,2,1.0521187914762338
ETHUSDT,7,7,20,distance,1,1.0073301339696117
ETHUSDT,7,7,20,distance,2,1.045389615059224
ETHUSDT,7,7,40,uniform,1,1.0421510153521736
ETHUSDT,7,7,40,uniform,2,1.0842968545713423
ETHUSDT,7,7,40,distance,1,1.0334766601990881
ETHUSDT,7,7,40,distance,2,1.0715476811002584
ETHUSDT,7,7,80,uniform,1,1.058746312641026
ETHUSDT,7,7,80,uniform,2,1.1019828851825708
ETHUSDT,7,7,80,distance,1,1.049855584799427
ETHUSDT,7,7,80,distance,2,1.0907299775952484
ETHUSDT,7,14,3,uniform,1,1.0286322585388803
ETHUSDT,7,14,3,uniform,2,1.168292013651397
ETHUSDT,7,14,3,distance,1,1.0248353346946677
ETHUSDT,7,14,3,distance,2,1.1706800260482564
ETHUSDT,7,14,5,uniform,1,0.9802156424005428
ETHUSDT,7,14,5,uniform,2,1.0869146571648234
ETHUSDT,7,14,5,distance,1,0.9762347646681203
ETHUSDT,7,14,5,distance,2,1.0857408233456771
ETHUSDT,7,14,10,uniform,1,0.9678408744639636
ETHUSDT,7,14,10,uniform,2,1.005713246031585
ETHUSDT,7,14,10,distance,1,0.9635942004746016
ETHUSDT,7,14,10,distance,2,1.0049798928771871
ETHUSDT,7,14,20,uniform,1,0.9737120749245768
ETHUSDT,7,14,20,uniform,2,0.9953654981326243
ETHUSDT,7,14,20,distance,1,0.9690547390116251
ETHUSDT,7,14,20,distance,2,0.9928457184537864
ETHUSDT,7,14,40,uniform,1,0.9646715896617343
ETHUSDT,7,14,40,uniform,2,0.9975642687372488
ETHUSDT,7,14,40,distance,1,0.960852625596725
ETHUSDT,7,14,40,distance,2,0.993534362815594
ETHUSDT,7,14,80,uniform,1,0.9900823311519893
ETHUSDT,7,14,80,uniform,2,1.0204190686577974
ETHUSDT,7,14,80,distance,1,0.9838716891004715
ETHUSDT,7,14,80,distance,2,1.0140321637832337
ETHUSDT,7,21,3,uniform,1,1.0338461560030243
ETHUSDT,7,21,3,uniform,2,1.1027147687494572
ETHUSDT,7,21,3,distance,1,1.036535179415652
ETHUSDT,7,21,3,distance,2,1.1034077977488916
ETHUSDT,7,21,5,uniform,1,0.9920602247001159
ETHUSDT,7,21,5,uniform,2,1.0291959526554968
ETHUSDT,7,21,5,distance,1,0.9932273875149858
ETHUSDT,7,21,5,distance,2,1.029601575523991
ETHUSDT,7,21,10,uniform,1,0.9712106195502584
ETHUSDT,7,21,10,uniform,2,0.979506006693106
ETHUSDT,7,21,10,distance,1,0.9698592142157898
ETHUSDT,7,21,10,distance,2,0.9799239974234722
ETHUSDT,7,21,20,uniform,1,0.951042897300038
ETHUSDT,7,21,20,uniform,2,0.9791607752822811
ETHUSDT,7,21,20,distance,1,0.9496200864428183
ETHUSDT,7,21,20,distance,2,0.9769041493458186
ETHUSDT,7,21,40,uniform,1,0.9562487809824515
ETHUSDT,7,21,40,uniform,2,0.9841414684082848
ETHUSDT,7,21,40,distance,1,0.9535656510316145
ETHUSDT,7,21,40,distance,2,0.9808441664742503
ETHUSDT,7,21,80,uniform,1,0.9791911855126525
ETHUSDT,7,21,80,uniform,2,1.0038755671470734
ETHUSDT,7,21,80,distance,1,0.9746537137997378
ETHUSDT,7,21,80,distance,2,0.9989007886023703
ETHUSDT,7,28,3,uniform,1,1.1000828853855267
ETHUSDT,7,28,3,uniform,2,1.0865914503656198
ETHUSDT,7,28,3,distance,1,1.102718239479328
ETHUSDT,7,28,3,distance,2,1.0882946527092225
ETHUSDT,7,28,5,uniform,1,1.0567891792658148
ETHUSDT,7,28,5,uniform,2,1.0309106077868833
ETHUSDT,7,28,5,distance,1,1.0577695630341408
ETHUSDT,7,28,5,distance,2,1.0310128906967526
ETHUSDT,7,28,10,uniform,1,0.9861317882090983
ETHUSDT,7,28,10,uniform,2,0.9955901822359741
ETHUSDT,7,28,10,distance,1,0.9870291170157801
ETHUSDT,7,28,10,distance,2,0.9936330905130755
ETHUSDT,7,28,20,uniform,1,0.9679109143074707
ETHUSDT,7,28,20,uniform,2,0.9791128705045246
ETHUSDT,7,28,20,distance,1,0.9674526289340372
ETHUSDT,7,28,20,distance,2,0.976868093643912
ETHUSDT,7,28,40,uniform,1,0.9628723416153026
ETHUSDT,7,28,40,uniform,2,0.9818649561529019
ETHUSDT,7,28,40,distance,1,0.9617064027929766
ETHUSDT,7,28,40,distance,2,0.9787963294054187
ETHUSDT,7,28,80,uniform,1,0.9848039280967349
ETHUSDT,7,28,80,uniform,2,0.9954220747071316
ETHUSDT,7,28,80,distance,1,0.9809227805955573
ETHUSDT,7,28,80,distance,2,0.9912161174596792
ETHUSDT,14,7,3,uniform,1,0.6662552119970725
ETHUSDT,14,7,3,uniform,2,0.6610464292900176
ETHUSDT,14,7,3,distance,1,0.6652849814586089
ETHUSDT,14,7,3,distance,2,0.656603574869332
ETHUSDT,14,7,5,uniform,1,0.612126535428614
ETHUSDT,14,7,5,uniform,2,0.63125174824981
ETHUSDT,14,7,5,distance,1,0.6118402722230688
ETHUSDT,14,7,5,distance,2,0.6274298904782534
ETHUSDT,14,7,10,uniform,1,0.593501930433081
ETHUSDT,14,7,10,uniform,2,0.600245873104848
ETHUSDT,14,7,10,distance,1,0.5920287298514726
ETHUSDT,14,7,10,distance,2,0.5963818909941478
ETHUSDT,14,7,20,uniform,1,0.5946025391440308
ETHUSDT,14,7,20,uniform,2,0.5974654904448103
ETHUSDT,14,7,20,distance,1,0.5914514771980681
ETHUSDT,14,7,20,distance,2,0.5938252836235104
ETHUSDT,14,7,40,uniform,1,0.6043807172960945
ETHUSDT,14,7,40,uniform,2,0.6025855005819941
ETHUSDT,14,7,40,distance,1,0.5996063684202367
ETHUSDT,14,7,40,distance,2,0.5978341271116783
ETHUSDT,14,7,80,uniform,1,0.6183920773698998
ETHUSDT,14,7,80,uniform,2,0.6213681666051899
ETHUSDT,14,7,80,distance,1,0.6123856474269376
ETHUSDT,14,7,80,distance,2,0.6148595090019092
ETHUSDT,14,14,3,uniform,1,0.6100422825391375
ETHUSDT,14,14,3,uniform,2,0.6759321969747597
ETHUSDT,14,14,3,distance,1,0.6087935994014517
ETHUSDT,14,14,3,distance,2,0.6728288749245733
ETHUSDT,14,14,5,uniform,1,0.5955534374872311
ETHUSDT,14,14,5,uniform,2,0.6313921518704586
ETHUSDT,14,14,5,distance,1,0.5933614367507867
ETHUSDT,14,14,5,distance,2,0.6293144047621498
ETHUSDT,14,14,10,uniform,1,0.5918032209186194
ETHUSDT,14,14,10,uniform,2,0.6009745351168644
ETHUSDT,14,14,10,distance,1,0.5886813745297447
ETHUSDT,14,14,10,distance,2,0.5990603832223501
ETHUSDT,14,14,20,uniform,1,0.5876344594837819
ETHUSDT,14,14,20,uniform,2,0.6016105749795957
ETHUSDT,14,14,20,distance,1,0.5846329697325073
ETHUSDT,14,14,20,distance,2,0.5974786635448196
ETHUSDT,14,14,40,uniform,1,0.6025993777064291
ETHUSDT,14,14,40,uniform,2,0.6220145105051008
ETHUSDT,14,14,40,distance,1,0.5986569681247846
ETHUSDT,14,14,40,distance,2,0.616705775366204
ETHUSDT,14,14,80,uniform,1,0.6270802528432062
ETHUSDT,14,14,80,uniform,2,0.6438950344291017
ETHUSDT,14,14,80,distance,1,0.6222474917944233
ETHUSDT,14,14,80,distance,2,0.6383781048242597
ETHUSDT,14,21,3,uniform,1,0.6509699383772851
ETHUSDT,14,21,3,uniform,2,0.6446218663795236
ETHUSDT,14,21,3,distance,1,0.6534225648808825
ETHUSDT,14,21,3,distance,2,0.6470445523624024
ETHUSDT,14,21,5,uniform,1,0.61363619138253
ETHUSDT,14,21,5,uniform,2,0.6175844421596202
ETHUSDT,14,21,5,distance,1,0.6144696935471775
ETHUSDT,14,21,5,distance,2,0.6174512501051678
ETHUSDT,14,21,10,uniform,1,0.5889936950259461
ETHUSDT,14,21,10,uniform,2,0.5947322932312018
ETHUSDT,14,21,10,distance,1,0.5882803198162436
ETHUSDT,14,21,10,distance,2,0.5928993181909095
ETHUSDT,14,21,20,uniform,1,0.5900373729433083
ETHUSDT,14,21,20,uniform,2,0.5997007154098031
ETHUSDT,14,21,20,distance,1,0.5882294594736209
ETHUSDT,14,21,20,distance,2,0.5965427759310703
ETHUSDT,14,21,40,uniform,1,0.6048728256702584
ETHUSDT,14,21,40,uniform,2,0.6096558973127743
ETHUSDT,14,21,40,distance,1,0.6021276330592545
ETHUSDT,14,21,40,distance,2,0.6061709053182985
ETHUSDT,14,21,80,uniform,1,0.6269381477831187
ETHUSDT,14,21,80,uniform,2,0.6352235631931554
ETHUSDT,14,21,80,distance,1,0.6229849987294068
ETHUSDT,14,21,80,distance,2,0.6312217707585897
ETHUSDT,14,28,3,uniform,1,0.6890543473174348
ETHUSDT,14,28,3,uniform,2,0.6929498665064774
ETHUSDT,14,28,3,distance,1,0.692461719503587
ETHUSDT,14,28,3,distance,2,0.6943613394708338
ETHUSDT,14,28,5,uniform,1,0.6501371316508068
ETHUSDT,14,28,5,uniform,2,0.6539475854014103
ETHUSDT,14,28,5,distance,1,0.652303283607559
ETHUSDT,14,28,5,distance,2,0.6540114358393572
ETHUSDT,14,28,10,uniform,1,0.6257869729527162
ETHUSDT,14,28,10,uniform,2,0.6045707133075814
ETHUSDT,14,28,10,distance,1,0.6260330687339449
ETHUSDT,14,28,10,distance,2,0.6042891369061666
ETHUSDT,14,28,20,uniform,1,0.6121410358059778
ETHUSDT,14,28,20,uniform,2,0.6031848511322121
ETHUSDT,14,28,20,distance,1,0.6116466352764016
ETHUSDT,14,28,20,distance,2,0.6015726496009522
ETHUSDT,14,28,40,uniform,1,0.614089339539153
ETHUSDT,14,28,40,uniform,2,0.6163077350645579
ETHUSDT,14,28,40,distance,1,0.6127481743057791
ETHUSDT,14,28,40,distance,2,0.6138842429198862
ETHUSDT,14,28,80,uniform,1,0.6347555798944423
ETHUSDT,14,28,80,uniform,2,0.6322177308214718
ETHUSDT,14,28,80,distance,1,0.6320805188042741
ETHUSDT,14,28,80,distance,2,0.6292784974569684
ETHUSDT,21,7,3,uniform,1,0.4770086313960949
ETHUSDT,21,7,3,uniform,2,0.47966065187775725
ETHUSDT,21,7,3,distance,1,0.4775788043441814
ETHUSDT,21,7,3,distance,2,0.47852765472627706
ETHUSDT,21,7,5,uniform,1,0.4420696962066623
ETHUSDT,21,7,5,uniform,2,0.4535709610305495
ETHUSDT,21,7,5,distance,1,0.4418941489962786
ETHUSDT,21,7,5,distance,2,0.4514383490866895
ETHUSDT,21,7,10,uniform,1,0.42110390854989105
ETHUSDT,21,7,10,uniform,2,0.43551781851097454
ETHUSDT,21,7,10,distance,1,0.4198724008363846
ETHUSDT,21,7,10,distance,2,0.4337035884261469
ETHUSDT,21,7,20,uniform,1,0.4277608659634246
ETHUSDT,21,7,20,uniform,2,0.4221543825057621
ETHUSDT,21,7,20,distance,1,0.4245520714316115
ETHUSDT,21,7,20,distance,2,0.41989309056123564
ETHUSDT,21,7,40,uniform,1,0.4307438949245908
ETHUSDT,21,7,40,uniform,2,0.42990376107019024
ETHUSDT,21,7,40,distance,1,0.42672388847916903
ETHUSDT,21,7,40,distance,2,0.4261741109455287
ETHUSDT,21,7,80,uniform,1,0.440624570566876
ETHUSDT,21,7,80,uniform,2,0.4435038620063146
ETHUSDT,21,7,80,distance,1,0.43602634362846027
ETHUSDT,21,7,80,distance,2,0.43924050609466164
ETHUSDT,21,14,3,uniform,1,0.4701917485576228
ETHUSDT,21,14,3,uniform,2,0.46041842146490647
ETHUSDT,21,14,3,distance,1,0.469724492269759
ETHUSDT,21,14,3,distance,2,0.4602766620625248
ETHUSDT,21,14,5,uniform,1,0.4297559817001287
ETHUSDT,21,14,5,uniform,2,0.4360960753193413
ETHUSDT,21,14,5,distance,1,0.4295021429883737
ETHUSDT,21,14,5,distance,2,0.4351033269355465
ETHUSDT,21,14,10,uniform,1,0.41284088692614246
ETHUSDT,21,14,10,uniform,2,0.4133934078324063
ETHUSDT,21,14,10,distance,1,0.4120144842541942
ETHUSDT,21,14,10,distance,2,0.41225572714978514
ETHUSDT,21,14,20,uniform,1,0.4059863717664239
ETHUSDT,21,14,20,uniform,2,0.41018297466861675
ETHUSDT,21,14,20,distance,1,0.4043487318703752
ETHUSDT,21,14,20,distance,2,0.40819672805895413
ETHUSDT,21,14,40,uniform,1,0.41541720410894006
ETHUSDT,21,14,40,uniform,2,0.417663067209373
ETHUSDT,21,14,40,distance,1,0.4126395732073285
ETHUSDT,21,14,40,distance,2,0.41469253878415746
ETHUSDT,21,14,80,uniform,1,0.43279629338860165
ETHUSDT,21,14,80,uniform,2,0.4370463793947494
ETHUSDT,21,14,80,distance,1,0.42889348555274065
ETHUSDT,21,14,80,distance,2,0.4330777221155599
ETHUSDT,21,21,3,uniform,1,0.47084808899510905
ETHUSDT,21,21,3,uniform,2,0.4700672977463327
ETHUSDT,21,21,3,distance,1,0.47316089004898554
ETHUSDT,21,21,3,distance,2,0.4727453163537456
ETHUSDT,21,21,5,uniform,1,0.4480718651023479
ETHUSDT,21,21,5,uniform,2,0.4534887408901048
ETHUSDT,21,21,5,distance,1,0.4493071877289111
ETHUSDT,21,21,5,distance,2,0.4532575368715304
ETHUSDT,21,21,10,uniform,1,0.42234904404232454
ETHUSDT,21,21,10,uniform,2,0.4429631056924862
ETHUSDT,21,21,10,distance,1,0.4220016549816682
ETHUSDT,21,21,10,distance,2,0.44033841617306074
ETHUSDT,21,21,20,uniform,1,0.41764863389843904
ETHUSDT,21,21,20,uniform,2,0.4266777817299721
ETHUSDT,21,21,20,distance,1,0.41644890593952927
ETHUSDT,21,21,20,distance,2,0.424344280398722
ETHUSDT,21,21,40,uniform,1,0.4248734984053005
ETHUSDT,21,21,40,uniform,2,0.4399951123123565
ETHUSDT,21,21,40,distance,1,0.4229936967121484
ETHUSDT,21,21,40,distance,2,0.43696800714611633
ETHUSDT,21,21,80,uniform,1,0.4379227839749768
ETHUSDT,21,21,80,uniform,2,0.4495332342725746
ETHUSDT,21,21,80,distance,1,0.43565870677797935
ETHUSDT,21,21,80,distance,2,0.446993289230798
ETHUSDT,21,28,3,uniform,1,0.5210338897247749
ETHUSDT,21,28,3,uniform,2,0.4838669991900573
ETHUSDT,21,28,3,distance,1,0.5223659858509219
ETHUSDT,21,28,3,distance,2,0.4857003245992196
ETHUSDT,21,28,5,uniform,1,0.4669765998752264
ETHUSDT,21,28,5,uniform,2,0.46263522342525043
ETHUSDT,21,28,5,distance,1,0.46815422073070473
ETHUSDT,21,28,5,distance,2,0.46195937403819926
ETHUSDT,21,28,10,uniform,1,0.43629537336220087
ETHUSDT,21,28,10,uniform,2,0.44145193882343875
ETHUSDT,21,28,10,distance,1,0.4363958656923034
ETHUSDT,21,28,10,distance,2,0.44054007887704605
ETHUSDT,21,28,20,uniform,1,0.4268448588404699
ETHUSDT,21,28,20,uniform,2,0.4339404346508941
ETHUSDT,21,28,20,distance,1,0.42626925540362787
ETHUSDT,21,28,20,distance,2,0.4324062082003737
ETHUSDT,21,28,40,uniform,1,0.43157316977824134
ETHUSDT,21,28,40,uniform,2,0.43605671526197876
ETHUSDT,21,28,40,distance,1,0.4304349942122959
ETHUSDT,21,28,40,distance,2,0.4344929843855971
ETHUSDT,21,28,80,uniform,1,0.44536245379840533
ETHUSDT,21,28,80,uniform,2,0.44947435666545027
ETHUSDT,21,28,80,distance,1,0.4436635217896706
ETHUSDT,21,28,80,distance,2,0.44767357752351683
ETHUSDT,28,7,3,uniform,1,0.423073724718278
ETHUSDT,28,7,3,uniform,2,0.41547789331511237
ETHUSDT,28,7,3,distance,1,0.422961444906549
ETHUSDT,28,7,3,distance,2,0.41384325278173273
ETHUSDT,28,7,5,uniform,1,0.4048080002896563
ETHUSDT,28,7,5,uniform,2,0.3820975967574006
ETHUSDT,28,7,5,distance,1,0.4036029582588934
ETHUSDT,28,7,5,distance,2,0.38055864493124403
ETHUSDT,28,7,10,uniform,1,0.3691200415494769
ETHUSDT,28,7,10,uniform,2,0.3600872950538571
ETHUSDT,28,7,10,distance,1,0.36898876143882114
ETHUSDT,28,7,10,distance,2,0.3588282895145551
ETHUSDT,28,7,20,uniform,1,0.36047572524600696
ETHUSDT,28,7,20,uniform,2,0.3544301203652997
ETHUSDT,28,7,20,distance,1,0.359513164629342
ETHUSDT,28,7,20,distance,2,0.35252431370549114
ETHUSDT,28,7,40,uniform,1,0.3608943492606828
ETHUSDT,28,7,40,uniform,2,0.35597243586754435
ETHUSDT,28,7,40,distance,1,0.3594391222362773
ETHUSDT,28,7,40,distance,2,0.35352737103713644
ETHUSDT,28,7,80,uniform,1,0.37096679686763095
ETHUSDT,28,7,80,uniform,2,0.36902862480451304
ETHUSDT,28,7,80,distance,1,0.368703103557873
ETHUSDT,28,7,80,distance,2,0.36585445605807926
ETHUSDT,28,14,3,uniform,1,0.37638303903337217
ETHUSDT,28,14,3,uniform,2,0.38214234114803525
ETHUSDT,28,14,3,distance,1,0.3763080471607401
ETHUSDT,28,14,3,distance,2,0.3802249124520488
ETHUSDT,28,14,5,uniform,1,0.3442811561841464
ETHUSDT,28,14,5,uniform,2,0.36327615797002183
ETHUSDT,28,14,5,distance,1,0.3444356723041099
ETHUSDT,28,14,5,distance,2,0.3616894703508871
ETHUSDT,28,14,10,uniform,1,0.33655010886458864
ETHUSDT,28,14,10,uniform,2,0.3408452048851623
ETHUSDT,28,14,10,distance,1,0.3353197462837146
ETHUSDT,28,14,10,distance,2,0.3395332975448242
ETHUSDT,28,14,20,uniform,1,0.33977022864710876
ETHUSDT,28,14,20,uniform,2,0.33699815859184745
ETHUSDT,28,14,20,distance,1,0.33762627191259764
ETHUSDT,28,14,20,distance,2,0.3351808357900256
ETHUSDT,28,14,40,uniform,1,0.3481598614727721
ETHUSDT,28,14,40,uniform,2,0.34803989259164003
ETHUSDT,28,14,40,distance,1,0.34558427218263316
ETHUSDT,28,14,40,distance,2,0.34533084576568335
ETHUSDT,28,14,80,uniform,1,0.35949215644119736
ETHUSDT,28,14,80,uniform,2,0.3590562094766291
ETHUSDT,28,14,80,distance,1,0.3567244790957775
ETHUSDT,28,14,80,distance,2,0.3563194849961581
ETHUSDT,28,21,3,uniform,1,0.3721487287690569
ETHUSDT,28,21,3,uniform,2,0.3550114357799797
ETHUSDT,28,21,3,distance,1,0.3708960061178218
ETHUSDT,28,21,3,distance,2,0.35418257720307494
ETHUSDT,28,21,5,uniform,1,0.3490138819652756
ETHUSDT,28,21,5,uniform,2,0.34600503859973303
ETHUSDT,28,21,5,distance,1,0.34813534578361327
ETHUSDT,28,21,5,distance,2,0.34385643872049065
ETHUSDT,28,21,10,uniform,1,0.3308649996854414
ETHUSDT,28,21,10,uniform,2,0.34339621118064817
ETHUSDT,28,21,10,distance,1,0.3300301232936564
ETHUSDT,28,21,10,distance,2,0.34141254621685185
ETHUSDT,28,21,20,uniform,1,0.33767341390645195
ETHUSDT,28,21,20,uniform,2,0.3388067676274265
ETHUSDT,28,21,20,distance,1,0.3360064004023983
ETHUSDT,28,21,20,distance,2,0.3370729385946455
ETHUSDT,28,21,40,uniform,1,0.3461736151477182
ETHUSDT,28,21,40,uniform,2,0.34988303297783224
ETHUSDT,28,21,40,distance,1,0.3441509583237525
ETHUSDT,28,21,40,distance,2,0.3475668257419525
ETHUSDT,28,21,80,uniform,1,0.361149080754771
ETHUSDT,28,21,80,uniform,2,0.3627632565267443
ETHUSDT,28,21,80,distance,1,0.35879644312774
ETHUSDT,28,21,80,distance,2,0.3603482451805448
ETHUSDT,28,28,3,uniform,1,0.3708443319687011
ETHUSDT,28,28,3,uniform,2,0.3736890752002823
ETHUSDT,28,28,3,distance,1,0.37220779841511814
ETHUSDT,28,28,3,distance,2,0.374441828760357
ETHUSDT,28,28,5,uniform,1,0.35668961014867023
ETHUSDT,28,28,5,uniform,2,0.35665366404206594
ETHUSDT,28,28,5,distance,1,0.3569458979068739
ETHUSDT,28,28,5,distance,2,0.355876296408311
ETHUSDT,28,28,10,uniform,1,0.3473891215532207
ETHUSDT,28,28,10,uniform,2,0.3506192813830181
ETHUSDT,28,28,10,distance,1,0.3467665843706639
ETHUSDT,28,28,10,distance,2,0.34899290980176917
ETHUSDT,28,28,20,uniform,1,0.35013192352418615
ETHUSDT,28,28,20,uniform,2,0.35353219170623074
ETHUSDT,28,28,20,distance,1,0.3490000169074215
ETHUSDT,28,28,20,distance,2,0.3513580837723232
ETHUSDT,28,28,40,uniform,1,0.35485792641555847
ETHUSDT,28,28,40,uniform,2,0.36069892495862377
ETHUSDT,28,28,40,distance,1,0.3536402242796845
ETHUSDT,28,28,40,distance,2,0.35870743678433925
ETHUSDT,28,28,80,uniform,1,0.36338782970283845
ETHUSDT,28,28,80,uniform,2,0.37142165210679723
ETHUSDT,28,28,80,distance,1,0.3620975286904029
ETHUSDT,28,28,80,distance,2,0.3696377060276493
BNBUSDT,7,7,3,uniform,1,1.1308900384584917
BNBUSDT,7,7,3,uniform,2,1.127258329582378
BNBUSDT,7,7,3,distance,1,1.1254632831345064
BNBUSDT,7,7,3,distance,2,1.1117748964572498
BNBUSDT,7,7,5,uniform,1,0.9926561345410961
BNBUSDT,7,7,5,uniform,2,1.0310534616268179
BNBUSDT,7,7,5,distance,1,0.9932356245465327
BNBUSDT,7,7,5,distance,2,1.0058064977372552
BNBUSDT,7,7,10,uniform,1,0.9213543364682409
BNBUSDT,7,7,10,uniform,2,0.92305761391786
BNBUSDT,7,7,10,distance,1,0.9158170565985281
BNBUSDT,7,7,10,distance,2,0.9152848069522111
BNBUSDT,7,7,20,uniform,1,0.8667012335260659
BNBUSDT,7,7,20,uniform,2,0.8815478874556374
BNBUSDT,7,7,20,distance,1,0.8646157164873501
BNBUSDT,7,7,20,distance,2,0.8780511791326175
BNBUSDT,7,7,40,uniform,1,0.8765510122206527
BNBUSDT,7,7,40,uniform,2,0.8970889397395488
BNBUSDT,7,7,40,distance,1,0.8704415081877703
BNBUSDT,7,7,40,distance,2,0.8914079006014004
BNBUSDT,7,7,80,uniform,1,0.9057900862036183
BNBUSDT,7,7,80,uniform,2,0.9156356214739416
BNBUSDT,7,7,80,distance,1,0.8968656928765887
BNBUSDT,7,7,80,distance,2,0.9088343933594141
BNBUSDT,7,14,3,uniform,1,1.0892239358326432
BNBUSDT,7,14,3,uniform,2,1.0804750718750953
BNBUSDT,7,14,3,distance,1,1.084164468773535
BNBUSDT,7,14,3,distance,2,1.0671691215356123
BNBUSDT,7,14,5,uniform,1,0.9938020929435127
BNBUSDT,7,14,5,uniform,2,0.9967047234810872
BNBUSDT,7,14,5,distance,1,0.9927260038113274
BNBUSDT,7,14,5,distance,2,0.988159095701539
BNBUSDT,7,14,10,uniform,1,0.909725952223123
BNBUSDT,7,14,10,uniform,2,0.9240813681115924
BNBUSDT,7,14,10,distance,1,0.9108967926919495
BNBUSDT,7,14,10,distance,2,0.9195988068035348
BNBUSDT,7,14,20,uniform,1,0.8914755346181751
BNBUSDT,7,14,20,uniform,2,0.8846871681834393
BNBUSDT,7,14,20,distance,1,0.8905869249165173
BNBUSDT,7,14,20,distance,2,0.8814402343926944
BNBUSDT,7,14,40,uniform,1,0.8878912831370446
BNBUSDT,7,14,40,uniform,2,0.8895571912467508
BNBUSDT,7,14,40,distance,1,0.8845828784903232
BNBUSDT,7,14,40,distance,2,0.8851190612809611
BNBUSDT,7,14,80,uniform,1,0.8944924976510435
BNBUSDT,7,14,80,uniform,2,0.8975914588765438
BNBUSDT,7,14,80,distance,1,0.8894234014363069
BNBUSDT,7,14,80,distance,2,0.8927794571598117
BNBUSDT,7,21,3,uniform,1,1.2237524537700695
BNBUSDT,7,21,3,uniform,2,1.12264517085763
BNBUSDT,7,21,3,distance,1,1.2225566145467488
BNBUSDT,7,21,3,distance,2,1.1178680607821136
BNBUSDT,7,21,5,uniform,1,1.1019260085546692
BNBUSDT,7,21,5,uniform,2,1.0277750148693259
BNBUSDT,7,21,5,distance,1,1.1031874523366354
BNBUSDT,7,21,5,distance,2,1.0267600680259783
BNBUSDT,7,21,10,uniform,1,0.9862258779258725
BNBUSDT,7,21,10,uniform,2,0.9487256308926277
BNBUSDT,7,21,10,distance,1,0.9895709518199205
BNBUSDT,7,21,10,distance,2,0.9491597660948476
BNBUSDT,7,21,20,uniform,1,0.9249117075985478
BNBUSDT,7,21,20,uniform,2,0.9122157108542398
BNBUSDT,7,21,20,distance,1,0.9263335015888453
BNBUSDT,7,21,20,distance,2,0.910931651995884
BNBUSDT,7,21,40,uniform,1,0.9149059161314942
BNBUSDT,7,21,40,uniform,2,0.9212770433835205
BNBUSDT,7,21,40,distance,1,0.9140953967750677
BNBUSDT,7,21,40,distance,2,0.9172719531306216
BNBUSDT,7,21,80,uniform,1,0.9145910620306735
BNBUSDT,7,21,80,uniform,2,0.9147157205317301
BNBUSDT,7,21,80,distance,1,0.9106937972453893
BNBUSDT,7,21,80,distance,2,0.910557196514911
BNBUSDT,7,28,3,uniform,1,1.2338687390886136
BNBUSDT,7,28,3,uniform,2,1.1610025832657658
BNBUSDT,7,28,3,distance,1,1.2351989737969518
BNBUSDT,7,28,3,distance,2,1.1654796252376083
BNBUSDT,7,28,5,uniform,1,1.0865660588491786
BNBUSDT,7,28,5,uniform,2,1.0672377939034623
BNBUSDT,7,28,5,distance,1,1.0901536266248855
BNBUSDT,7,28,5,distance,2,1.0702818824146016
BNBUSDT,7,28,10,uniform,1,0.9755587362391209
BNBUSDT,7,28,10,uniform,2,0.982898321360403
BNBUSDT,7,28,10,distance,1,0.9787796972663401
BNBUSDT,7,28,10,distance,2,0.9833513887576407
BNBUSDT,7,28,20,uniform,1,0.9491103449393591
BNBUSDT,7,28,20,uniform,2,0.9254833065513891
BNBUSDT,7,28,20,distance,1,0.9496996768076323
BNBUSDT,7,28,20,distance,2,0.9259722513553704
BNBUSDT,7,28,40,uniform,1,0.9181754228161617
BNBUSDT,7,28,40,uniform,2,0.9085566987162262
BNBUSDT,7,28,40,distance,1,0.9180614119307144
BNBUSDT,7,28,40,distance,2,0.906831870011958
BNBUSDT,7,28,80,uniform,1,0.9124797380127155
BNBUSDT,7,28,80,uniform,2,0.915601619783497
BNBUSDT,7,28,80,distance,1,0.9098432738235384
BNBUSDT,7,28,80,distance,2,0.9104687643949332
BNBUSDT,14,7,3,uniform,1,0.6716806920463428
BNBUSDT,14,7,3,uniform,2,0.6745503214481596
BNBUSDT,14,7,3,distance,1,0.6696275709039926
BNBUSDT,14,7,3,distance,2,0.6689468108471966
BNBUSDT,14,7,5,uniform,1,0.5907803668728155
BNBUSDT,14,7,5,uniform,2,0.6030858759105503
BNBUSDT,14,7,5,distance,1,0.5906699476528371
BNBUSDT,14,7,5,distance,2,0.5979179559593785
BNBUSDT,14,7,10,uniform,1,0.5347245306324527
BNBUSDT,14,7,10,uniform,2,0.5173221188622615
BNBUSDT,14,7,10,distance,1,0.534831329660269
BNBUSDT,14,7,10,distance,2,0.5179208785300748
BNBUSDT,14,7,20,uniform,1,0.5018573082792178
BNBUSDT,14,7,20,uniform,2,0.4933460370630711
BNBUSDT,14,7,20,distance,1,0.5018665262703539
BNBUSDT,14,7,20,distance,2,0.4918167927771918
BNBUSDT,14,7,40,uniform,1,0.495764679325246
BNBUSDT,14,7,40,uniform,2,0.49768641037645694
BNBUSDT,14,7,40,distance,1,0.49360954890463954
BNBUSDT,14,7,40,distance,2,0.4947598616903309
BNBUSDT,14,7,80,uniform,1,0.5236721018758711
BNBUSDT,14,7,80,uniform,2,0.5314771137245533
BNBUSDT,14,7,80,distance,1,0.5142734566718882
BNBUSDT,14,7,80,distance,2,0.5221029313698258
BNBUSDT,14,14,3,uniform,1,0.720465916347424
BNBUSDT,14,14,3,uniform,2,0.7203162716135703
BNBUSDT,14,14,3,distance,1,0.7204089791371614
BNBUSDT,14,14,3,distance,2,0.7143347154597742
BNBUSDT,14,14,5,uniform,1,0.6401009224900411
BNBUSDT,14,14,5,uniform,2,0.6332615023114487
BNBUSDT,14,14,5,distance,1,0.6402297950918676
BNBUSDT,14,14,5,distance,2,0.6288095078232063
BNBUSDT,14,14,10,uniform,1,0.5926942826793089
BNBUSDT,14,14,10,uniform,2,0.6361117635566682
BNBUSDT,14,14,10,distance,1,0.5911220678648814
BNBUSDT,14,14,10,distance,2,0.6279290548352925
BNBUSDT,14,14,20,uniform,1,0.5583086805958216
BNBUSDT,14,14,20,uniform,2,0.6148898112025707
BNBUSDT,14,14,20,distance,1,0.556745960775105
BNBUSDT,14,14,20,distance,2,0.6079062555999625
BNBUSDT,14,14,40,uniform,1,0.5508406337809401
BNBUSDT,14,14,40,uniform,2,0.6179013591098127
BNBUSDT,14,14,40,distance,1,0.5475703994175877
BNBUSDT,14,14,40,distance,2,0.6113637183708815
BNBUSDT,14,14,80,uniform,1,0.5808722965738975
BNBUSDT,14,14,80,uniform,2,0.6114105524429098
BNBUSDT,14,14,80,distance,1,0.5734409553175094
BNBUSDT,14,14,80,distance,2,0.6066482847870727
BNBUSDT,14,21,3,uniform,1,0.886400573521208
BNBUSDT,14,21,3,uniform,2,0.8214977902837372
BNBUSDT,14,21,3,distance,1,0.8855331598667883
BNBUSDT,14,21,3,distance,2,0.8181784662442974
BNBUSDT,14,21,5,uniform,1,0.7722515192892797
BNBUSDT,14,21,5,uniform,2,0.7777284777288622
BNBUSDT,14,21,5,distance,1,0.7729880216137491
BNBUSDT,14,21,5,distance,2,0.7738518449435892
BNBUSDT,14,21,10,uniform,1,0.6757978065436794
BNBUSDT,14,21,10,uniform,2,0.7151164255511634
BNBUSDT,14,21,10,distance,1,0.6770288605087614
BNBUSDT,14,21,10,distance,2,0.7117971547316791
BNBUSDT,14,21,20,uniform,1,0.618520600150768
BNBUSDT,14,21,20,uniform,2,0.6899030897144937
BNBUSDT,14,21,20,distance,1,0.6191530372068806
BNBUSDT,14,21,20,distance,2,0.6861611116607381
BNBUSDT,14,21,40,uniform,1,0.5954344836793579
BNBUSDT,14,21,40,uniform,2,0.6581066443013599
BNBUSDT,14,21,40,distance,1,0.5948814813781441
BNBUSDT,14,21,40,distance,2,0.6557967479051572
BNBUSDT,14,21,80,uniform,1,0.5940948172489696
BNBUSDT,14,21,80,uniform,2,0.6306507477616715
BNBUSDT,14,21,80,distance,1,0.5915014867888606
BNBUSDT,14,21,80,distance,2,0.6289954072052685
BNBUSDT,14,28,3,uniform,1,0.909050602688077
BNBUSDT,14,28,3,uniform,2,0.8824051708519693
BNBUSDT,14,28,3,distance,1,0.9117675095320086
BNBUSDT,14,28,3,distance,2,0.8805435125802603
BNBUSDT,14,28,5,uniform,1,0.7926703219823369
BNBUSDT,14,28,5,uniform,2,0.8142546997064256
BNBUSDT,14,28,5,distance,1,0.7965037819804281
BNBUSDT,14,28,5,distance,2,0.8123867670656811
BNBUSDT,14,28,10,uniform,1,0.6952881197444911
BNBUSDT,14,28,10,uniform,2,0.7230430653405042
BNBUSDT,14,28,10,distance,1,0.6985874805197587
BNBUSDT,14,28,10,distance,2,0.7237100838624534
BNBUSDT,14,28,20,uniform,1,0.6179380255756554
BNBUSDT,14,28,20,uniform,2,0.6680455239215399
BNBUSDT,14,28,20,distance,1,0.6210645447683093
BNBUSDT,14,28,20,distance,2,0.6686161367435911
BNBUSDT,14,28,40,uniform,1,0.5878066990657125
BNBUSDT,14,28,40,uniform,2,0.6326165709678976
BNBUSDT,14,28,40,distance,1,0.5887034751220052
BNBUSDT,14,28,40,distance,2,0.632334817704155
BNBUSDT,14,28,80,uniform,1,0.5846062407179835
BNBUSDT,14,28,80,uniform,2,0.6159532662375101
BNBUSDT,14,28,80,distance,1,0.5829424649673166
BNBUSDT,14,28,80,distance,2,0.6139738460526357
BNBUSDT,21,7,3,uniform,1,0.4749590635457948
BNBUSDT,21,7,3,uniform,2,0.4807935239736569
BNBUSDT,21,7,3,distance,1,0.47345627484463104
BNBUSDT,21,7,3,distance,2,0.48059930983676374
BNBUSDT,21,7,5,uniform,1,0.4352101676291326
BNBUSDT,21,7,5,uniform,2,0.4300747870528244
BNBUSDT,21,7,5,distance,1,0.4334676239277657
BNBUSDT,21,7,5,distance,2,0.4306585747462144
BNBUSDT,21,7,10,uniform,1,0.39272665362861126
BNBUSDT,21,7,10,uniform,2,0.38282157666035876
BNBUSDT,21,7,10,distance,1,0.3919453411080797
BNBUSDT,21,7,10,distance,2,0.3830128140750438
BNBUSDT,21,7,20,uniform,1,0.375882525273779
BNBUSDT,21,7,20,uniform,2,0.3617775074374273
BNBUSDT,21,7,20,distance,1,0.37514158843499734
BNBUSDT,21,7,20,distance,2,0.36126791000160935
BNBUSDT,21,7,40,uniform,1,0.36097072357847937
BNBUSDT,21,7,40,uniform,2,0.35322456577685823
BNBUSDT,21,7,40,distance,1,0.3601138449322842
BNBUSDT,21,7,40,distance,2,0.35176758729827023
BNBUSDT,21,7,80,uniform,1,0.36531078159040914
BNBUSDT,21,7,80,uniform,2,0.3552239269079763
BNBUSDT,21,7,80,distance,1,0.3626518193106336
BNBUSDT,21,7,80,distance,2,0.3524016639990907
BNBUSDT,21,14,3,uniform,1,0.4573875761374709
BNBUSDT,21,14,3,uniform,2,0.4872577892926474
BNBUSDT,21,14,3,distance,1,0.45634406231898833
BNBUSDT,21,14,3,distance,2,0.4839258733188122
BNBUSDT,21,14,5,uniform,1,0.4233498156495288
BNBUSDT,21,14,5,uniform,2,0.4335033623286194
BNBUSDT,21,14,5,distance,1,0.42239110849338524
BNBUSDT,21,14,5,distance,2,0.43178596118430373
BNBUSDT,21,14,10,uniform,1,0.40273602569773864
BNBUSDT,21,14,10,uniform,2,0.40339844961718635
BNBUSDT,21,14,10,distance,1,0.4016289346248189
BNBUSDT,21,14,10,distance,2,0.40231252382897204
BNBUSDT,21,14,20,uniform,1,0.3843660225069699
BNBUSDT,21,14,20,uniform,2,0.3767089447257669
BNBUSDT,21,14,20,distance,1,0.3835576380018376
BNBUSDT,21,14,20,distance,2,0.37580160533009577
BNBUSDT,21,14,40,uniform,1,0.3865119611399944
BNBUSDT,21,14,40,uniform,2,0.3722252864544611
BNBUSDT,21,14,40,distance,1,0.38502551870789603
BNBUSDT,21,14,40,distance,2,0.37083052754771156
BNBUSDT,21,14,80,uniform,1,0.3803614408802266
BNBUSDT,21,14,80,uniform,2,0.3674749266509926
BNBUSDT,21,14,80,distance,1,0.3781211015910525
BNBUSDT,21,14,80,distance,2,0.3646588427076582
BNBUSDT,21,21,3,uniform,1,0.5677245236667346
BNBUSDT,21,21,3,uniform,2,0.5698785161466015
BNBUSDT,21,21,3,distance,1,0.5634953862165539
BNBUSDT,21,21,3,distance,2,0.5660172907824566
BNBUSDT,21,21,5,uniform,1,0.4939327708036006
BNBUSDT,21,21,5,uniform,2,0.5750455247735182
BNBUSDT,21,21,5,distance,1,0.4929160818018773
BNBUSDT,21,21,5,distance,2,0.5692960128387687
BNBUSDT,21,21,10,uniform,1,0.4419484977532805
BNBUSDT,21,21,10,uniform,2,0.4918328586004537
BNBUSDT,21,21,10,distance,1,0.4413349753963421
BNBUSDT,21,21,10,distance,2,0.48965441886872624
BNBUSDT,21,21,20,uniform,1,0.40362896010298066
BNBUSDT,21,21,20,uniform,2,0.442558394677372
BNBUSDT,21,21,20,distance,1,0.4034447639803072
BNBUSDT,21,21,20,distance,2,0.44175958283371486
BNBUSDT,21,21,40,uniform,1,0.3863129676674513
BNBUSDT,21,21,40,uniform,2,0.406251077100047
BNBUSDT,21,21,40,distance,1,0.3856799179706254
BNBUSDT,21,21,40,distance,2,0.4056316739516789
BNBUSDT,21,21,80,uniform,1,0.3828609682790427
BNBUSDT,21,21,80,uniform,2,0.4021986526200975
BNBUSDT,21,21,80,distance,1,0.3808705728603615
BNBUSDT,21,21,80,distance,2,0.39936453530078125
BNBUSDT,21,28,3,uniform,1,0.5736750838907055
BNBUSDT,21,28,3,uniform,2,0.6041718362759764
BNBUSDT,21,28,3,distance,1,0.5726409851200517
BNBUSDT,21,28,3,distance,2,0.6021735272739359
BNBUSDT,21,28,5,uniform,1,0.5201764463294094
BNBUSDT,21,28,5,uniform,2,0.5531334579009862
BNBUSDT,21,28,5,distance,1,0.5196384935476372
BNBUSDT,21,28,5,distance,2,0.5512146375419491
BNBUSDT,21,28,10,uniform,1,0.44481138716362884
BNBUSDT,21,28,10,uniform,2,0.48703201283837844
BNBUSDT,21,28,10,distance,1,0.4461193876053281
BNBUSDT,21,28,10,distance,2,0.4874866133681497
BNBUSDT,21,28,20,uniform,1,0.396407727700555
BNBUSDT,21,28,20,uniform,2,0.43243992450497715
BNBUSDT,21,28,20,distance,1,0.3977447711900696
BNBUSDT,21,28,20,distance,2,0.4332091612024588
BNBUSDT,21,28,40,uniform,1,0.3772944890297281
BNBUSDT,21,28,40,uniform,2,0.4100623506121197
BNBUSDT,21,28,40,distance,1,0.37767648949432786
BNBUSDT,21,28,40,distance,2,0.4100847747818023
BNBUSDT,21,28,80,uniform,1,0.3829546853483258
BNBUSDT,21,28,80,uniform,2,0.4006620415624633
BNBUSDT,21,28,80,distance,1,0.3813575110078532
BNBUSDT,21,28,80,distance,2,0.3992140852401192
BNBUSDT,28,7,3,uniform,1,0.362001392554982
BNBUSDT,28,7,3,uniform,2,0.3322351212133102
BNBUSDT,28,7,3,distance,1,0.3631257577104493
BNBUSDT,28,7,3,distance,2,0.3343333014416063
BNBUSDT,28,7,5,uniform,1,0.31052859382855214
BNBUSDT,28,7,5,uniform,2,0.3089561911623205
BNBUSDT,28,7,5,distance,1,0.31173845728500593
BNBUSDT,28,7,5,distance,2,0.31005968305929094
BNBUSDT,28,7,10,uniform,1,0.2745987526210626
BNBUSDT,28,7,10,uniform,2,0.2796571100220897
BNBUSDT,28,7,10,distance,1,0.2749551613920726
BNBUSDT,28,7,10,distance,2,0.2798143352107716
BNBUSDT,28,7,20,uniform,1,0.2653705565420049
BNBUSDT,28,7,20,uniform,2,0.269611285936607
BNBUSDT,28,7,20,distance,1,0.26502276813517345
BNBUSDT,28,7,20,distance,2,0.26899654895122094
BNBUSDT,28,7,40,uniform,1,0.26921734863355146
BNBUSDT,28,7,40,uniform,2,0.2691237599021201
BNBUSDT,28,7,40,distance,1,0.2678848011132397
BNBUSDT,28,7,40,distance,2,0.267661737425368
BNBUSDT,28,7,80,uniform,1,0.2751056908380963
BNBUSDT,28,7,80,uniform,2,0.27553172234160356
BNBUSDT,28,7,80,distance,1,0.27285310386538714
BNBUSDT,28,7,80,distance,2,0.27299848248167685
BNBUSDT,28,14,3,uniform,1,0.33572800313929607
BNBUSDT,28,14,3,uniform,2,0.3292410521481178
BNBUSDT,28,14,3,distance,1,0.33491074613975724
BNBUSDT,28,14,3,distance,2,0.3279985707144889
BNBUSDT,28,14,5,uniform,1,0.3089604347459901
BNBUSDT,28,14,5,uniform,2,0.30896493036881856
BNBUSDT,28,14,5,distance,1,0.30814185735172994
BNBUSDT,28,14,5,distance,2,0.3076733765106098
BNBUSDT,28,14,10,uniform,1,0.28734525334225075
BNBUSDT,28,14,10,uniform,2,0.2874530786238094
BNBUSDT,28,14,10,distance,1,0.28644793016771936
BNBUSDT,28,14,10,distance,2,0.28610709180474464
BNBUSDT,28,14,20,uniform,1,0.28350958858871506
BNBUSDT,28,14,20,uniform,2,0.2858206173789705
BNBUSDT,28,14,20,distance,1,0.2824819557847818
BNBUSDT,28,14,20,distance,2,0.2841678470833563
BNBUSDT,28,14,40,uniform,1,0.28894675861627
BNBUSDT,28,14,40,uniform,2,0.2863172434759692
BNBUSDT,28,14,40,distance,1,0.28743131578749503
BNBUSDT,28,14,40,distance,2,0.28479832723442594
BNBUSDT,28,14,80,uniform,1,0.29376419973502016
BNBUSDT,28,14,80,uniform,2,0.2854965374723187
BNBUSDT,28,14,80,distance,1,0.29194628411829376
BNBUSDT,28,14,80,distance,2,0.2838329001750774
BNBUSDT,28,21,3,uniform,1,0.4279940054580788
BNBUSDT,28,21,3,uniform,2,0.448047637061439
BNBUSDT,28,21,3,distance,1,0.4256747185596929
BNBUSDT,28,21,3,distance,2,0.4455920493155397
BNBUSDT,28,21,5,uniform,1,0.37709613916279
BNBUSDT,28,21,5,uniform,2,0.41255663838814727
BNBUSDT,28,21,5,distance,1,0.3761728452532669
BNBUSDT,28,21,5,distance,2,0.4100034932866908
BNBUSDT,28,21,10,uniform,1,0.3433383380069478
BNBUSDT,28,21,10,uniform,2,0.37471400693190526
BNBUSDT,28,21,10,distance,1,0.34238390095107035
BNBUSDT,28,21,10,distance,2,0.372689121660084
BNBUSDT,28,21,20,uniform,1,0.32080116234879297
BNBUSDT,28,21,20,uniform,2,0.3349250792318746
BNBUSDT,28,21,20,distance,1,0.3204185367324448
BNBUSDT,28,21,20,distance,2,0.3340915628303706
BNBUSDT,28,21,40,uniform,1,0.3048408871355669
BNBUSDT,28,21,40,uniform,2,0.30079399217353153
BNBUSDT,28,21,40,distance,1,0.30450670101204336
BNBUSDT,28,21,40,distance,2,0.30079132682397125
BNBUSDT,28,21,80,uniform,1,0.29171563238337567
BNBUSDT,28,21,80,uniform,2,0.2881952794456138
BNBUSDT,28,21,80,distance,1,0.29116342607747353
BNBUSDT,28,21,80,distance,2,0.2868933687194031
BNBUSDT,28,28,3,uniform,1,0.43234930582220316
BNBUSDT,28,28,3,uniform,2,0.47537181246503046
BNBUSDT,28,28,3,distance,1,0.43199339854662566
BNBUSDT,28,28,3,distance,2,0.47282850878191435
BNBUSDT,28,28,5,uniform,1,0.386985384232025
BNBUSDT,28,28,5,uniform,2,0.42032989010891064
BNBUSDT,28,28,5,distance,1,0.3877434987348628
BNBUSDT,28,28,5,distance,2,0.4202053642253231
BNBUSDT,28,28,10,uniform,1,0.3258121420375974
BNBUSDT,28,28,10,uniform,2,0.3726653280621196
BNBUSDT,28,28,10,distance,1,0.32723357210474713
BNBUSDT,28,28,10,distance,2,0.3729149514615698
BNBUSDT,28,28,20,uniform,1,0.3050953925752175
BNBUSDT,28,28,20,uniform,2,0.34591962302154844
BNBUSDT,28,28,20,distance,1,0.30584222046910053
BNBUSDT,28,28,20,distance,2,0.3463410592020087
BNBUSDT,28,28,40,uniform,1,0.2909304418684115
BNBUSDT,28,28,40,uniform,2,0.323873743903738
BNBUSDT,28,28,40,distance,1,0.29139039382821574
BNBUSDT,28,28,40,distance,2,0.3241308250573497
BNBUSDT,28,28,80,uniform,1,0.2913540672074905
BNBUSDT,28,28,80,uniform,2,0.30873319421717327
BNBUSDT,28,28,80,distance,1,0.29080756555245546
BNBUSDT,28,28,80,distance,2,0.3087258771262351
XRPUSDT,7,7,3,uniform,1,2.4504889471994558
XRPUSDT,7,7,3,uniform,2,2.737996844682812
XRPUSDT,7,7,3,distance,1,2.432117164483361
XRPUSDT,7,7,3,distance,2,2.7580675956096603
XRPUSDT,7,7,5,uniform,1,2.176579599590639
XRPUSDT,7,7,5,uniform,2,2.3645711256019113
XRPUSDT,7,7,5,distance,1,2.1365381103107532
XRPUSDT,7,7,5,distance,2,2.3512260254577653
XRPUSDT,7,7,10,uniform,1,1.7696503025987853
XRPUSDT,7,7,10,uniform,2,1.882639571846426
XRPUSDT,7,7,10,distance,1,1.7434441599746955
XRPUSDT,7,7,10,distance,2,1.8629949324543555
XRPUSDT,7,7,20,uniform,1,1.6382857839238898
XRPUSDT,7,7,20,uniform,2,1.615543103704206
XRPUSDT,7,7,20,distance,1,1.6093473989665512
XRPUSDT,7,7,20,distance,2,1.61163380954723
XRPUSDT,7,7,40,uniform,1,1.6520831692811992
XRPUSDT,7,7,40,uniform,2,1.5675468338925886
XRPUSDT,7,7,40,distance,1,1.619478994445803
XRPUSDT,7,7,40,distance,2,1.5598912973258352
XRPUSDT,7,7,80,uniform,1,1.566728688875593
XRPUSDT,7,7,80,uniform,2,1.5891055287546199
XRPUSDT,7,7,80,distance,1,1.552337569965
XRPUSDT,7,7,80,distance,2,1.5765008386453983
XRPUSDT,7,14,3,uniform,1,1.6690478524747425
XRPUSDT,7,14,3,uniform,2,1.866392406469614
XRPUSDT,7,14,3,distance,1,1.6650835349186877
XRPUSDT,7,14,3,distance,2,1.8568842725273333
XRPUSDT,7,14,5,uniform,1,1.5328672402032382
XRPUSDT,7,14,5,uniform,2,1.6160248620008775
XRPUSDT,7,14,5,distance,1,1.53119435719198
XRPUSDT,7,14,5,distance,2,1.611985607001462
XRPUSDT,7,14,10,uniform,1,1.4720755776558316
XRPUSDT,7,14,10,uniform,2,1.5231057982125158
XRPUSDT,7,14,10,distance,1,1.464336941960175
XRPUSDT,7,14,10,distance,2,1.512221004579022
XRPUSDT,7,14,20,uniform,1,1.4082923247406176
XRPUSDT,7,14,20,uniform,2,1.4892944026212371
XRPUSDT,7,14,20,distance,1,1.3985157916017357
XRPUSDT,7,14,20,distance,2,1.4726155947802704
XRPUSDT,7,14,40,uniform,1,1.385141735798589
XRPUSDT,7,14,40,uniform,2,1.4263401308393464
XRPUSDT,7,14,40,distance,1,1.37624125438551
XRPUSDT,7,14,40,distance,2,1.4152963656716866
XRPUSDT,7,14,80,uniform,1,1.3861647262379218
XRPUSDT,7,14,80,uniform,2,1.426285685175953
XRPUSDT,7,14,80,distance,1,1.3760976220860783
XRPUSDT,7,14,80,distance,2,1.415594234898174
XRPUSDT,7,21,3,uniform,1,1.5953116585164184
XRPUSDT,7,21,3,uniform,2,1.8926168825565794
XRPUSDT,7,21,3,distance,1,1.5921710701987
XRPUSDT,7,21,3,distance,2,1.8995809680431457
XRPUSDT,7,21,5,uniform,1,1.651387211265634
XRPUSDT,7,21,5,uniform,2,1.5655358765379295
XRPUSDT,7,21,5,distance,1,1.6408736259398184
XRPUSDT,7,21,5,distance,2,1.5760653450831552
XRPUSDT,7,21,10,uniform,1,1.4686234278871815
XRPUSDT,7,21,10,uniform,2,1.5005058843367152
XRPUSDT,7,21,10,distance,1,1.464584650220645
XRPUSDT,7,21,10,distance,2,1.4993583423792305
XRPUSDT,7,21,20,uniform,1,1.395535452076972
XRPUSDT,7,21,20,uniform,2,1.4539791994903681
XRPUSDT,7,21,20,distance,1,1.3917534376145138
XRPUSDT,7,21,20,distance,2,1.4444490323311947
XRPUSDT,7,21,40,uniform,1,1.3750254678835756
XRPUSDT,7,21,40,uniform,2,1.4306129811679738
XRPUSDT,7,21,40,distance,1,1.3702788673703812
XRPUSDT,7,21,40,distance,2,1.4207685981919
XRPUSDT,7,21,80,uniform,1,1.3918304773225765
XRPUSDT,7,21,80,uniform,2,1.4211274733493053
XRPUSDT,7,21,80,distance,1,1.383338967969723
XRPUSDT,7,21,80,distance,2,1.4111321103653152
XRPUSDT,7,28,3,uniform,1,1.9442828450973229
XRPUSDT,7,28,3,uniform,2,1.9455416809737769
XRPUSDT,7,28,3,distance,1,1.932548260198139
XRPUSDT,7,28,3,distance,2,1.959719546140816
XRPUSDT,7,28,5,uniform,1,1.7571360444653494
XRPUSDT,7,28,5,uniform,2,1.6638042202315655
XRPUSDT,7,28,5,distance,1,1.7498092061279584
XRPUSDT,7,28,5,distance,2,1.6681848578223322
XRPUSDT,7,28,10,uniform,1,1.602975493853313
XRPUSDT,7,28,10,uniform,2,1.4979896906343786
XRPUSDT,7,28,10,distance,1,1.598034904342528
XRPUSDT,7,28,10,distance,2,1.498867300159968
XRPUSDT,7,28,20,uniform,1,1.447065502144873
XRPUSDT,7,28,20,uniform,2,1.4908547800659566
XRPUSDT,7,28,20,distance,1,1.446255294555987
XRPUSDT,7,28,20,distance,2,1.4826162024879999
XRPUSDT,7,28,40,uniform,1,1.404942501183317
XRPUSDT,7,28,40,uniform,2,1.4215822216260443
XRPUSDT,7,28,40,distance,1,1.4034239826355954
XRPUSDT,7,28,40,distance,2,1.417051412382063
XRPUSDT,7,28,80,uniform,1,1.4321572999627017
XRPUSDT,7,28,80,uniform,2,1.405783089944323
XRPUSDT,7,28,80,distance,1,1.4257373346168936
XRPUSDT,7,28,80,distance,2,1.3996312956045516
XRPUSDT,14,7,3,uniform,1,1.4397281067810361
XRPUSDT,14,7,3,uniform,2,1.2373318833151425
XRPUSDT,14,7,3,distance,1,1.4124704046728425
XRPUSDT,14,7,3,distance,2,1.2477067326838025
XRPUSDT,14,7,5,uniform,1,1.2382920666526136
XRPUSDT,14,7,5,uniform,2,1.3366127416728533
XRPUSDT,14,7,5,distance,1,1.2320143647849342
XRPUSDT,14,7,5,distance,2,1.3043990136155892
XRPUSDT,14,7,10,uniform,1,1.2378235696101343
XRPUSDT,14,7,10,uniform,2,1.182604000987491
XRPUSDT,14,7,10,distance,1,1.2097841621138292
XRPUSDT,14,7,10,distance,2,1.1567289410518558
XRPUSDT,14,7,20,uniform,1,1.0245355509170624
XRPUSDT,14,7,20,uniform,2,1.0629167582121875
XRPUSDT,14,7,20,distance,1,1.0136714630355252
XRPUSDT,14,7,20,distance,2,1.0472109944560488
XRPUSDT,14,7,40,uniform,1,0.8962284566754484
XRPUSDT,14,7,40,uniform,2,0.9171714763800898
XRPUSDT,14,7,40,distance,1,0.8944269683611052
XRPUSDT,14,7,40,distance,2,0.9114714047146398
XRPUSDT,14,7,80,uniform,1,0.8620992191643911
XRPUSDT,14,7,80,uniform,2,0.9022718502704761
XRPUSDT,14,7,80,distance,1,0.8518527263486847
XRPUSDT,14,7,80,distance,2,0.8867339242657529
XRPUSDT,14,14,3,uniform,1,0.9147181553202278
XRPUSDT,14,14,3,uniform,2,0.9506525456806273
XRPUSDT,14,14,3,distance,1,0.903666990175967
XRPUSDT,14,14,3,distance,2,0.9479662486616086
XRPUSDT,14,14,5,uniform,1,0.790354676138773
XRPUSDT,14,14,5,uniform,2,0.927946498120724
XRPUSDT,14,14,5,distance,1,0.7890845101753392
XRPUSDT,14,14,5,distance,2,0.9270695850121713
XRPUSDT,14,14,10,uniform,1,0.7322510397423924
XRPUSDT,14,14,10,uniform,2,0.7698525451220568
XRPUSDT,14,14,10,distance,1,0.7317547886094963
XRPUSDT,14,14,10,distance,2,0.771812887105259
XRPUSDT,14,14,20,uniform,1,0.71934772050268
XRPUSDT,14,14,20,uniform,2,0.7565300605241212
XRPUSDT,14,14,20,distance,1,0.7170299287791405
XRPUSDT,14,14,20,distance,2,0.7524594752247971
XRPUSDT,14,14,40,uniform,1,0.7468352613163846
XRPUSDT,14,14,40,uniform,2,0.7667934226168327
XRPUSDT,14,14,40,distance,1,0.7416125841888462
XRPUSDT,14,14,40,distance,2,0.7624790256629504
XRPUSDT,14,14,80,uniform,1,0.7803758422304503
XRPUSDT,14,14,80,uniform,2,0.8325058703994177
XRPUSDT,14,14,80,distance,1,0.7720653273338617
XRPUSDT,14,14,80,distance,2,0.8219633958038871
XRPUSDT,14,21,3,uniform,1,0.836098472391148
XRPUSDT,14,21,3,uniform,2,0.8967940186759626
XRPUSDT,14,21,3,distance,1,0.8338755741883094
XRPUSDT,14,21,3,distance,2,0.8890336493862728
XRPUSDT,14,21,5,uniform,1,0.7751383780899027
XRPUSDT,14,21,5,uniform,2,0.8619223176725619
XRPUSDT,14,21,5,distance,1,0.774591642529432
XRPUSDT,14,21,5,distance,2,0.8572537616311192
XRPUSDT,14,21,10,uniform,1,0.7746792972271175
XRPUSDT,14,21,10,uniform,2,0.7882834662089264
XRPUSDT,14,21,10,distance,1,0.772153718131325
XRPUSDT,14,21,10,distance,2,0.7864145097167722
XRPUSDT,14,21,20,uniform,1,0.76525026862489
XRPUSDT,14,21,20,uniform,2,0.8151118845472405
XRPUSDT,14,21,20,distance,1,0.7616147655951419
XRPUSDT,14,21,20,distance,2,0.8083585359141516
XRPUSDT,14,21,40,uniform,1,0.7884126559253822
XRPUSDT,14,21,40,uniform,2,0.8487992406570078
XRPUSDT,14,21,40,distance,1,0.7833600166906677
XRPUSDT,14,21,40,distance,2,0.8418134107708354
XRPUSDT,14,21,80,uniform,1,0.8298425055074787
XRPUSDT,14,21,80,uniform,2,0.8790411150151601
XRPUSDT,14,21,80,distance,1,0.822604043233334
XRPUSDT,14,21,80,distance,2,0.8710549547603809
XRPUSDT,14,28,3,uniform,1,0.8564125004064774
XRPUSDT,14,28,3,uniform,2,0.954040292589306
XRPUSDT,14,28,3,distance,1,0.8552760297593416
XRPUSDT,14,28,3,distance,2,0.9543199803902899
XRPUSDT,14,28,5,uniform,1,0.8154205510777646
XRPUSDT,14,28,5,uniform,2,0.8476203186932542
XRPUSDT,14,28,5,distance,1,0.8140034911255286
XRPUSDT,14,28,5,distance,2,0.8499815285870863
XRPUSDT,14,28,10,uniform,1,0.8156241694320201
XRPUSDT,14,28,10,uniform,2,0.8129757039998875
XRPUSDT,14,28,10,distance,1,0.8114973124437931
XRPUSDT,14,28,10,distance,2,0.8116740765267867
XRPUSDT,14,28,20,uniform,1,0.8084047563947114
XRPUSDT,14,28,20,uniform,2,0.8383963025918317
XRPUSDT,14,28,20,distance,1,0.8053155279377794
XRPUSDT,14,28,20,distance,2,0.832688348412861
XRPUSDT,14,28,40,uniform,1,0.7963491368612693
XRPUSDT,14,28,40,uniform,2,0.8290807517774387
XRPUSDT,14,28,40,distance,1,0.7933709019826634
XRPUSDT,14,28,40,distance,2,0.823936230593791
XRPUSDT,14,28,80,uniform,1,0.8276841332738564
XRPUSDT,14,28,80,uniform,2,0.8667060602714871
XRPUSDT,14,28,80,distance,1,0.8222982091681373
XRPUSDT,14,28,80,distance,2,0.8600768605541712
XRPUSDT,21,7,3,uniform,1,1.154778899786987
XRPUSDT,21,7,3,uniform,2,1.3386511786020285
XRPUSDT,21,7,3,distance,1,1.1412680389403647
XRPUSDT,21,7,3,distance,2,1.2835020909498809
XRPUSDT,21,7,5,uniform,1,1.0310746648677729
XRPUSDT,21,7,5,uniform,2,1.0453502007154123
XRPUSDT,21,7,5,distance,1,1.012920607733429
XRPUSDT,21,7,5,distance,2,1.0189777841453063
XRPUSDT,21,7,10,uniform,1,1.076485995415101
XRPUSDT,21,7,10,uniform,2,0.9898525828315
XRPUSDT,21,7,10,distance,1,1.0444429142924785
XRPUSDT,21,7,10,distance,2,0.959046960417974
XRPUSDT,21,7,20,uniform,1,0.8870033496127804
XRPUSDT,21,7,20,uniform,2,0.7963268813738448
XRPUSDT,21,7,20,distance,1,0.8727407384062442
XRPUSDT,21,7,20,distance,2,0.7901859620362027
XRPUSDT,21,7,40,uniform,1,0.7555126219074892
XRPUSDT,21,7,40,uniform,2,0.7424272553939236
XRPUSDT,21,7,40,distance,1,0.7522693457360654
XRPUSDT,21,7,40,distance,2,0.7374335282390234
XRPUSDT,21,7,80,uniform,1,0.7165263355405543
XRPUSDT,21,7,80,uniform,2,0.7050767699983006
XRPUSDT,21,7,80,distance,1,0.7121831449902294
XRPUSDT,21,7,80,distance,2,0.6983027565212755
XRPUSDT,21,14,3,uniform,1,0.6101682403750239
XRPUSDT,21,14,3,uniform,2,0.8811917011678253
XRPUSDT,21,14,3,distance,1,0.6073862603551234
XRPUSDT,21,14,3,distance,2,0.8535566248624222
XRPUSDT,21,14,5,uniform,1,0.6139230778381682
XRPUSDT,21,14,5,uniform,2,0.7928084882253332
XRPUSDT,21,14,5,distance,1,0.609339613089448
XRPUSDT,21,14,5,distance,2,0.7825885701173634
XRPUSDT,21,14,10,uniform,1,0.6151085006143725
XRPUSDT,21,14,10,uniform,2,0.6372367752235439
XRPUSDT,21,14,10,distance,1,0.6091178065799194
XRPUSDT,21,14,10,distance,2,0.6366270016264275
XRPUSDT,21,14,20,uniform,1,0.5978870213502775
XRPUSDT,21,14,20,uniform,2,0.583573622159294
XRPUSDT,21,14,20,distance,1,0.5949396214292614
XRPUSDT,21,14,20,distance,2,0.5834000458952557
XRPUSDT,21,14,40,uniform,1,0.5951562904586779
XRPUSDT,21,14,40,uniform,2,0.5906821001222087
XRPUSDT,21,14,40,distance,1,0.5918311464514859
XRPUSDT,21,14,40,distance,2,0.5876847845764335
XRPUSDT,21,14,80,uniform,1,0.6110562325181085
XRPUSDT,21,14,80,uniform,2,0.6105311028259398
XRPUSDT,21,14,80,distance,1,0.6054505882429737
XRPUSDT,21,14,80,distance,2,0.6052949873654419
XRPUSDT,21,21,3,uniform,1,0.6100127797524736
XRPUSDT,21,21,3,uniform,2,0.6427852194268946
XRPUSDT,21,21,3,distance,1,0.6076562295288185
XRPUSDT,21,21,3,distance,2,0.6402421430460166
XRPUSDT,21,21,5,uniform,1,0.570919970412262
XRPUSDT,21,21,5,uniform,2,0.5966678845659857
XRPUSDT,21,21,5,distance,1,0.5710379866536753
XRPUSDT,21,21,5,distance,2,0.5967745064069702
XRPUSDT,21,21,10,uniform,1,0.5752202688469323
XRPUSDT,21,21,10,uniform,2,0.5977140925444074
XRPUSDT,21,21,10,distance,1,0.5743312079416248
XRPUSDT,21,21,10,distance,2,0.5958372777587154
XRPUSDT,21,21,20,uniform,1,0.571910929763833
XRPUSDT,21,21,20,uniform,2,0.5955276830516011
XRPUSDT,21,21,20,distance,1,0.5703946100364209
XRPUSDT,21,21,20,distance,2,0.5927698212507986
XRPUSDT,21,21,40,uniform,1,0.5882139259061728
XRPUSDT,21,21,40,uniform,2,0.6051814652174397
XRPUSDT,21,21,40,distance,1,0.5854614631061307
XRPUSDT,21,21,40,distance,2,0.6026010836199065
XRPUSDT,21,21,80,uniform,1,0.6005152967328158
XRPUSDT,21,21,80,uniform,2,0.6131148100282304
XRPUSDT,21,21,80,distance,1,0.5974087713230455
XRPUSDT,21,21,80,distance,2,0.6104910876692652
XRPUSDT,21,28,3,uniform,1,0.6626203910591068
XRPUSDT,21,28,3,uniform,2,0.6898664405743906
XRPUSDT,21,28,3,distance,1,0.6602320010687659
XRPUSDT,21,28,3,distance,2,0.6886648477145906
XRPUSDT,21,28,5,uniform,1,0.6300215017457539
XRPUSDT,21,28,5,uniform,2,0.6454846766929317
XRPUSDT,21,28,5,distance,1,0.6287463758145831
XRPUSDT,21,28,5,distance,2,0.6461195875382874
XRPUSDT,21,28,10,uniform,1,0.6029554097468919
XRPUSDT,21,28,10,uniform,2,0.6152680144823286
XRPUSDT,21,28,10,distance,1,0.6022446941080403
XRPUSDT,21,28,10,distance,2,0.6145526506278961
XRPUSDT,21,28,20,uniform,1,0.60914934794335
XRPUSDT,21,28,20,uniform,2,0.614579520123382
XRPUSDT,21,28,20,distance,1,0.6072549376744457
XRPUSDT,21,28,20,distance,2,0.612693702877556
XRPUSDT,21,28,40,uniform,1,0.6029574835741558
XRPUSDT,21,28,40,uniform,2,0.6163306093557646
XRPUSDT,21,28,40,distance,1,0.6011589992305028
XRPUSDT,21,28,40,distance,2,0.6145128664028109
XRPUSDT,21,28,80,uniform,1,0.6122397904087135
XRPUSDT,21,28,80,uniform,2,0.6293056841060523
XRPUSDT,21,28,80,distance,1,0.609945650737689
XRPUSDT,21,28,80,distance,2,0.6269179901212318
XRPUSDT,28,7,3,uniform,1,0.7512277734299125
XRPUSDT,28,7,3,uniform,2,0.9343339822678437
XRPUSDT,28,7,3,distance,1,0.7516226916720298
XRPUSDT,28,7,3,distance,2,0.9371729796422619
XRPUSDT,28,7,5,uniform,1,0.9375524403951084
XRPUSDT,28,7,5,uniform,2,0.745128052127928
XRPUSDT,28,7,5,distance,1,0.9054737683275149
XRPUSDT,28,7,5,distance,2,0.7512258556288405
XRPUSDT,28,7,10,uniform,1,0.7014500013082587
XRPUSDT,28,7,10,uniform,2,0.6739980552850181
XRPUSDT,28,7,10,distance,1,0.6924449537291819
XRPUSDT,28,7,10,distance,2,0.6661623012987903
XRPUSDT,28,7,20,uniform,1,0.6037582171848423
XRPUSDT,28,7,20,uniform,2,0.6247322732825328
XRPUSDT,28,7,20,distance,1,0.6031034406938233
XRPUSDT,28,7,20,distance,2,0.6221435403758415
XRPUSDT,28,7,40,uniform,1,0.5744232130824057
XRPUSDT,28,7,40,uniform,2,0.5822895046292127
XRPUSDT,28,7,40,distance,1,0.571523298201165
XRPUSDT,28,7,40,distance,2,0.5815152682932819
XRPUSDT,28,7,80,uniform,1,0.559775711613289
XRPUSDT,28,7,80,uniform,2,0.5696513581839203
XRPUSDT,28,7,80,distance,1,0.5559744895722575
XRPUSDT,28,7,80,distance,2,0.5688782885404413
XRPUSDT,28,14,3,uniform,1,0.4920748258571753
XRPUSDT,28,14,3,uniform,2,0.7279433979634676
XRPUSDT,28,14,3,distance,1,0.49060398133948896
XRPUSDT,28,14,3,distance,2,0.7119070172000396
XRPUSDT,28,14,5,uniform,1,0.5569763150170866
XRPUSDT,28,14,5,uniform,2,0.5873842884560859
XRPUSDT,28,14,5,distance,1,0.5462898446850116
XRPUSDT,28,14,5,distance,2,0.5857779682852522
XRPUSDT,28,14,10,uniform,1,0.5050985586268611
XRPUSDT,28,14,10,uniform,2,0.5225076630452115
XRPUSDT,28,14,10,distance,1,0.5025241260797627
XRPUSDT,28,14,10,distance,2,0.5226465419632137
XRPUSDT,28,14,20,uniform,1,0.4961900257827537
XRPUSDT,28,14,20,uniform,2,0.49882350796511626
XRPUSDT,28,14,20,distance,1,0.49431916681735677
XRPUSDT,28,14,20,distance,2,0.49787440338196787
XRPUSDT,28,14,40,uniform,1,0.4966665225208645
XRPUSDT,28,14,40,uniform,2,0.5071261914975308
XRPUSDT,28,14,40,distance,1,0.49442550270912394
XRPUSDT,28,14,40,distance,2,0.5031964676650582
XRPUSDT,28,14,80,uniform,1,0.5115965680288059
XRPUSDT,28,14,80,uniform,2,0.5204339427802035
XRPUSDT,28,14,80,distance,1,0.5074986771140386
XRPUSDT,28,14,80,distance,2,0.5156546634659743
XRPUSDT,28,21,3,uniform,1,0.5041687193709644
XRPUSDT,28,21,3,uniform,2,0.5025079400154403
XRPUSDT,28,21,3,distance,1,0.5028272152961863
XRPUSDT,28,21,3,distance,2,0.5010814927427838
XRPUSDT,28,21,5,uniform,1,0.5050816879388516
XRPUSDT,28,21,5,uniform,2,0.4974995324970909
XRPUSDT,28,21,5,distance,1,0.5033727248007561
XRPUSDT,28,21,5,distance,2,0.49508322108095576
XRPUSDT,28,21,10,uniform,1,0.4911725697351046
XRPUSDT,28,21,10,uniform,2,0.5004684119690811
XRPUSDT,28,21,10,distance,1,0.49011689743125875
XRPUSDT,28,21,10,distance,2,0.4974907816687907
XRPUSDT,28,21,20,uniform,1,0.4941692065258059
XRPUSDT,28,21,20,uniform,2,0.5108046725486702
XRPUSDT,28,21,20,distance,1,0.4927240082419117
XRPUSDT,28,21,20,distance,2,0.5074033925471225
XRPUSDT,28,21,40,uniform,1,0.5004367147056947
XRPUSDT,28,21,40,uniform,2,0.5110065206687492
XRPUSDT,28,21,40,distance,1,0.49803389042110774
XRPUSDT,28,21,40,distance,2,0.5074737909182442
XRPUSDT,28,21,80,uniform,1,0.519149429390292
XRPUSDT,28,21,80,uniform,2,0.5272940485396463
XRPUSDT,28,21,80,distance,1,0.5145687916238787
XRPUSDT,28,21,80,distance,2,0.5220920077633043
XRPUSDT,28,28,3,uniform,1,0.5005305424706694
XRPUSDT,28,28,3,uniform,2,0.5120374858609938
XRPUSDT,28,28,3,distance,1,0.49924802969748366
XRPUSDT,28,28,3,distance,2,0.5103474552892313
XRPUSDT,28,28,5,uniform,1,0.5104570816844688
XRPUSDT,28,28,5,uniform,2,0.5482760653105941
XRPUSDT,28,28,5,distance,1,0.5078618742584068
XRPUSDT,28,28,5,distance,2,0.5445398333793993
XRPUSDT,28,28,10,uniform,1,0.4874066483856447
XRPUSDT,28,28,10,uniform,2,0.5209276766127051
XRPUSDT,28,28,10,distance,1,0.48640914378934286
XRPUSDT,28,28,10,distance,2,0.5196599243253344
XRPUSDT,28,28,20,uniform,1,0.48218045662471765
XRPUSDT,28,28,20,uniform,2,0.5224439210187358
XRPUSDT,28,28,20,distance,1,0.48118789228028536
XRPUSDT,28,28,20,distance,2,0.5198707000560033
XRPUSDT,28,28,40,uniform,1,0.5018951925637777
XRPUSDT,28,28,40,uniform,2,0.5272670182003093
XRPUSDT,28,28,40,distance,1,0.49932769941156124
XRPUSDT,28,28,40,distance,2,0.5254598827370086
XRPUSDT,28,28,80,uniform,1,0.513355419295043
XRPUSDT,28,28,80,uniform,2,0.5275749498633905
XRPUSDT,28,28,80,distance,1,0.5107967246194509
XRPUSDT,28,28,80,distance,2,0.5261977726999996
