origin,k-NN,Ridge,Lasso,Random Forest,XGBoost,SVR Lineal,HAR-Ridge + XGBoost
2026-01-01 00:00:00+00:00,0.35184465867807313,0.3074981799806063,0.24825462320903552,0.3431330317222149,0.3762320898774805,0.2903781541052923,0.3141713474972448
2026-01-02 00:00:00+00:00,0.20469599398763935,0.2178308204320297,0.1465565931418557,0.2195210388424835,0.25232320086689713,0.1776002780071784,0.21794943827653873
2026-01-03 00:00:00+00:00,0.25451380147589625,0.26760533896118316,0.18627583792115185,0.32927544416147736,0.35280563788408986,0.21899327829489565,0.30823594200304477
2026-01-04 00:00:00+00:00,0.2643889995021463,0.2545795129170267,0.19321352311440437,0.29853016244714864,0.30404786064864286,0.2188823146491544,0.27963585603419966
2026-01-05 00:00:00+00:00,0.03702831325521586,0.013488771542256427,0.011870718525886396,0.012666305303443018,0.01582697908115798,0.01725437349102702,0.020918112336135452
2026-01-06 00:00:00+00:00,0.028479073558470965,0.02727554020270063,0.018093914034484095,0.016517904395987628,0.018765158833625804,0.028900573011994304,0.020511088124701506
2026-01-07 00:00:00+00:00,0.0400193940065637,0.031377903001464556,0.037962167790293884,0.05104343901117891,0.034948757210330035,0.04186431230804966,0.032964665785432674
2026-01-08 00:00:00+00:00,0.02450861007253899,0.019613381635348582,0.02790156095180643,0.0582973344419925,0.028320649299197982,0.029387910427088857,0.020541584129937954
2026-01-09 00:00:00+00:00,0.04498010317224375,0.015576018436320626,0.020221603446487168,0.02054210659198547,0.02076076293037674,0.016063720115657532,0.012816600030165088
2026-01-10 00:00:00+00:00,0.062406391102199366,0.01906480428973705,0.03126644697003227,0.036115962554053395,0.02710010332264506,0.01865790623055219,0.01679410427470807
2026-01-11 00:00:00+00:00,0.06151155585195133,0.023635260337388244,0.04175799022731887,0.048413247202650965,0.04987630173352781,0.02305798539991037,0.029948276270838847
2026-01-12 00:00:00+00:00,0.06879592942275077,0.05690932644670466,0.06065163272733703,0.05456489672489405,0.05980892413485562,0.044070689832048496,0.045160679509639465
2026-01-13 00:00:00+00:00,0.025991227659950496,0.041801555493683015,0.037057023028134704,0.043877300263818864,0.018391157383776908,0.0229432133859696,0.028458274008178623
2026-01-14 00:00:00+00:00,0.03762936548867065,0.03610623416047674,0.03539397477281753,0.03035846355264764,0.025385824933228263,0.02654714518188734,0.028625613160249645
2026-01-15 00:00:00+00:00,0.059409963583485506,0.04388541002749709,0.03823192453012642,0.03660407907652074,0.039628105572988015,0.04009374828975779,0.03540281259951287
2026-01-16 00:00:00+00:00,0.0763683347836659,0.06924384710435835,0.05195574679088245,0.05430288693235728,0.04902825491221643,0.06401710332672522,0.04350313214868201
2026-01-17 00:00:00+00:00,0.09091898621094871,0.07031803810355466,0.06715938296909306,0.06576685554584476,0.06138809630200158,0.06432397724441502,0.05678671186519753
2026-01-18 00:00:00+00:00,0.09507683261508813,0.08396079397342218,0.07736305594670925,0.0680925380658632,0.08057450454185298,0.0831989253170603,0.06611222065467284
2026-01-19 00:00:00+00:00,0.08977307589906314,0.09277898657500892,0.087581676045108,0.07007784767048723,0.07651333201934175,0.1153897571298375,0.06602757018581648
2026-01-20 00:00:00+00:00,0.0222098091174588,0.08556795978796815,0.10474736220147039,0.06543083625633732,0.04422980146400949,0.12291195387386078,0.041036455749763445
2026-01-21 00:00:00+00:00,0.06700159906234851,0.07717224438076975,0.15363164347123354,0.09101928380385552,0.04963897729537192,0.15202088038085954,0.029596536725082664
2026-01-22 00:00:00+00:00,0.07419193837374519,0.03483914029309466,0.16435602450164963,0.032796670222732374,0.030496142146149603,0.13227723655301923,0.014635370132491369
2026-01-23 00:00:00+00:00,0.08019132158502172,0.0366275478906287,0.13026321679161373,0.03136967942468839,0.013552236614602578,0.11254449116031454,0.01775667694883879
2026-01-24 00:00:00+00:00,0.14411542802623636,0.11251780093729061,0.24313067331407895,0.08797167853134,0.09927628902972645,0.18278412045429732,0.10505127768569401
2026-01-25 00:00:00+00:00,0.18759155061747826,0.12694165376102837,0.29788734625363944,0.15295706669442172,0.16054755918322142,0.2098727597630682,0.13465710354184932
2026-01-26 00:00:00+00:00,0.2983693117711302,0.20646663457010403,0.17616789978407751,0.11994575341467208,0.18830173807073905,0.20286017122751748,0.18030782763714207
2026-01-27 00:00:00+00:00,0.35262518289137407,0.20878008228510506,0.22601920833051392,0.24459280677980128,0.29564202684116736,0.21954222934326212,0.2857473567279853
2026-01-28 00:00:00+00:00,0.5057057772351329,0.36532103485844875,0.3767038345928056,0.386092990030528,0.4320657608579033,0.3695991621177704,0.4059893701795385
2026-01-29 00:00:00+00:00,0.8252583888262937,0.6941675591211399,0.6728326026599486,0.6621714945451301,0.7684173806269364,0.6913037049052593,0.7066142180707994
2026-01-30 00:00:00+00:00,1.9362417409632862,1.8475937160529325,1.8285233086537438,1.6032097628991357,1.8357559890111261,1.83783159527376,1.8163020356486714
2026-01-31 00:00:00+00:00,1.910082987215656,1.726230845608354,1.8540572274658753,1.5189977187479597,1.934986075091177,1.7398027191068277,1.9474496111376758
2026-02-01 00:00:00+00:00,2.8716216589191474,2.3909886446906667,2.5523513324350104,2.356366924567032,2.704072197999381,2.4306585988033396,2.745888913828638
2026-02-02 00:00:00+00:00,3.5711068104570267,2.9942978471836876,3.194417045657128,2.721788404648389,3.107907964780239,3.0715014465145365,3.3521195978084575
2026-02-03 00:00:00+00:00,5.131745118526664,3.7076172241722163,4.40355764049235,4.18212080385326,4.472550072494358,4.033573469746874,4.431476070889372
2026-02-04 00:00:00+00:00,5.734288438748105,4.009114264124488,4.957822138235611,4.767511618935971,5.158174507916422,4.4591484026336525,5.023202648779154
2026-02-05 00:00:00+00:00,0.7106399212208626,0.289231220948481,0.6408832509237785,0.38398407092019443,0.4801617049603454,0.467029969583925,0.697944295906754
2026-02-06 00:00:00+00:00,0.30097814481875024,0.44117561526763144,0.2957848417004091,0.6588706765339932,0.3652639538828573,0.2526836698309692,0.12161028776781772
2026-02-07 00:00:00+00:00,0.20970590771633893,0.31480553666460087,0.2481926367785064,0.26759947999688655,0.11717189592399513,0.22182721811127443,0.034819696629510996
2026-02-08 00:00:00+00:00,0.14142788114389035,0.2806568225374169,0.209256573594152,0.17599173230464832,0.07258817877315822,0.19553940760006008,0.03093624321764047
2026-02-09 00:00:00+00:00,0.07575143310551039,0.14904387936060948,0.15073936080578276,0.08391152960388847,0.04555552995906952,0.12177063850894299,0.030759214221974984
2026-02-10 00:00:00+00:00,0.04584130352428674,0.1806521231367528,0.11654700154985186,0.02914230806264197,0.010808801208735194,0.15104873428110407,0.019357935592412976
2026-02-11 00:00:00+00:00,0.013490762430414943,0.15257278833114932,0.11755457801394531,0.029926970620803368,0.011188814280702241,0.1079968918972479,0.018212409255179914
2026-02-12 00:00:00+00:00,0.011818954267887096,0.05871316966374083,0.11117476207017347,0.01756251853669645,0.014685070626460522,0.05428371649758338,0.030711496299588723
2026-02-13 00:00:00+00:00,0.021421969038266403,0.05777817685562715,0.13788915831828905,0.05529706669674754,0.020468076580418014,0.040943768507852495,0.027404419802864923
2026-02-14 00:00:00+00:00,0.022675624842437646,0.05709789808708122,0.17881191748915867,0.0885361310027004,0.046407732385225754,0.05006060085642904,0.008616882978170889
2026-02-15 00:00:00+00:00,0.012427316060234271,0.10232038078250147,0.186643535759538,0.13338531796689154,0.07035045839949762,0.08976340432352585,0.018978082085724
2026-02-16 00:00:00+00:00,0.016899308843071014,0.07330212925816368,0.1454355918052547,0.10265132115515171,0.05514913223161765,0.058467284430601736,0.018804817962612495
2026-02-17 00:00:00+00:00,0.01899003253084535,0.06409687278560873,0.14169142259351059,0.08689861938773136,0.056476765033579665,0.0517760558867813,0.025866007470608243
2026-02-18 00:00:00+00:00,0.05007924905368006,0.04826237435585399,0.11071911264890624,0.08563395379657232,0.030267200678925108,0.036819552335335536,0.02885296495126546
2026-02-19 00:00:00+00:00,0.08484102156563947,0.07972879578592403,0.1115986667566202,0.09519559230467427,0.036712622832387916,0.1287036236844128,0.0798975911783728
2026-02-20 00:00:00+00:00,0.2650700736863237,0.3059872685596225,0.3149346381861493,0.3107720655570182,0.13503645364237343,0.5675914495173136,0.1385845857064951
2026-02-21 00:00:00+00:00,0.3339351383166944,0.4646231041764703,0.603322521374154,0.3379120083689139,0.20189973906929085,0.8807691293748812,0.166180090516561
2026-02-22 00:00:00+00:00,0.37352655201136337,0.3603508264150294,0.9127348527971952,0.4212870108318598,0.28897602447724074,0.9669025469450886,0.1795435288800608
2026-02-23 00:00:00+00:00,0.43023388124797834,0.3107651544130148,1.2644594191696803,0.361689321916757,0.4136835055418639,1.0477223833544336,0.17672725396995137
2026-02-24 00:00:00+00:00,0.5427224546696555,0.25553135796902554,1.7209282028517088,0.5067609152793128,0.5408542922251028,1.0688282399286402,0.19409721904384308
2026-02-25 00:00:00+00:00,0.7979321575959416,0.43051855098067743,2.6576216552152934,0.8325209889974053,0.8744685110216653,1.354318020646719,0.3507540720462922
2026-02-26 00:00:00+00:00,0.19695276767114914,0.1029088875713572,0.8656685177693184,0.35763890779614227,0.15057555430750982,0.42497532604744365,0.09807680538164136
2026-02-27 00:00:00+00:00,0.03438090685899126,0.02737618508593922,0.03160177484709868,0.09435368113401395,0.12257677661641327,0.022125879147508628,0.13220912248813585
2026-02-28 00:00:00+00:00,0.030290033438758437,0.049016454174038986,0.029928607714295185,0.0668157896239837,0.2618431725860954,0.032136674448126144,0.19102741462922362
2026-03-01 00:00:00+00:00,0.05593682095884891,0.08939691807212677,0.04191990647566546,0.05868215318291254,0.05687146629433123,0.05471859638680269,0.08427474873046115
2026-03-02 00:00:00+00:00,0.0341722865742557,0.08332578327501869,0.0427903316162754,0.07760753710803917,0.07429148898042406,0.06424211970473744,0.09340051063000772
2026-03-03 00:00:00+00:00,0.03724243995106342,0.06629421366719386,0.07951691317132578,0.06642008467555607,0.06227199922499229,0.06103898504800663,0.09274933320435423
2026-03-04 00:00:00+00:00,0.04862545802566744,0.17229063284930607,0.1979631663500229,0.11174091078188438,0.13319080327899646,0.13472117809556095,0.13789315336290842
2026-03-05 00:00:00+00:00,0.03936115282557435,0.14337499117050273,0.1921923104160133,0.11417028941890352,0.07845755078828003,0.13295357700183036,0.09181800958774293
2026-03-06 00:00:00+00:00,0.055074324562914424,0.25054848222837006,0.2269108427087221,0.09767980428567427,0.08192514970721392,0.221454804345966,0.11497827678642485
2026-03-07 00:00:00+00:00,0.027679245005193726,0.1401747570722469,0.10520409253843191,0.09890749354395607,0.6855260838125901,0.10974609938453479,0.3435491735325426
2026-03-08 00:00:00+00:00,0.029952825404803457,0.12925530107847308,0.10460125506788157,0.04220644272436492,0.9585558068636069,0.11184158319385189,0.43017320774923046
2026-03-09 00:00:00+00:00,0.054574496760157305,0.1183049008712319,0.11331533615644149,0.10038539234611812,0.2991219413077726,0.10668333756651381,0.20387089234170047
2026-03-10 00:00:00+00:00,0.02954894812383898,0.08495620270390776,0.09046136462585104,0.04959027267113739,0.06465212528470166,0.08355632111271398,0.08762177427006902
2026-03-11 00:00:00+00:00,0.024554715563729543,0.04805183323990003,0.03848118966064519,0.06064063621668549,0.169962011779745,0.042725119555027946,0.10070982315770749
2026-03-12 00:00:00+00:00,0.01768632631037744,0.013222562302443506,0.011652832096193439,0.018626627582360174,0.1028705443764911,0.01825613699809885,0.05347681673983616
2026-03-13 00:00:00+00:00,0.026728986684417505,0.016419694781712076,0.016258401495592118,0.026189576688949667,0.1412648456590939,0.013844042563758794,0.06784035173213677
2026-03-14 00:00:00+00:00,0.024196796262900888,0.017718111199683154,0.013672873099750496,0.027954640960864946,0.06491515034240383,0.013065462211717824,0.0354232346383309
2026-03-15 00:00:00+00:00,0.019425721225817757,0.02514436302646078,0.01788715082361048,0.021025139356959283,0.018743531071547866,0.01928478155284179,0.01965481901630039
2026-03-16 00:00:00+00:00,0.02617453144470796,0.0334723354394789,0.03402807977702006,0.060736464592767096,0.07012889182522329,0.030718956645204375,0.05501241584221994
2026-03-17 00:00:00+00:00,0.0306166430025552,0.022474592234426546,0.042632396348104055,0.1273929892948197,0.03348353052069662,0.026216204962078733,0.02821668006281477
2026-03-18 00:00:00+00:00,0.011426052406305424,0.05763527657554135,0.05579610189746609,0.05072993740778788,0.050141225058620634,0.05729515201684656,0.06115912066220188
2026-03-19 00:00:00+00:00,0.03198635806800143,0.041842333145930756,0.048194001905506774,0.038592053541358036,0.0402427266787431,0.04884963768894455,0.04564090096884378
2026-03-20 00:00:00+00:00,0.018772104517749348,0.01637080062020487,0.014331224231248716,0.04069265842741845,0.046414821411271956,0.025362982229342794,0.03653703076888277
2026-03-21 00:00:00+00:00,0.022504564679943273,0.026316389012309094,0.02141648943424552,0.036063214668285645,0.04761570158037908,0.03690607325536759,0.038855348747410465
2026-03-22 00:00:00+00:00,0.027501690503390245,0.03625618940634362,0.03651663280771552,0.039997820502788994,0.03804404775630018,0.04271884900440748,0.02913731902854171
2026-03-23 00:00:00+00:00,0.051275369946429054,0.0933287846752544,0.06767887866399432,0.09117412800402125,0.05753757538948096,0.08393963980265519,0.05460237058995428
2026-03-24 00:00:00+00:00,0.048562423118039155,0.032986138455263485,0.05360139828629328,0.06614926233301467,0.047734443286211244,0.03256061333120326,0.03175507123657391
2026-03-25 00:00:00+00:00,0.00781777960206621,0.01745534824130305,0.02577909431550943,0.00812330951705348,0.024991573882055085,0.012908219918686233,0.024083308473066768
2026-03-26 00:00:00+00:00,0.01639829893248127,0.02431175730107595,0.04582628331131101,0.038889602233993494,0.04023528352991936,0.025925090509327557,0.04546879564026981
2026-03-27 00:00:00+00:00,0.03567060136771093,0.033611065217405985,0.05600811761203102,0.03890580478389325,0.04713948255179109,0.045842127662045616,0.06153850650846494
2026-03-28 00:00:00+00:00,0.02859919068679174,0.03184623441742702,0.04554342123003737,0.02798020424809571,0.031719175456045016,0.0497766258394472,0.0408793061419076
2026-03-29 00:00:00+00:00,0.020846981256697147,0.03181026623861014,0.04163000931876388,0.02122757547862037,0.027839508976149542,0.045095503799732595,0.03386216750556621
2026-03-30 00:00:00+00:00,0.03339742821446602,0.044490769363089086,0.05543049661140907,0.0451790829238105,0.05273317736198419,0.05650010988198219,0.05365556818128952
2026-03-31 00:00:00+00:00,0.03963209756011608,0.039406334579892524,0.05589446854246465,0.044057612775923856,0.042864784712824955,0.05951918137251673,0.04841970422214895
2026-04-01 00:00:00+00:00,0.045497467033096865,0.037051783588102356,0.05113737704064647,0.035691766264671194,0.029807394570212285,0.053549764386434884,0.03426568876962909
2026-04-02 00:00:00+00:00,0.05342213793408888,0.0313658224321055,0.054250179856841864,0.035271845535807644,0.03960490103301675,0.04704811535260811,0.0317321932649504
2026-04-03 00:00:00+00:00,0.053292023934545886,0.013397448583812288,0.042485315628629186,0.028267957210322287,0.02732452795891072,0.03159138908384265,0.017710980020337618
2026-04-04 00:00:00+00:00,0.03535032465860514,0.011938183044429932,0.05263447512080334,0.025380984764253343,0.020533091685259883,0.029006883135383358,0.013206076897141391
2026-04-05 00:00:00+00:00,0.03364665923361415,0.010973987257087727,0.04500281371839226,0.038496473494668275,0.01719690906255291,0.023746428258988008,0.010655605318146978
2026-04-06 00:00:00+00:00,0.02875492098883156,0.030664128209363817,0.02970338878633692,0.02131701158646419,0.031565837126686,0.031016527623599677,0.023379697752863655
2026-04-07 00:00:00+00:00,0.021038089037763805,0.028185167841221454,0.02363826732050389,0.021147277731712193,0.013325710516282997,0.026184873844734773,0.020135512786191946
2026-04-08 00:00:00+00:00,0.015024793848453821,0.03511641965744357,0.02295217206715679,0.014361604749922817,0.016839330359252815,0.029453889382832808,0.018246743221224344
2026-04-09 00:00:00+00:00,0.032461214914460135,0.04095753514451077,0.03188051961674145,0.019506500936808426,0.02318885547885167,0.03708743533036052,0.021602989322089837
2026-04-10 00:00:00+00:00,0.03282388984063829,0.05393717133790743,0.036603359605217545,0.03190065215382189,0.03046710355018954,0.049571291045100496,0.029135346597696652
2026-04-11 00:00:00+00:00,0.05148527768883542,0.051358012228402646,0.04769385195943432,0.04432170643469845,0.049263210423808934,0.04269305914753414,0.0428978978901147
2026-04-12 00:00:00+00:00,0.056038401956556946,0.024168356313794333,0.018351697032516445,0.014965372394571715,0.03227094640709083,0.021985429189999444,0.026179803488391336
2026-04-13 00:00:00+00:00,0.01584449250965344,0.016982824378528084,0.018348361199490796,0.020726476689068855,0.022594898672975466,0.013457638633743324,0.013667770318546438
2026-04-14 00:00:00+00:00,0.02155379060390295,0.015299334000756856,0.016802895232309965,0.02672937744418113,0.020933098516378295,0.013508877668304406,0.011791050860117067
2026-04-15 00:00:00+00:00,0.027959555429449372,0.010613166126394577,0.010944150168074184,0.024949421870931323,0.01756537318217028,0.007495340748366872,0.009628451531691304
2026-04-16 00:00:00+00:00,0.012749581612217249,0.004871200048551401,0.003977668758778373,0.010481382422462623,0.008603990896165179,0.00447345909280034,0.009097903264045542
2026-04-17 00:00:00+00:00,0.017900416828807213,0.008964536949096727,0.006401740909928526,0.015245145976920726,0.010019032770325707,0.008718772273481687,0.010614465554570476
2026-04-18 00:00:00+00:00,0.006912136357704201,0.015799119247437286,0.013412652959030047,0.0136251794952655,0.015513707159230219,0.013121844722294084,0.021234762421459556
2026-04-19 00:00:00+00:00,0.011187395507478572,0.049964202478474266,0.04667915324225191,0.029092537913049856,0.03446720240060108,0.05272374736123527,0.045727421126001644
2026-04-20 00:00:00+00:00,0.01692351166735773,0.06175796101592891,0.05196474121233561,0.04074937886821729,0.04087174742323337,0.050762887853278725,0.04672827832772179
2026-04-21 00:00:00+00:00,0.021883530804498817,0.06035866888914986,0.04301298596075436,0.03377123909391488,0.03130748499191013,0.05046697117270559,0.03580538284849882
2026-04-22 00:00:00+00:00,0.018404797369664303,0.06632754511910786,0.047005455484516935,0.03423799195343607,0.023099660466650383,0.05079289603917668,0.027007589100345043
2026-04-23 00:00:00+00:00,0.005650840088875488,0.05951991573389294,0.04058420023732585,0.017545543533082235,0.013797706059847068,0.04297608659082942,0.02287531647070804
2026-04-24 00:00:00+00:00,0.006600411362504717,0.03527220923922651,0.035170908105700324,0.01616402182024162,0.014505623175926756,0.027735306874203836,0.02413474274891732
2026-04-25 00:00:00+00:00,0.012081981952158634,0.02568971773480842,0.037546798819249,0.027815930461230313,0.016385377239718155,0.02487724724457347,0.023382441104761887
2026-04-26 00:00:00+00:00,0.02595315713668724,0.027005551836518208,0.04492476049166861,0.0387948965909685,0.019566661940889213,0.032534933967458705,0.02299936417202841
2026-04-27 00:00:00+00:00,0.052082741984921035,0.06432871339566593,0.09112942795356112,0.10004455966808275,0.04770398599547455,0.07401070053980859,0.05290093564845165
2026-04-28 00:00:00+00:00,0.08100021585955161,0.0657286785620056,0.06565702404408037,0.048046163819329905,0.033698825396839056,0.07207619701308991,0.0465604121448503
2026-04-29 00:00:00+00:00,0.07975103598637202,0.06814123377097152,0.07209304104344702,0.044111735660742384,0.04000565859893061,0.0736019276190089,0.05845080406082368
2026-04-30 00:00:00+00:00,0.07848423143042367,0.039670257921007916,0.05696332197399107,0.04542193378263001,0.046181179943393484,0.044524869103610795,0.0513548050981829
2026-05-01 00:00:00+00:00,0.09510254700739527,0.0375781470445062,0.06036691180666549,0.05543819190551493,0.050069866802140144,0.048514372336893576,0.05659268749921428
2026-05-02 00:00:00+00:00,0.10554430408589532,0.047833476538642186,0.07164233444993114,0.04828456157037212,0.060609843478408365,0.06584056612438316,0.058146234899465944
2026-05-03 00:00:00+00:00,0.07002198127304958,0.03685146590501971,0.06402786027239794,0.05353346413590536,0.05039686924985991,0.05357804590471939,0.042485541152780616
2026-05-04 00:00:00+00:00,0.02034985413560376,0.023941752870259504,0.02772427206471895,0.04362594645036698,0.03979682116028488,0.03691723401773398,0.03069324878530342
2026-05-05 00:00:00+00:00,0.021989472753526133,0.017489740542465125,0.02725870144320344,0.056888239312432275,0.0290935623028262,0.03003180637515942,0.02397630078802745
2026-05-06 00:00:00+00:00,0.021194270980099045,0.008216394124511122,0.013481886860993653,0.07392203225910184,0.022949237620523397,0.013472547637581062,0.016003543309201045
2026-05-07 00:00:00+00:00,0.03978713911754595,0.014966062561372177,0.01697234479221021,0.04281962537168261,0.02511850195896242,0.017092665891961564,0.025660390073614297
2026-05-08 00:00:00+00:00,0.0401155581910406,0.01465273599398244,0.014861265674541338,0.039531309115826856,0.026324925128359322,0.014251513783328387,0.02123126121684964
2026-05-09 00:00:00+00:00,0.04922919930867381,0.021588691591045088,0.020297919525524417,0.04558196792110495,0.045472552857060436,0.0225326481863761,0.027306913387723942
2026-05-10 00:00:00+00:00,0.03837330378995428,0.0077279228384290535,0.013297369526787808,0.010376098717564414,0.014421738330757716,0.01294528546430254,0.011775853621236504
2026-05-11 00:00:00+00:00,0.04024963642524184,0.008757223815868593,0.022760576173942164,0.021056933934827816,0.035676064039991115,0.016466257844309135,0.02317228012505466
2026-05-12 00:00:00+00:00,0.04287893430928731,0.013790445719300356,0.015489748274480885,0.024651458736503075,0.0240552950277677,0.01923680117264609,0.028040058484715302
2026-05-13 00:00:00+00:00,0.033933774836624395,0.012081668380686124,0.01759072562345475,0.020706967252471998,0.028371159334501815,0.016707900610831966,0.027301893776918138
2026-05-14 00:00:00+00:00,0.008583670833381216,0.007942307480165183,0.006065549830099102,0.009607647913811515,0.021447020911952833,0.007818527242583839,0.023929247374146045
2026-05-15 00:00:00+00:00,0.02666768486178353,0.025720697340913718,0.013981128909263443,0.028391054135659118,0.039890694422974646,0.021905147928624476,0.04746087646089926
2026-05-16 00:00:00+00:00,0.04741496967394842,0.03912287048222597,0.019975355792768774,0.028369684876964053,0.060175439762466164,0.03673472509790206,0.061536578938874056
2026-05-17 00:00:00+00:00,0.052310336609671645,0.047736696187966624,0.023333541876157885,0.03781265664750423,0.034483935650462226,0.04530338816795265,0.057357981617318234
2026-05-18 00:00:00+00:00,0.026676467392238435,0.031144183313213843,0.014549994754545308,0.029401915005387073,0.04433542878540863,0.026493924654791397,0.05168257261589825
2026-05-19 00:00:00+00:00,0.02293379423646371,0.02287018721184071,0.009961303256121505,0.017576433547002328,0.01633209412363718,0.018087504938898963,0.023879070468590398
2026-05-20 00:00:00+00:00,0.020908685532242836,0.02439720200480567,0.010465877366559833,0.012125615166214913,0.014429713716969201,0.019285624364267513,0.01792128963578476
2026-05-21 00:00:00+00:00,0.017484130759057605,0.014993738822598515,0.010011475877227302,0.008872564663696361,0.017242180933964728,0.009721732075929202,0.015736404030827857
2026-05-22 00:00:00+00:00,0.018269079250394584,0.03161669330749789,0.02244913824660535,0.021945102489401604,0.023525682997459878,0.025977821488880597,0.034073375257049454
2026-05-23 00:00:00+00:00,0.07639063696713264,0.10594497162341203,0.09054786486604229,0.10343388106925878,0.08434495812478733,0.10142312727387597,0.10338415915133427
2026-05-24 00:00:00+00:00,0.13746691273562836,0.17900456355391806,0.1630731965506583,0.14298990581743204,0.1372683196307176,0.1842301958298265,0.1701854212729063
2026-05-25 00:00:00+00:00,0.2207900334399489,0.22838130185038819,0.23856618090979134,0.22279535746406556,0.24115583289294737,0.24113798455178093,0.261429423461278
2026-05-26 00:00:00+00:00,0.3340343781850312,0.33450035865122024,0.3494291888684405,0.34050776593630777,0.3505623034533239,0.34876157916574113,0.3615586703681436
2026-05-27 00:00:00+00:00,0.433962780499229,0.4738230914131217,0.49123377046087974,0.45980649530989204,0.4512000513956898,0.4869135188243644,0.4705732510186601
2026-05-28 00:00:00+00:00,0.5587621559909236,0.6078576676550481,0.6183073100455699,0.5908253111075972,0.5671396603788492,0.6142414986698971,0.5753355602779617
2026-05-29 00:00:00+00:00,0.7624079867663205,0.8454274249650011,0.8620703841809243,0.8428633730990526,0.8294888461807809,0.8476843321772262,0.8070396084400455
2026-05-30 00:00:00+00:00,0.1967999474624753,0.21832248822806372,0.22313035319164318,0.24655458452679574,0.16829169816450373,0.20204720110129196,0.15381740396534513
2026-05-31 00:00:00+00:00,0.44096417483429157,0.4364999065219152,0.4671346418364732,0.5235563640870181,0.37529930096423236,0.4173876911539192,0.33898200857006444
2026-06-01 00:00:00+00:00,0.6374252696709249,0.558501677819858,0.5887234840824849,0.6378185520390105,0.5495984428744393,0.5552682434741578,0.49900012981888425
2026-06-02 00:00:00+00:00,0.22181337380023,0.17247614425375796,0.19005869192550823,0.19086651567986568,0.22491053013113568,0.1705036574584036,0.1768334481688354
2026-06-03 00:00:00+00:00,0.29561549302853685,0.20725928404980035,0.24378915889100375,0.23352613846385603,0.2804712581883774,0.20343578315563346,0.23876424400334334
2026-06-04 00:00:00+00:00,0.4632063462353514,0.27626027718275403,0.35447298577724073,0.31627158705841385,0.3999935434657827,0.2932035085718336,0.3161361734126574
2026-06-05 00:00:00+00:00,0.10030755797515845,0.0226469431173641,0.054208985786268656,0.02485151177324731,0.05063663013583677,0.02779747974080819,0.038587491561641214
2026-06-06 00:00:00+00:00,0.16789883567693567,0.03382376711463232,0.06819882594682691,0.03998754089129154,0.06775912954807721,0.03787611509356301,0.05467793248401985
2026-06-07 00:00:00+00:00,0.08930796167520204,0.10905003574449598,0.04860949085055151,0.06825228699851418,0.03896072105602538,0.07012435104142585,0.03974712074547461
2026-06-08 00:00:00+00:00,0.03333772571171344,0.07939653361298075,0.04022183784960245,0.039166055537504685,0.016912588955912695,0.03145758749244347,0.023283194431314824
2026-06-09 00:00:00+00:00,0.010923833667718484,0.12094436084264082,0.06332706230026877,0.023221788436816385,0.011713321668536046,0.05346176756708763,0.01636403010836502
2026-06-10 00:00:00+00:00,0.010400152457079107,0.13822485970684098,0.06876762692085062,0.02981951608558406,0.03278586742830845,0.06403863538596191,0.026362617488372615
2026-06-11 00:00:00+00:00,0.010265541001887231,0.13449161761375542,0.08729384593249725,0.08008578509554277,0.024928952400028178,0.06116634622830708,0.03357104693635374
2026-06-12 00:00:00+00:00,0.009777566468525569,0.050355083414524805,0.048603399801440905,0.05745505405913426,0.014025282205237436,0.031112008472810378,0.01962061676043887
2026-06-13 00:00:00+00:00,0.040553997746342274,0.03469325270252132,0.03066542325701819,0.04701222937508113,0.01661502494217705,0.026415989770397587,0.02122635938791669
2026-06-14 00:00:00+00:00,0.03882430842561788,0.05412096661088955,0.0423758684624959,0.1460319455252173,0.024801669497446933,0.03419884747168839,0.02819279397469962
2026-06-15 00:00:00+00:00,0.0344223736021985,0.06520588720650287,0.04722257360186176,0.11804871416956512,0.11276087104580389,0.03942042898255812,0.08426458566507777
2026-06-16 00:00:00+00:00,0.04708761989327532,0.06227669821362477,0.05056831030486173,0.04462834196933085,0.01733919294789032,0.04597941433689345,0.025340754203865893
2026-06-17 00:00:00+00:00,0.03976425597580376,0.04804796907115017,0.05060947106021058,0.06410694201721642,0.05215777014413649,0.04695519410009369,0.04134536812201555
2026-06-18 00:00:00+00:00,0.06815600344763606,0.05156937705842634,0.058913143948422286,0.06079355336784848,0.11440448742482005,0.04942062874787047,0.05815330862584867
2026-06-19 00:00:00+00:00,0.11435774703970147,0.05221532253885165,0.05958874375444023,0.05442120099320019,0.0894114070839213,0.05359043256549399,0.03693134512890116
2026-06-20 00:00:00+00:00,0.06241322691202481,0.052254614883873854,0.06026418010015915,0.0323226219572444,0.02591495830099887,0.06724184314373047,0.02284753839785935
2026-06-21 00:00:00+00:00,0.08533897993170306,0.13700267769220367,0.12292215842961066,0.05117226019986095,0.050652080573670974,0.14892639222394882,0.03633931651593938
2026-06-22 00:00:00+00:00,0.07795102533064562,0.12384626546936826,0.15935294998530442,0.057623341896384926,0.046658754246720544,0.13220785107377525,0.031917737633685786
2026-06-23 00:00:00+00:00,0.06540326439522225,0.11438506067321944,0.14319068510842992,0.06995976262944748,0.08843938744375822,0.12058653923462655,0.06027944759930444
2026-06-24 00:00:00+00:00,0.13261953298668386,0.14847409158135655,0.20368723957083454,0.11208528074639672,0.08372000292010676,0.1725509353653285,0.07814189266741838
2026-06-25 00:00:00+00:00,0.15391739501976423,0.13275913608112788,0.2138859800472881,0.18787996476564106,0.1254369649628967,0.16974164398779676,0.09730874713190547
2026-06-26 00:00:00+00:00,0.07902419567217377,0.06851779093283662,0.07930858338636623,0.12975050349687936,0.07468758418816963,0.0955400229167315,0.06597341456310857
2026-06-27 00:00:00+00:00,0.05674069530451466,0.03345527748654192,0.052826630912602014,0.06356206244772623,0.037896421832573815,0.06069902839884032,0.031016070480151654
2026-06-28 00:00:00+00:00,0.010322923783837258,0.02427084888565189,0.01828705500919108,0.017803541186184744,0.0072410424808265735,0.022529869070221555,0.016253825713553993
2026-06-29 00:00:00+00:00,0.014802391047994986,0.027688417891579387,0.020615545555612586,0.016446690534541314,0.009791147563341913,0.025763915724595444,0.01897965239228444
2026-06-30 00:00:00+00:00,0.02148668329723385,0.041178264544295386,0.036290166349139216,0.013591541206919716,0.017165767482770763,0.03308782742438361,0.025025499210608478
2026-07-01 00:00:00+00:00,0.02291796713541894,0.05489857655489666,0.05475946497911902,0.025997604070202688,0.0405336167186887,0.03707701268784875,0.04079798789585572
2026-07-02 00:00:00+00:00,0.0343230778782942,0.06784758115468341,0.06726581111130663,0.06039478751769808,0.052112642374989575,0.057886218017402666,0.060072404768237206
2026-07-03 00:00:00+00:00,0.05381591263200207,0.06655971125292294,0.08425783075850149,0.06374802629281044,0.07963684711398054,0.06917926535880621,0.12008546364457018
2026-07-04 00:00:00+00:00,0.05255606992370588,0.0820831484411539,0.09079852576116651,0.07245314812878433,0.10821747750684743,0.08974198691593895,0.13111651539344496
2026-07-05 00:00:00+00:00,0.03870567657436384,0.07754476746038304,0.08633955812829879,0.06963719373901477,0.08436486051000544,0.0815376647373052,0.11282490746427105
2026-07-06 00:00:00+00:00,0.06016123921315434,0.04920619387120452,0.04944374289899661,0.040971191823142385,0.0665287068982362,0.04986730978715081,0.09921856152002868
2026-07-07 00:00:00+00:00,0.08431400388342845,0.050143488620431866,0.048953533552872006,0.034810096536088415,0.1724233478020216,0.05758631077528188,0.13563189528261463
2026-07-08 00:00:00+00:00,0.08110277515842854,0.04170102024061502,0.03888794989862945,0.03925393003373851,0.07288822326930654,0.0457170642383964,0.0802819560740123
2026-07-09 00:00:00+00:00,0.0303559718508218,0.020717524193320118,0.014953872017635855,0.016372381384463626,0.028066108578430754,0.020110310375121808,0.0355564476355966
2026-07-10 00:00:00+00:00,0.01900026838559213,0.022502622651988435,0.016913548285529326,0.012376001734168921,0.024516267343227573,0.016429854217184906,0.026287745512709314
2026-07-11 00:00:00+00:00,0.01995462637999589,0.011004840003481791,0.015899039025803308,0.008422760665419375,0.0765902523103238,0.009425108915225208,0.04279411249888833
2026-07-12 00:00:00+00:00,0.010588912091099032,0.015789220274389053,0.022744769130362264,0.010092504641099316,0.11824806209829182,0.013479823541606628,0.056524189720986835
2026-07-13 00:00:00+00:00,0.009367910726620491,0.0136376957486955,0.025561902260436482,0.01265784195997817,0.07497245692958722,0.013061741336078816,0.04709203443316684
2026-07-14 00:00:00+00:00,0.03765741392142269,0.0417640292444571,0.05849671649328452,0.052435218912671944,0.05898937577171979,0.045681232018479415,0.06894181707131007
2026-07-15 00:00:00+00:00,0.01790045914644523,0.02248335929987758,0.032352191990604386,0.020928875663834817,0.04448591434614722,0.032127456165097254,0.05486406880850225
2026-07-16 00:00:00+00:00,0.02029037873396028,0.029206667133357258,0.03525970023398376,0.03963390106875998,0.03527346392764983,0.03547530583468945,0.061950503877548524
2026-07-17 00:00:00+00:00,0.03362433834660703,0.031024129508698154,0.035505811646550416,0.045108855068205944,0.0430519822105724,0.03875769901252255,0.06279724670451194
2026-07-18 00:00:00+00:00,0.03415488235219056,0.028021101056183932,0.027923774388442884,0.043866776045954715,0.05421032139257631,0.037440183601384944,0.0632722875482341
2026-07-19 00:00:00+00:00,0.03536927884267972,0.02039512227474412,0.025885928591726677,0.03630660149203736,0.04023857381181186,0.02923244008087178,0.04849354318942095
2026-07-20 00:00:00+00:00,0.025621027416778897,0.012529244372888753,0.019667050214120983,0.028132342071533995,0.02574602517285138,0.018184541378375167,0.03459128362875603
2026-07-21 00:00:00+00:00,0.020069565635629425,0.01674640437406155,0.01909016045798257,0.011662298619310752,0.010291966448431096,0.021220739582082787,0.020035489881885443
2026-07-22 00:00:00+00:00,0.01540953664948049,0.008597638546674256,0.01556094370723097,0.00677789438487224,0.008195782153620478,0.012366176558509478,0.009587694574222124
2026-07-23 00:00:00+00:00,0.008404086282712065,0.006990684225587035,0.018516920049513746,0.00714797229480423,0.005923263219541856,0.010204525335209649,0.012340647984162957
2026-07-24 00:00:00+00:00,0.019401059204915517,0.0068107999735201345,0.006641498867406261,0.012773714023743546,0.00999566824278737,0.0066415014019221485,0.008722585439463814
2026-07-25 00:00:00+00:00,0.02592297363217334,0.011037281575353502,0.012627463734796302,0.02101576084006262,0.018561856812248125,0.0103889245358836,0.010379901409618279
2026-07-26 00:00:00+00:00,0.016824329660293517,0.010853553740401834,0.008503736916218882,0.019514364825520433,0.02082068426735933,0.010340663312384948,0.012896803087772425
2026-07-27 00:00:00+00:00,0.005997926921370583,0.019247521030404776,0.02316059930984693,0.013868105233021077,0.016346215045000844,0.01941129352216552,0.02079660445560212
2026-07-28 00:00:00+00:00,0.02090721719554255,0.025450597242297094,0.028211518243889094,0.024436544572997713,0.02099287623093021,0.02392622748349383,0.024033994535074137
2026-07-29 00:00:00+00:00,0.03869171851200731,0.030478811537782424,0.037395959807885334,0.060030854459708315,0.03450199137159831,0.0312377795659703,0.03490152100969353
2026-07-30 00:00:00+00:00,0.01982932535845606,0.01231438308577164,0.01773000420889272,0.026221058910651376,0.013924774949419296,0.01362245834934157,0.019729637131027784
2026-07-31 00:00:00+00:00,0.028454641965589177,0.024340017682874464,0.03157377417846475,0.053437214461288754,0.03731992709531341,0.024621097016525283,0.046207514365062215
2026-08-01 00:00:00+00:00,0.03435557071622422,0.031490477019985356,0.034257065612735296,0.06576028719429465,0.03201052769608796,0.035336097528308,0.04460592991884028
2026-08-02 00:00:00+00:00,0.040433449255464125,0.06292509718218255,0.06488673727451123,0.08249829436140874,0.05536631664625415,0.06317216813472996,0.06548233935838986
2026-08-03 00:00:00+00:00,0.03600326349404669,0.058445172828274224,0.06474839735850096,0.08519054424988429,0.048861168118465394,0.05708314556619858,0.05576176510712516
2026-08-04 00:00:00+00:00,0.023277780397063914,0.03418606203747203,0.027083485513059603,0.01907416192570045,0.017262205755434655,0.030983837245400176,0.031971844883032355
2026-08-05 00:00:00+00:00,0.023794992148634172,0.01827298359335051,0.024337303843956788,0.018253030447213797,0.018182920431071243,0.019622451629418686,0.03270462233019323
2026-08-06 00:00:00+00:00,0.009069926449299765,0.011796169233768404,0.01807474826102434,0.01814432183100704,0.017307728747764997,0.013964858215336533,0.028030987464144858
2026-08-07 00:00:00+00:00,0.0106801137119921,0.014305374785465915,0.019350375099159746,0.013343708910619064,0.02349065589256436,0.014931572558542315,0.029692338851211027
2026-08-08 00:00:00+00:00,0.02179416394120905,0.019074108176948157,0.02347808969355342,0.02346314927603353,0.024489443065183004,0.023626636457877402,0.03130633712080734
2026-08-09 00:00:00+00:00,0.020407724407726275,0.03017796140371577,0.03134212164415878,0.03922847930266728,0.029668604245352677,0.03331957445627208,0.035728631296256516
2026-08-10 00:00:00+00:00,0.033510678114532795,0.046602887466684284,0.04614472880947017,0.07525344660858888,0.07342687405380946,0.051022762302605815,0.06346752790591018
2026-08-11 00:00:00+00:00,0.052067085248854984,0.05087475949948343,0.04241093859492794,0.06250855681412017,0.04197521813604117,0.05105424712705026,0.057535741663917055
2026-08-12 00:00:00+00:00,0.20953649123931078,0.21456763798274228,0.2109061828755204,0.23352257370527174,0.22064383380534225,0.21503094994239816,0.2103401491006614
2026-08-13 00:00:00+00:00,0.5949460878210164,0.5906710562422948,0.5745441670489964,0.5992717827940176,0.607765042124572,0.5899682319939716,0.56379849305132
2026-08-14 00:00:00+00:00,1.2100451396691627,1.3309508764291067,1.2521165699835366,1.2771899523416959,1.2155193823277781,1.2814779167982915,1.1908238925010952
2026-08-15 00:00:00+00:00,1.9217309674946912,2.031925839765509,1.9555249413400406,2.028491598796234,1.9101707844172786,1.9763120504962741,1.89493914377258
2026-08-16 00:00:00+00:00,2.7380442782694927,2.83029182781858,2.7795259455014008,2.9240519112866354,2.7840305714610265,2.780962348304435,2.74687103392306
2026-08-17 00:00:00+00:00,3.6555321141372445,3.5503379854923445,3.628692559483372,3.4764805008331345,3.2994333956261417,3.6000052550901573,3.3110950026545467
2026-08-18 00:00:00+00:00,4.534100634466552,4.541000886177904,4.558562550028438,4.455793104199344,4.346811454206038,4.55588553007454,4.313917770008888
2026-08-19 00:00:00+00:00,1.1159260136102995,1.1153753809652327,1.0942398268283677,0.8883618963880933,1.020525008284173,1.1945463489118548,1.1045370273911528
2026-08-20 00:00:00+00:00,0.20990947361827153,0.2619562508095771,0.2132888951390101,0.0479263487148617,0.10322082420887665,0.2921604804103449,0.20526526769150757
2026-08-21 00:00:00+00:00,0.03666761166597417,0.063545586901769,0.03253421411623667,0.1482746032675734,0.08569815037244291,0.05043040535699211,0.05304851564815046
2026-08-22 00:00:00+00:00,0.08883721130991899,0.04549819321639699,0.054030645640176685,0.3576155189463493,0.20361603007958426,0.02960272105015054,0.04418797097417201
2026-08-23 00:00:00+00:00,0.04768269652864853,0.024150569021466728,0.0366551602312327,0.14624658933799198,0.07460301823426217,0.025843888682621687,0.013301093891588404
2026-08-24 00:00:00+00:00,0.023211490164883074,0.025357234020268935,0.025729700074709445,0.08608885099592986,0.03145536324869212,0.04067700747238388,0.015775260100431867
