symbol,window,period,maximum_lag,n,n_effective,integrated_time,used_lags
BTCUSDT,7,development_2023_2024,30,716,53.47320761541214,13.38988311959115,30
BTCUSDT,7,development_2023_2024,60,716,51.76595852524554,13.831483476748852,37
BTCUSDT,7,development_2023_2024,90,716,51.76595852524554,13.831483476748852,37
BTCUSDT,14,development_2023_2024,30,702,31.634499599111468,22.190962679862253,30
BTCUSDT,14,development_2023_2024,60,702,28.395329017150765,24.722375978668616,60
BTCUSDT,14,development_2023_2024,90,702,25.651542129792418,27.366775706817158,90
BTCUSDT,21,development_2023_2024,30,688,23.563857922106074,29.19725633528639,30
BTCUSDT,21,development_2023_2024,60,688,21.447412535132134,32.07846162668878,60
BTCUSDT,21,development_2023_2024,90,688,19.125474980073808,35.97296280049537,90
BTCUSDT,28,development_2023_2024,30,674,19.233383340329155,35.04323644331135,30
BTCUSDT,28,development_2023_2024,60,674,17.059841974392402,39.507986123887,60
BTCUSDT,28,development_2023_2024,90,674,15.00513162733824,44.91796651567,90
ETHUSDT,7,development_2023_2024,30,716,45.55809954496203,15.716195520696992,30
ETHUSDT,7,development_2023_2024,60,716,36.27651361058651,19.737288089091642,60
ETHUSDT,7,development_2023_2024,90,716,34.30165418995679,20.873628893665373,70
ETHUSDT,14,development_2023_2024,30,702,29.115597213472906,24.110788277946007,30
ETHUSDT,14,development_2023_2024,60,702,23.318471614444483,30.104889017046485,60
ETHUSDT,14,development_2023_2024,90,702,17.664671796590337,39.74033642309172,90
ETHUSDT,21,development_2023_2024,30,688,21.446830848917067,32.07933166660564,30
ETHUSDT,21,development_2023_2024,60,688,16.86310953486726,40.79911825143794,60
ETHUSDT,21,development_2023_2024,90,688,12.452184007935172,55.251351856153995,90
ETHUSDT,28,development_2023_2024,30,674,17.787144149145604,37.892535999511495,30
ETHUSDT,28,development_2023_2024,60,674,13.637416743431876,49.422849846149596,60
ETHUSDT,28,development_2023_2024,90,674,10.056898901514824,67.01867112321061,90
BNBUSDT,7,development_2023_2024,30,716,46.29332481344969,15.466592708242443,30
BNBUSDT,7,development_2023_2024,60,716,39.99899228601607,17.90045096336886,39
BNBUSDT,7,development_2023_2024,90,716,39.99899228601607,17.90045096336886,39
BNBUSDT,14,development_2023_2024,30,702,31.367911196944544,22.379558383485215,30
BNBUSDT,14,development_2023_2024,60,702,28.192010283608436,24.90067196123864,40
BNBUSDT,14,development_2023_2024,90,702,28.192010283608436,24.90067196123864,40
BNBUSDT,21,development_2023_2024,30,688,23.233445353029452,29.61248276120573,30
BNBUSDT,21,development_2023_2024,60,688,21.820803253959337,31.52954508561292,41
BNBUSDT,21,development_2023_2024,90,688,21.820803253959337,31.52954508561292,41
BNBUSDT,28,development_2023_2024,30,674,18.413193730424723,36.60418772905907,30
BNBUSDT,28,development_2023_2024,60,674,17.60581146959838,38.28281367001229,40
BNBUSDT,28,development_2023_2024,90,674,17.60581146959838,38.28281367001229,40
XRPUSDT,7,development_2023_2024,30,716,66.14931773090113,10.823996747974412,22
XRPUSDT,7,development_2023_2024,60,716,66.14931773090113,10.823996747974412,22
XRPUSDT,7,development_2023_2024,90,716,66.14931773090113,10.823996747974412,22
XRPUSDT,14,development_2023_2024,30,702,40.73496149887686,17.233353713108468,30
XRPUSDT,14,development_2023_2024,60,702,38.825792766272514,18.080764099936648,38
XRPUSDT,14,development_2023_2024,90,702,38.825792766272514,18.080764099936648,38
XRPUSDT,21,development_2023_2024,30,688,29.03499481074163,23.695544100647513,30
XRPUSDT,21,development_2023_2024,60,688,28.561299825063866,24.08853953475353,36
XRPUSDT,21,development_2023_2024,90,688,28.561299825063866,24.08853953475353,36
XRPUSDT,28,development_2023_2024,30,674,22.330528009897545,30.182895796340482,30
XRPUSDT,28,development_2023_2024,60,674,22.30248952286296,30.220841458486603,32
XRPUSDT,28,development_2023_2024,90,674,22.30248952286296,30.220841458486603,32
