symbol,volatility_window,horizon,model,r2,rmse,mse,mae,mape
BTCUSDT,7,1,Ridge_optimized,0.875205034721162,0.3092483144833972,0.09563452001082211,0.2073126611278968,12.475818988414602
BTCUSDT,7,1,Persistence,0.8030939278366688,0.38845289595074683,0.15089565237252175,0.24118202983506548,14.403087364008492
BTCUSDT,7,2,Ridge_optimized,0.717677564500625,0.4665028399555847,0.21762489968662588,0.33516414820675683,20.86004201831982
BTCUSDT,7,2,Persistence,0.5750316421534027,0.5723476360160199,0.32758181645312645,0.392766014200084,23.638696355614012
BTCUSDT,7,3,Ridge_optimized,0.5747470643748527,0.5739352697313682,0.3294016938416184,0.4257835713649781,27.02133914513386
BTCUSDT,7,3,Persistence,0.3603968654904649,0.7038733877420092,0.49543774597141294,0.5026500266206466,30.465366050573746
BTCUSDT,7,4,Ridge_optimized,0.4113004033002282,0.6769713543048005,0.45829021454927565,0.5120526836650743,33.10169032673113
BTCUSDT,7,4,Persistence,0.13923516510922496,0.8185885791662467,0.6700872619414145,0.6028728081573382,36.362286477358104
BTCUSDT,7,5,Ridge_optimized,0.2349786843379862,0.7729069833331977,0.597385204885224,0.5929860394770614,38.81239931975331
BTCUSDT,7,5,Persistence,-0.07448716474883121,0.9159907314568434,0.839039020114843,0.6938488950564676,41.92072339643965
BTCUSDT,7,6,Ridge_optimized,0.06367182541923477,0.856687706173855,0.7339138259094213,0.6617305496088606,43.93370129592939
BTCUSDT,7,6,Persistence,-0.28190511479194824,1.0023893157614636,1.004784340352735,0.7715525278078036,46.465718508855936
BTCUSDT,7,7,Ridge_optimized,-0.1289899962633112,0.941571467695651,0.8865568287785425,0.7306667336448107,49.34481494613858
BTCUSDT,7,7,Persistence,-0.472271832329902,1.0752321570777823,1.1561241916141405,0.840671076808359,50.614028779639675
BTCUSDT,14,1,Ridge_optimized,0.9517080968102039,0.16076252390775814,0.025844589093192507,0.10417109187675574,5.430112228467642
BTCUSDT,14,1,Persistence,0.9245006549194144,0.2010107330332776,0.0404053147945756,0.11138757661428128,5.836703808687726
BTCUSDT,14,2,Ridge_optimized,0.89114535919977,0.2416077247125404,0.058374292640770716,0.1677329826448933,8.914255863371558
BTCUSDT,14,2,Persistence,0.8299664515590977,0.3019636387320583,0.091182039116305,0.18493757070038958,9.75806335084649
BTCUSDT,14,3,Ridge_optimized,0.8272570516070299,0.30465551472456026,0.09281498265208676,0.22011930752815087,11.667016682513658
BTCUSDT,14,3,Persistence,0.7373847854502473,0.3756373962749898,0.14110345348025374,0.24172130722288337,12.658532631501416
BTCUSDT,14,4,Ridge_optimized,0.7498687188246395,0.36712213129449633,0.1347786592862134,0.27552432018718537,14.690026414153435
BTCUSDT,14,4,Persistence,0.6390913193536685,0.4409864305358498,0.19446903191674988,0.295578735526339,15.298040126819101
BTCUSDT,14,5,Ridge_optimized,0.6629843605383536,0.42688069354059266,0.1822271265176974,0.32834949113280204,17.542288617090982
BTCUSDT,14,5,Persistence,0.5355699986939566,0.5011198652119861,0.25112111931007913,0.3425426270088841,17.657427299463787
BTCUSDT,14,6,Ridge_optimized,0.5695192250667416,0.4833792524902398,0.23365550173802296,0.37743673345192397,20.337439845206436
BTCUSDT,14,6,Persistence,0.43372840861452167,0.5544003715126047,0.30735977193331415,0.38773023883447566,19.975438769214115
BTCUSDT,14,7,Ridge_optimized,0.448825305188048,0.548093680841224,0.30040668297808154,0.4262734574419148,23.198579007232585
BTCUSDT,14,7,Persistence,0.3184672275728243,0.6094716823683707,0.37145573160893214,0.4330098082054798,22.271559894805833
BTCUSDT,21,1,Ridge_optimized,0.9726146812077487,0.10884838021301606,0.011847969874997307,0.06923324823137086,3.374413323315859
BTCUSDT,21,1,Persistence,0.9553101815853706,0.13904883840771484,0.019334579462534793,0.07838453327041447,3.9853950881390348
BTCUSDT,21,2,Ridge_optimized,0.9374902187633349,0.16468070440285645,0.027119734402620985,0.11299075177973254,5.604279658446547
BTCUSDT,21,2,Persistence,0.8951486526084841,0.21328275126270177,0.04548953198618751,0.13267723600977335,6.718549079375914
BTCUSDT,21,3,Ridge_optimized,0.9031896788545454,0.2052185332824637,0.042114646402605656,0.14813042791186262,7.312325711716838
BTCUSDT,21,3,Persistence,0.8268192482338732,0.27447674778503733,0.07533748507465099,0.1794686255873329,9.111355854512956
BTCUSDT,21,4,Ridge_optimized,0.8611501371045278,0.2461332594246343,0.060581581394994324,0.18222632768751576,9.060360357336794
BTCUSDT,21,4,Persistence,0.7513728259999971,0.32936077209726144,0.1084785181965042,0.22386072438155438,11.37264727384271
BTCUSDT,21,5,Ridge_optimized,0.8102239470012685,0.28818726759690716,0.08305190120497137,0.21993424340730008,11.028393398905676
BTCUSDT,21,5,Persistence,0.6706160021106754,0.37966916980784704,0.14414867850257979,0.2648111126661865,13.433420622453216
BTCUSDT,21,6,Ridge_optimized,0.7563022872796537,0.32711019569215843,0.10700108012576219,0.2533999528510333,12.869008938527827
BTCUSDT,21,6,Persistence,0.590403117501173,0.4240789106090703,0.17984292242337585,0.30075715533648884,15.280650582535905
BTCUSDT,21,7,Ridge_optimized,0.6878801087508669,0.3705960443307528,0.13734142807360133,0.28670267648208425,14.674745826350417
BTCUSDT,21,7,Persistence,0.5057835404891509,0.4663356943283327,0.21746897980468818,0.33392341275506926,16.965090922281348
BTCUSDT,28,1,Ridge_optimized,0.9807410028426797,0.08288664338828056,0.006870195652175992,0.05104162129214142,2.4526090900187314
BTCUSDT,28,1,Persistence,0.9719905045554733,0.0999586451240157,0.009991730735028908,0.052612081111158095,2.6285188206185635
BTCUSDT,28,2,Ridge_optimized,0.9545909279783515,0.12725486526324242,0.016193800733165984,0.08316570477015849,4.035201337719316
BTCUSDT,28,2,Persistence,0.9374096043706899,0.1494021785910808,0.0223210109677612,0.09005071284724933,4.464112212265659
BTCUSDT,28,3,Ridge_optimized,0.9280702509154108,0.16014947194934248,0.02564785336565324,0.10988409885233333,5.3181688184795775
BTCUSDT,28,3,Persistence,0.8992954967884615,0.1894940963013802,0.03590801253307675,0.12361802024119993,6.0964877637801
BTCUSDT,28,4,Ridge_optimized,0.8959777038464463,0.19257603820026684,0.03708553048891063,0.1370085441981242,6.653801835473905
BTCUSDT,28,4,Persistence,0.8592494334888073,0.22400829764416746,0.05017971741343793,0.15280354465237425,7.485999868913445
BTCUSDT,28,5,Ridge_optimized,0.8582311735197594,0.2248737115556021,0.05056818614879213,0.1654850860684894,8.045101067495699
BTCUSDT,28,5,Persistence,0.814817833095944,0.2570087424675285,0.06605349370474037,0.18065703887576362,8.812787581702498
BTCUSDT,28,6,Ridge_optimized,0.8218349393468526,0.2524546441428798,0.06373334734930808,0.18832456445024057,9.244048821902588
BTCUSDT,28,6,Persistence,0.7652611859498375,0.2897774239958986,0.0839709554576988,0.20728404053807423,10.103205337533826
BTCUSDT,28,7,Ridge_optimized,0.7769250199043521,0.2828604819652382,0.08001005225760686,0.21239585751885695,10.480025594679637
BTCUSDT,28,7,Persistence,0.7101526708805095,0.3224270701954793,0.10395921559484053,0.22974762153189862,11.183616763885897
ETHUSDT,7,1,Ridge_optimized,0.8315532240320949,0.6338995549823603,0.40182864580683436,0.39543840180720474,13.57854723215831
ETHUSDT,7,1,Persistence,0.7519571069244949,0.769223404027138,0.5917046453030975,0.4395907486866519,14.920061356503549
ETHUSDT,7,2,Ridge_optimized,0.6585271776859171,0.9036360420062626,0.8165580964127439,0.6372475660705573,22.31035520821533
ETHUSDT,7,2,Persistence,0.47641344269560004,1.1189475160776605,1.2520435437363662,0.7418705734617352,25.303323176408327
ETHUSDT,7,3,Ridge_optimized,0.4775890333649023,1.1199636678040845,1.254318617201178,0.8235241271190303,29.28251657777957
ETHUSDT,7,3,Persistence,0.17740024774678298,1.4053745309919203,1.97507757236076,0.993284070448801,34.097279501704115
ETHUSDT,7,4,Ridge_optimized,0.28114362161979767,1.3166036739080558,1.7334452341481899,0.9717411068932174,35.16738416566461
ETHUSDT,7,4,Persistence,-0.15436461605906837,1.668420434750219,2.7836267470921094,1.2102644713015491,41.791642920266966
ETHUSDT,7,5,Ridge_optimized,0.09223716044916785,1.4824232315090826,2.197578637317831,1.1070816021497991,40.848630637633605
ETHUSDT,7,5,Persistence,-0.4784964022842626,1.8918911610520628,3.579252165266922,1.4176068741861128,49.53849459442698
ETHUSDT,7,6,Ridge_optimized,-0.0731743233325326,1.6148202247864862,2.6076443583794777,1.2023738780152833,45.428865454805425
ETHUSDT,7,6,Persistence,-0.7713159293077088,2.0746128214538415,4.304018358940668,1.5728292731330562,55.746690288611816
ETHUSDT,7,7,Ridge_optimized,-0.2198138542103838,1.7272543501933006,2.9834075902616815,1.3010747601426225,50.206490337622206
ETHUSDT,7,7,Persistence,-1.0304364325548305,2.2284567673581557,4.966019563984361,1.7028511828495418,61.03238508747111
ETHUSDT,14,1,Ridge_optimized,0.909982404565664,0.3551689643638498,0.12614499324728962,0.20501977697744148,6.158299618345388
ETHUSDT,14,1,Persistence,0.8605839545015274,0.44200551175299824,0.19536887242002987,0.22029808233001305,6.686778078175294
ETHUSDT,14,2,Ridge_optimized,0.8168960923769559,0.5068576486923639,0.25690467603795186,0.32397007169355363,9.836215562589972
ETHUSDT,14,2,Persistence,0.7019712707594513,0.6466455060491272,0.41815041049353174,0.37478431904025805,11.421345233769616
ETHUSDT,14,3,Ridge_optimized,0.727032674047345,0.6195509876625919,0.38384342631369306,0.4179061120024643,12.65462246433328
ETHUSDT,14,3,Persistence,0.5480207487666978,0.7972251119276998,0.6355678790881336,0.5026720397119571,15.178012108496608
ETHUSDT,14,4,Ridge_optimized,0.6283279834600821,0.7233732412045288,0.5232688460907455,0.5031168591581122,15.168136389135181
ETHUSDT,14,4,Persistence,0.3683284638667591,0.9430357592864548,0.8893164432929803,0.6230335161718378,18.687752974029138
ETHUSDT,14,5,Ridge_optimized,0.5357984534842457,0.8091859927520232,0.6547819708660773,0.5838450968600905,17.565118619364362
ETHUSDT,14,5,Persistence,0.19185784540449335,1.0676746848523033,1.1399292326744652,0.73111633281575,21.9002888680097
ETHUSDT,14,6,Ridge_optimized,0.4439481565698181,0.8859006146959243,0.7848198991186166,0.6516249908301882,19.60857728668493
ETHUSDT,14,6,Persistence,0.012268270810010584,1.180719845948294,1.3940993546161629,0.829004698082944,24.815894140330457
ETHUSDT,14,7,Ridge_optimized,0.3457119016328093,0.9647042610900399,0.9306543113652799,0.7245226353518159,21.96105471149045
ETHUSDT,14,7,Persistence,-0.17302070397764457,1.2917025749982451,1.668495542257097,0.9319038112287789,27.963926849618794
ETHUSDT,21,1,Ridge_optimized,0.9483034025736081,0.21767110973063689,0.04738071201136697,0.12710081207351107,3.4914946829330447
ETHUSDT,21,1,Persistence,0.904846759815507,0.2953123451019381,0.08720938116960618,0.15142427671140327,4.3717736656844
ETHUSDT,21,2,Ridge_optimized,0.8856133107695754,0.32407425270342427,0.10502412126528289,0.21870144848257297,6.008550827242914
ETHUSDT,21,2,Persistence,0.7874746538377735,0.44173534401777104,0.19513011415449855,0.2653976707928192,7.652798799424144
ETHUSDT,21,3,Ridge_optimized,0.8142924351232433,0.41345719680650833,0.17094685359109577,0.29294432540958826,8.023392746378354
ETHUSDT,21,3,Persistence,0.6492037174004245,0.5682549787169133,0.32291372083655967,0.36010501304373504,10.367037550746744
ETHUSDT,21,4,Ridge_optimized,0.7249288527885444,0.5038724760744021,0.25388747214534896,0.36655351823523175,10.04303705354463
ETHUSDT,21,4,Persistence,0.4947536999257852,0.6828883241528294,0.46633646326425987,0.4455099330363258,12.857549060192499
ETHUSDT,21,5,Ridge_optimized,0.6250836934828103,0.5890800570024798,0.3470153135580448,0.43603286158865373,12.01785732960301
ETHUSDT,21,5,Persistence,0.3355663087096482,0.7842110874469914,0.6149870296747928,0.5234220038820474,15.154386740870445
ETHUSDT,21,6,Ridge_optimized,0.5197128640507369,0.6688061487322564,0.4473016645820731,0.501659697449322,13.954210462505454
ETHUSDT,21,6,Persistence,0.18392221888758964,0.8717973744349501,0.7600306620716726,0.5973270285509638,17.409463134170338
ETHUSDT,21,7,Ridge_optimized,0.4006662471930811,0.7498796402721207,0.5623194748946452,0.5622498282763495,15.726518181817239
ETHUSDT,21,7,Persistence,0.030387097567353027,0.9537979551642048,0.9097305392754186,0.6644158899084812,19.448888958655306
ETHUSDT,28,1,Ridge_optimized,0.9550420106730547,0.1648407267410943,0.027172465192532122,0.09200685183688678,2.457758750839227
ETHUSDT,28,1,Persistence,0.9323024331592036,0.2022775153878756,0.04091619323149225,0.10140527024945442,2.814744032006288
ETHUSDT,28,2,Ridge_optimized,0.8963880923449221,0.25029352647275077,0.0626468493941656,0.1599066034213047,4.226397416967588
ETHUSDT,28,2,Persistence,0.856596633721485,0.29445874410795186,0.08670595198163228,0.16938204726082426,4.676982269236678
ETHUSDT,28,3,Ridge_optimized,0.8309810988465385,0.3196919078148565,0.1022029159223027,0.21691683477071036,5.675225394280461
ETHUSDT,28,3,Persistence,0.7711534893664307,0.371994187378345,0.13837967544327523,0.22424057967213362,6.162312082661646
ETHUSDT,28,4,Ridge_optimized,0.7574031131182204,0.3830386051208344,0.14671857301291447,0.2658883331592763,6.9048046429563215
ETHUSDT,28,4,Persistence,0.6758105507117934,0.44279160031211007,0.19606440130695943,0.2735071039774672,7.515016514847934
ETHUSDT,28,5,Ridge_optimized,0.6785637391886072,0.44132122667236073,0.1947644251115972,0.31449944869173735,8.157793201539256
ETHUSDT,28,5,Persistence,0.5869521425422464,0.500273582201508,0.250273657048729,0.3219178782266646,8.850786908408798
ETHUSDT,28,6,Ridge_optimized,0.6001650124483888,0.492812145734636,0.2428638109835761,0.3596288841219987,9.350268053453366
ETHUSDT,28,6,Persistence,0.49463729202078,0.5540418887782694,0.3069624145209923,0.3679679694749629,10.141157141855722
ETHUSDT,28,7,Ridge_optimized,0.5218246218657718,0.541133094408144,0.2928250258637333,0.40104481098966066,10.480516389017623
ETHUSDT,28,7,Persistence,0.40722872565518986,0.6024958571325314,0.3630012578618637,0.41112849785467,11.358507330809035
BNBUSDT,7,1,Ridge_optimized,0.9233096576287967,0.3419436883959378,0.11692548603381822,0.2271097569773907,11.757038415454652
BNBUSDT,7,1,Persistence,0.8546020385933701,0.47082922508908454,0.2216801591979878,0.28845637838696125,15.55765308963223
BNBUSDT,7,2,Ridge_optimized,0.8365760910440782,0.4999068448270512,0.2499068535049375,0.35566925484156847,18.668148867191903
BNBUSDT,7,2,Persistence,0.6866008348036925,0.692277479475256,0.47924810858861344,0.4838117962008727,26.135409502443803
BNBUSDT,7,3,Ridge_optimized,0.7118437139494077,0.6645772230758179,0.4416628854311654,0.48048955949420247,25.283675068966115
BNBUSDT,7,3,Persistence,0.4863317541005442,0.8873046618679902,0.7873095629726684,0.6448497258915122,35.208244682932275
BNBUSDT,7,4,Ridge_optimized,0.5772746729509086,0.805360863384875,0.6486061202720312,0.5865076092034874,31.09686172471999
BNBUSDT,7,4,Persistence,0.27924317838476065,1.0516125673333991,1.105888991773543,0.7912386500935131,43.388130419541504
BNBUSDT,7,5,Ridge_optimized,0.432106789722873,0.9323795706966675,0.869331663852502,0.6867732673803942,36.21102743805059
BNBUSDT,7,5,Persistence,0.08203248525146145,1.1854222301787118,1.4052258638018709,0.9095500791509541,50.00806006977024
BNBUSDT,7,6,Ridge_optimized,0.2923615432704839,1.040652820500152,1.0829582928149215,0.7618820865998902,40.00947239164341
BNBUSDT,7,6,Persistence,-0.10121912234373309,1.2981863082473561,1.6852876909208998,1.0033191908436685,54.97824967087356
BNBUSDT,7,7,Ridge_optimized,0.14066796679359694,1.1479095477794603,1.3176963298832451,0.8338564356380498,43.80135148144883
BNBUSDT,7,7,Persistence,-0.27243369525201544,1.3968338409681138,1.951144779273734,1.0784029417729557,58.809060183696914
BNBUSDT,14,1,Ridge_optimized,0.9707114907333293,0.18713406843046435,0.03501915956733771,0.11828125575620481,5.051913111798268
BNBUSDT,14,1,Persistence,0.9420009446640847,0.2633386991359933,0.06934727046263718,0.14751488045213257,6.470116498356942
BNBUSDT,14,2,Ridge_optimized,0.9393791519256259,0.2693231972844693,0.07253498459552918,0.18695853421945033,8.019882856127946
BNBUSDT,14,2,Persistence,0.8768147542085609,0.3839212092923668,0.1473954949445133,0.2483115324851507,10.918717646252242
BNBUSDT,14,3,Ridge_optimized,0.8969536867437372,0.35128621253397013,0.12340200311646164,0.24856300602983422,10.612309915055459
BNBUSDT,14,3,Persistence,0.7932451108479486,0.497591289842816,0.2475970917274373,0.33099449309016676,14.487493958139455
BNBUSDT,14,4,Ridge_optimized,0.8499701315333741,0.4240549910780399,0.17982263545819652,0.30227775951410935,12.646024029601826
BNBUSDT,14,4,Persistence,0.7073459418489697,0.5922575289104428,0.35076898055110395,0.4074750278137638,17.744846753156775
BNBUSDT,14,5,Ridge_optimized,0.8026519454545198,0.486616421974988,0.23679554213573958,0.3536381055311094,14.637502801469445
BNBUSDT,14,5,Persistence,0.6144064989265117,0.6801977470417223,0.46266897508063487,0.4835712697635637,20.988563350927464
BNBUSDT,14,6,Ridge_optimized,0.7482577839747548,0.5497540562806558,0.3022295223970345,0.39680157040583347,16.0743289366757
BNBUSDT,14,6,Persistence,0.5146010992349728,0.7633783014451297,0.5827464311172514,0.5499310023547622,23.77442511473677
BNBUSDT,14,7,Ridge_optimized,0.6900146561448652,0.610848743785432,0.37313618778424035,0.4477337052523805,17.958242577908557
BNBUSDT,14,7,Persistence,0.41658358215318014,0.8380162263316192,0.7022711955950877,0.6055379044047994,26.38804296374376
BNBUSDT,21,1,Ridge_optimized,0.9818744387129323,0.13568481115897799,0.01841036797924752,0.08401329626732769,3.4923106072192978
BNBUSDT,21,1,Persistence,0.9661795893078935,0.18534246770371243,0.03435183033450168,0.1004883552643157,4.276591948915297
BNBUSDT,21,2,Ridge_optimized,0.9669163322175471,0.1835446542097226,0.033688640088966645,0.1276772693454981,5.351788726276063
BNBUSDT,21,2,Persistence,0.930928465648147,0.26520668454322577,0.07033458552641007,0.17027413170604963,7.362775797028551
BNBUSDT,21,3,Ridge_optimized,0.9446059401036899,0.23778935857451408,0.05654377905127883,0.16452720550550015,6.775107499379022
BNBUSDT,21,3,Persistence,0.8807355078623884,0.34891239576499633,0.12173985991846945,0.23242709689762076,10.023780948610062
BNBUSDT,21,4,Ridge_optimized,0.9195454078787799,0.28688431789643803,0.0823026118549045,0.20063588625665998,8.109140353357338
BNBUSDT,21,4,Persistence,0.8266793289618746,0.4210722015583091,0.17730179892516126,0.29162811380838916,12.555143069131422
BNBUSDT,21,5,Ridge_optimized,0.8927125230137082,0.33164388561711367,0.10998766686721716,0.23457959718664326,9.433319223693024
BNBUSDT,21,5,Persistence,0.7691205791422524,0.48650811730036625,0.23669014819914694,0.3469417537590858,14.87349290586852
BNBUSDT,21,6,Ridge_optimized,0.8642183466282903,0.3734697207567506,0.1394796323221253,0.26481617551347403,10.555201242377898
BNBUSDT,21,6,Persistence,0.7084088886038244,0.5472956435837905,0.2995325214857954,0.3981617252553164,17.014445559274
BNBUSDT,21,7,Ridge_optimized,0.8330876067403911,0.4144601095861107,0.1717771824381309,0.2958310919713116,11.809994757027445
BNBUSDT,21,7,Persistence,0.6475269408800817,0.6022841153677083,0.36274615562426304,0.44296670232798246,18.86268014186821
BNBUSDT,28,1,Ridge_optimized,0.9888143110233653,0.09950222827201431,0.009900693431096043,0.06001871046586957,2.4124593142164437
BNBUSDT,28,1,Persistence,0.9800966246962226,0.13272868845010505,0.01761690473768505,0.06811315439382791,2.8106914079802916
BNBUSDT,28,2,Ridge_optimized,0.9785078888525688,0.13791280209856027,0.019019940982676647,0.09451048269861995,3.8048035910600215
BNBUSDT,28,2,Persistence,0.9589187671330736,0.19067193670070054,0.03635578744519595,0.11453535389887642,4.671482014088857
BNBUSDT,28,3,Ridge_optimized,0.9633735818601867,0.18002392001367346,0.0324086117770895,0.1253869100071077,4.972442211021348
BNBUSDT,28,3,Persistence,0.9280421998894195,0.25233176672623864,0.06367132049918492,0.15609001341637257,6.312303641504628
BNBUSDT,28,4,Ridge_optimized,0.9467954890652888,0.21696339642911797,0.047073115390058595,0.15176303468906083,5.958016683753039
BNBUSDT,28,4,Persistence,0.8946336825661249,0.3053255471042684,0.09322368971452082,0.1914015396787779,7.699751221671687
BNBUSDT,28,5,Ridge_optimized,0.9283360300227884,0.2518578625677363,0.06343238293718874,0.17725939084135756,6.896139355060979
BNBUSDT,28,5,Persistence,0.8574264718282913,0.35524218302781296,0.12619700860236618,0.2287546032868392,9.105990829077639
BNBUSDT,28,6,Ridge_optimized,0.9071239021551722,0.28697187030373855,0.08235285434562575,0.19966697425740282,7.701376229152829
BNBUSDT,28,6,Persistence,0.8153559354554719,0.4046271535104939,0.16372313335800479,0.26383813278288876,10.421430581488037
BNBUSDT,28,7,Ridge_optimized,0.8861745433883315,0.31820935691497815,0.10125719482824394,0.22132917352838785,8.526695942083883
BNBUSDT,28,7,Persistence,0.7713979014196822,0.4509551507749808,0.20336054801048564,0.30085123730587704,11.862809006881841
XRPUSDT,7,1,Ridge_optimized,0.872781588242967,0.7173175939027865,0.514544530522483,0.40179829828235203,12.486414828184467
XRPUSDT,7,1,Persistence,0.810475134026342,0.8755271085028856,0.7665477177234237,0.4506119725607619,13.90395753946984
XRPUSDT,7,2,Ridge_optimized,0.7113204549041386,1.0825321174794738,1.1718757853745931,0.669749405460678,21.19923470577596
XRPUSDT,7,2,Persistence,0.5783576315542361,1.3082926640501549,1.7116296948074514,0.7778090561769906,24.376459850902993
XRPUSDT,7,3,Ridge_optimized,0.5625514364391224,1.3348609963249953,1.781853879509759,0.8533071063793005,27.703553121351636
XRPUSDT,7,3,Persistence,0.3508751860412662,1.6260603184700853,2.6440721593030347,1.0341567377252336,32.59530445207484
XRPUSDT,7,4,Ridge_optimized,0.40582655013334723,1.5581551059108651,2.427847334076099,1.0412783761613456,34.54038713658724
XRPUSDT,7,4,Persistence,0.11921660154504832,1.8970930208918806,3.5989619299166815,1.2464615291399184,39.5863633908174
XRPUSDT,7,5,Ridge_optimized,0.24349398791926646,1.7614042047619611,3.102544772553117,1.2005173748421707,40.98515982274914
XRPUSDT,7,5,Persistence,-0.1195888375953229,2.142802363760304,4.591601970136747,1.4617416573512554,46.96670113237321
XRPUSDT,7,6,Ridge_optimized,0.07112877119286776,1.9553848040010164,3.823529731718094,1.3435120728355834,47.05801091373097
XRPUSDT,7,6,Persistence,-0.3580302653780534,2.364336052913031,5.590084971104371,1.6572529227661026,53.71089537708604
XRPUSDT,7,7,Ridge_optimized,-0.11823433131512107,2.147277034386992,4.610798662405795,1.4819521772942632,52.86101610811198
XRPUSDT,7,7,Persistence,-0.614206460206653,2.5798901180062344,6.655833020986221,1.8347664729791568,59.90018676863271
XRPUSDT,14,1,Ridge_optimized,0.930074695994373,0.4582742390034255,0.21001527813416876,0.2527125557563899,6.563282002361852
XRPUSDT,14,1,Persistence,0.9076893526841989,0.5265433855561557,0.27724793687293836,0.23501258852463736,6.48712793061416
XRPUSDT,14,2,Ridge_optimized,0.8564427747652951,0.6572605564471686,0.4319914390612417,0.3863786168729052,9.965527244436322
XRPUSDT,14,2,Persistence,0.7866180116986143,0.8013161970359867,0.6421076476322162,0.4123755290444448,11.296249630517305
XRPUSDT,14,3,Ridge_optimized,0.7843454246710349,0.8062911845733579,0.6501054743207086,0.4836583874552658,12.389929039255632
XRPUSDT,14,3,Persistence,0.6763653610289692,0.9877341571089712,0.9756187651197696,0.5477497455196071,14.834409460823258
XRPUSDT,14,4,Ridge_optimized,0.7005079910269314,0.9510763793361018,0.9045462793310686,0.5851316729131275,15.126180295910933
XRPUSDT,14,4,Persistence,0.565838358510445,1.1451134125973073,1.3112847277102508,0.6766477420437113,18.262985942319396
XRPUSDT,14,5,Ridge_optimized,0.6093961801916916,1.0875258317128822,1.1827124346427962,0.6818793332131022,17.69704193802246
XRPUSDT,14,5,Persistence,0.45250012622286484,1.2875477673296998,1.657779253155695,0.7882427036806844,21.1923056059334
XRPUSDT,14,6,Ridge_optimized,0.5149694588833957,1.2134151522266512,1.472376331653227,0.7738524544649004,20.10256567141829
XRPUSDT,14,6,Persistence,0.33371151897668117,1.4221847696731258,2.0226095190902016,0.9043626667481737,24.28996443576654
XRPUSDT,14,7,Ridge_optimized,0.4079857337376913,1.3424751851169654,1.8022396226548305,0.8701390695008303,22.779387984761957
XRPUSDT,14,7,Persistence,0.1955655004963589,1.5648961584722911,2.4488999868013344,1.026150596009743,27.481533425751284
XRPUSDT,21,1,Ridge_optimized,0.9628870732498467,0.29858916953717635,0.08915549216490065,0.16465690921777185,4.183202483587348
XRPUSDT,21,1,Persistence,0.9457520789269629,0.3609965059373843,0.13031847729899995,0.15768015827467388,4.195968149508457
XRPUSDT,21,2,Ridge_optimized,0.9159173904312472,0.45028173413838174,0.20275364009866828,0.26717102502746887,6.731919943541775
XRPUSDT,21,2,Persistence,0.8697199242554468,0.5604930608865044,0.31415247130192275,0.2721382314266163,7.211952900211756
XRPUSDT,21,3,Ridge_optimized,0.8701036313445635,0.5606679271032647,0.3143485244822718,0.34901068444453065,8.80688243158138
XRPUSDT,21,3,Persistence,0.7912874088513506,0.7106921736358931,0.5050833656673105,0.3786362766998214,10.056840543384578
XRPUSDT,21,4,Ridge_optimized,0.8236743446632278,0.6543989159169702,0.42823794115330577,0.42508048007917726,10.773849389871772
XRPUSDT,21,4,Persistence,0.7135243149300758,0.834120320101987,0.6957567084070413,0.46571648504041,12.425671167962912
XRPUSDT,21,5,Ridge_optimized,0.7748986009091616,0.7407608320208552,0.5487266102562297,0.48631330305176135,12.402338054711777
XRPUSDT,21,5,Persistence,0.6313221895366956,0.9480088975979309,0.8987208699248442,0.5451527776103569,14.612002572232498
XRPUSDT,21,6,Ridge_optimized,0.7227400828376669,0.8236379571119206,0.6783794843954979,0.5489789332625029,14.03994243901806
XRPUSDT,21,6,Persistence,0.5519892537801463,1.046976717065922,1.0961602460781357,0.6184361926672406,16.601382239055006
XRPUSDT,21,7,Ridge_optimized,0.6427278847189606,0.936737560174443,0.8774772566415683,0.62221377551113,15.877260494329798
XRPUSDT,21,7,Persistence,0.46179656953116366,1.1497187248790215,1.321853146337443,0.6912965641429166,18.528961245549873
XRPUSDT,28,1,Ridge_optimized,0.9720752145144809,0.2376806262895638,0.05649208011339929,0.1313832066090117,3.270247535542768
XRPUSDT,28,1,Persistence,0.9600319090139421,0.28435152584248324,0.08085579024894843,0.12176332524846638,3.1510339406749415
XRPUSDT,28,2,Ridge_optimized,0.9319876550036823,0.37097892653583475,0.13762536393368027,0.21162294307610338,5.264023531800412
XRPUSDT,28,2,Persistence,0.9044787098346283,0.4396483579773375,0.19329067867216906,0.21487553367074563,5.4909615435148575
XRPUSDT,28,3,Ridge_optimized,0.8961834311386022,0.45851559517652823,0.21023655102008593,0.27063060239376424,6.742875272485355
XRPUSDT,28,3,Persistence,0.8517140579077684,0.5479876441870202,0.3002904581816402,0.29159957383530466,7.399575634599957
XRPUSDT,28,4,Ridge_optimized,0.8583980651337679,0.5358462765455356,0.2871312320877147,0.3340011474680169,8.35099878515579
XRPUSDT,28,4,Persistence,0.7965242858613962,0.6423354841400395,0.4125948741854189,0.36331513702026214,9.1851472816685
XRPUSDT,28,5,Ridge_optimized,0.8161593090774655,0.611203770080607,0.37357004856074755,0.39415941848335495,9.88629977594958
XRPUSDT,28,5,Persistence,0.7376555360286088,0.7301316162185737,0.5330921770019467,0.430724304402212,10.87529123196699
XRPUSDT,28,6,Ridge_optimized,0.7688747312039708,0.6868917169464188,0.4718202308095991,0.4537412299749019,11.419528287952403
XRPUSDT,28,6,Persistence,0.6802370720692575,0.8079390897470797,0.6527655727413398,0.4900034623889583,12.38165257018975
XRPUSDT,28,7,Ridge_optimized,0.7017550274479758,0.7821388885864985,0.611741241039323,0.5244615015135046,13.299629459455568
XRPUSDT,28,7,Persistence,0.6155724798609511,0.8879827907189128,0.7885134366129485,0.5502228543178658,13.918904115183764
