year,volatility_window,n,mse_original,original_wins_holm6,rival_wins_holm6,not_significant_holm6,original_wins_holm21,not_significant_holm21,ci95_favors_original,ci95_includes_zero
2025,global,358,0.4646810502575912,6,0,0,5,1,6,0
2025,7,358,1.1864010579892794,5,0,1,3,3,5,1
2025,14,358,0.36888509856114166,6,0,0,3,3,6,0
2025,21,358,0.1844395290325715,6,0,0,3,3,6,0
2025,28,358,0.11899851544737214,1,0,5,0,6,5,1
2026,global,236,0.4560416445197653,0,0,6,0,6,2,4
2026,7,236,1.0533359594125595,0,0,6,0,6,1,5
2026,14,236,0.3955515663466838,0,0,6,0,6,3,3
2026,21,236,0.225209773631752,0,0,6,0,6,0,6
2026,28,236,0.15006927868806563,0,0,6,0,6,1,5
