symbol,volatility_window,input_window,fold,split,model,horizon,mse,rmse,mae,mape,mape_zero_targets,n,negative_predictions
BNBUSDT,7,7,1,test,SVR,1,2.0790407284241468,1.441887904250586,1.3258417246607144,63.03867973858569,0,9,0
BNBUSDT,7,7,1,test,SVR,2,1.496677433801795,1.223387687448993,1.099958530220353,47.77839076695007,0,9,0
BNBUSDT,7,7,1,test,SVR,3,1.3966859334012844,1.181814678112133,0.9570294237774104,45.92100649000486,0,9,1
BNBUSDT,7,7,1,test,SVR,4,1.3347485356432027,1.1553131764345124,1.0428916852132664,48.44820009440961,0,9,0
BNBUSDT,7,7,1,test,SVR,5,3.504024215030716,1.871903901120652,1.5431088209687427,76.06177425956702,0,9,0
BNBUSDT,7,7,1,test,SVR,6,5.015939547109452,2.2396293325256864,1.8374527850904452,96.74579898631936,0,9,0
BNBUSDT,7,7,1,test,SVR,7,5.20558942150364,2.281576082777789,1.8640080466038675,115.5128875085198,0,9,0
BNBUSDT,7,7,1,test,SVR,0,2.86181511641632,1.6279303946671937,1.381470145219257,70.50096254919377,0,9,1
BNBUSDT,7,7,1,test,Persistence,1,0.5360202705213258,0.732134052289146,0.4224290653386612,24.09157270191888,0,9,0
BNBUSDT,7,7,1,test,Persistence,2,0.4493776375552111,0.670356351170936,0.4185512532514319,20.96461027529961,0,9,0
BNBUSDT,7,7,1,test,Persistence,3,0.8840732249537362,0.9402516817074758,0.6522456111470368,33.60167088845821,0,9,0
BNBUSDT,7,7,1,test,Persistence,4,0.9156031846818528,0.9568715612253574,0.7000569126897543,31.171851731949808,0,9,0
BNBUSDT,7,7,1,test,Persistence,5,1.2397625252958948,1.1134462381704358,0.8105981962251155,35.815541698305324,0,9,0
BNBUSDT,7,7,1,test,Persistence,6,1.6660545602097028,1.2907573591538042,0.9490893008108569,47.75149653498354,0,9,0
BNBUSDT,7,7,1,test,Persistence,7,2.146116950062716,1.4649631224241502,1.106171099272654,66.39712461367924,0,9,0
BNBUSDT,7,7,1,test,Persistence,0,1.1195726218972055,1.0241114808773293,0.7227344912479301,37.113409777799234,0,9,0
BNBUSDT,7,7,2,test,SVR,1,9.962886580474342,3.1564040584935165,2.93830304652008,139.60030088363754,0,9,0
BNBUSDT,7,7,2,test,SVR,2,8.283227565675556,2.87805968764992,2.7042229509358657,130.41679343005842,0,9,0
BNBUSDT,7,7,2,test,SVR,3,6.184209776462464,2.4868071450079245,2.291390762938293,111.0283120031929,0,9,0
BNBUSDT,7,7,2,test,SVR,4,4.6136396344541,2.147938461514692,1.9040013157573883,97.62511651648154,0,9,0
BNBUSDT,7,7,2,test,SVR,5,4.289183705799165,2.0710344530690854,1.8011902076507849,83.4775301571962,0,9,0
BNBUSDT,7,7,2,test,SVR,6,3.7578291633443297,1.938512100386358,1.6099427870782328,77.68992073706285,0,9,0
BNBUSDT,7,7,2,test,SVR,7,3.329888118923616,1.82479810360588,1.5296106271376415,79.11706169820638,0,9,0
BNBUSDT,7,7,2,test,SVR,0,5.774409220733368,2.3576505728181965,2.111237385431184,102.70786220369082,0,9,0
BNBUSDT,7,7,2,test,Persistence,1,0.3354828013742845,0.5792087718381728,0.3435546312903528,11.386909206954003,0,9,0
BNBUSDT,7,7,2,test,Persistence,2,1.5515800101964887,1.2456243455378064,0.7328337926269719,41.70948400332768,0,9,0
BNBUSDT,7,7,2,test,Persistence,3,1.3526130359391422,1.1630189318919717,0.7140785043437763,35.75010552460264,0,9,0
BNBUSDT,7,7,2,test,Persistence,4,1.852836225722159,1.3611892688829716,0.9321366460177174,49.30753638576261,0,9,0
BNBUSDT,7,7,2,test,Persistence,5,1.7539764739560102,1.324377768597771,0.960835982852602,43.80632974051762,0,9,0
BNBUSDT,7,7,2,test,Persistence,6,1.8994805301431053,1.3782164308058098,1.00675040672485,46.08748517356001,0,9,0
BNBUSDT,7,7,2,test,Persistence,7,2.3091400502209987,1.5195854863155935,1.1432788110953205,57.7810858276912,0,9,0
BNBUSDT,7,7,2,test,Persistence,0,1.579301303936027,1.2244601434100135,0.8333526821359417,40.832705123202246,0,9,0
BNBUSDT,7,7,3,test,SVR,1,12.96127406142705,3.600176948627255,3.451810838226767,173.82755607356756,0,8,0
BNBUSDT,7,7,3,test,SVR,2,10.710809075922525,3.27273724516994,3.131341527292508,151.11259648496787,0,8,0
BNBUSDT,7,7,3,test,SVR,3,9.286816167411285,3.0474277952744484,2.840162540752527,128.4718665200273,0,8,0
BNBUSDT,7,7,3,test,SVR,4,3.4053068428298108,1.845347350183648,1.622780116448816,83.55321972392302,0,8,0
BNBUSDT,7,7,3,test,SVR,5,1.76363313892316,1.3280185009717147,1.1279196495569177,57.57172661613917,0,8,0
BNBUSDT,7,7,3,test,SVR,6,1.8597194076786323,1.3637152956825822,1.287937881172597,56.04534252182059,0,8,0
BNBUSDT,7,7,3,test,SVR,7,1.5501507862148016,1.2450505155273024,1.091793677280981,47.76176160286704,0,8,0
BNBUSDT,7,7,3,test,SVR,0,5.933958497201038,2.243210521633841,2.079106604390159,99.7634385061875,0,8,0
BNBUSDT,7,7,3,test,Persistence,1,1.206313511875711,1.0983230453175927,0.6526469083632185,27.812839232979638,0,8,0
BNBUSDT,7,7,3,test,Persistence,2,0.9260830206413956,0.9623320739959754,0.6792283410509138,28.46615346204421,0,8,0
BNBUSDT,7,7,3,test,Persistence,3,0.8842063358947259,0.9403224637828907,0.6935855608846477,25.64522132115188,0,8,0
BNBUSDT,7,7,3,test,Persistence,4,0.7408712309542022,0.8607387704490848,0.632122000602549,24.44478381064604,0,8,0
BNBUSDT,7,7,3,test,Persistence,5,1.1981846970008074,1.0946162327504592,0.9151287925236892,36.55298059306578,0,8,0
BNBUSDT,7,7,3,test,Persistence,6,1.100551354452388,1.0490716631633836,0.8148518384302396,30.68476814660804,0,8,0
BNBUSDT,7,7,3,test,Persistence,7,1.972387599773389,1.4044171744084408,0.8990783934089901,39.62453114020097,0,8,0
BNBUSDT,7,7,3,test,Persistence,0,1.1469425357989456,1.058545917695404,0.7552345478948926,30.46161110095665,0,8,0
BNBUSDT,7,7,4,test,SVR,1,10.855545821582378,3.2947755343243608,2.9887910686378456,137.7251454985908,0,8,0
BNBUSDT,7,7,4,test,SVR,2,6.878762709149273,2.62273954275854,2.404375510188098,123.62894902146724,0,8,0
BNBUSDT,7,7,4,test,SVR,3,8.02213331698547,2.8323370768652287,2.6919775863010065,132.57321127007097,0,8,0
BNBUSDT,7,7,4,test,SVR,4,7.013804257852148,2.6483587857109065,2.5786714066051983,117.16779182980063,0,8,0
BNBUSDT,7,7,4,test,SVR,5,1.6989302483317,1.303430185445964,1.0097527302892146,58.25860870658175,0,8,0
BNBUSDT,7,7,4,test,SVR,6,0.5384868340656717,0.7338166215517823,0.5077336919240077,31.10386438434065,0,8,0
BNBUSDT,7,7,4,test,SVR,7,0.5359026005878694,0.7320536869573634,0.647288618346255,29.48988884133328,0,8,0
BNBUSDT,7,7,4,test,SVR,0,5.077652255507787,2.02393020480202,1.8326558017559464,89.99249422174077,0,8,0
BNBUSDT,7,7,4,test,Persistence,1,0.5195522969305093,0.7207997620216792,0.4999568437075322,18.445261983519465,0,8,0
BNBUSDT,7,7,4,test,Persistence,2,1.8754743451157163,1.369479589156303,0.9089106189365296,46.23035805896334,0,8,0
BNBUSDT,7,7,4,test,Persistence,3,1.8021588987974884,1.3424451194732276,0.9016947176487238,45.80413177544291,0,8,0
BNBUSDT,7,7,4,test,Persistence,4,1.534107866054614,1.2385910810491951,0.9080978783959855,39.03683642811503,0,8,0
BNBUSDT,7,7,4,test,Persistence,5,1.333221028115752,1.1546519077695026,0.8707252018842878,38.148144271148,0,8,0
BNBUSDT,7,7,4,test,Persistence,6,1.767753179449814,1.329568794553262,1.109891552350012,48.69049175521987,0,8,0
BNBUSDT,7,7,4,test,Persistence,7,1.3955976178592089,1.1813541458255474,0.9710469439954597,38.34396230936832,0,8,0
BNBUSDT,7,7,4,test,Persistence,0,1.4611236046175864,1.1909843428355311,0.881474822416933,39.242740940253846,0,8,0
BNBUSDT,7,7,5,test,SVR,1,11.055968040233832,3.3250515845974227,1.837729499802109,84.11200209908976,0,8,1
BNBUSDT,7,7,5,test,SVR,2,4.396862973695566,2.096869803706364,1.7651309548675005,118.17931525199825,0,8,1
BNBUSDT,7,7,5,test,SVR,3,5.655302561807744,2.378088005479979,2.1355088846116006,90.0377457713875,0,8,1
BNBUSDT,7,7,5,test,SVR,4,5.054881961713763,2.248306465256408,2.081020211536646,80.97853990809891,0,8,2
BNBUSDT,7,7,5,test,SVR,5,4.306842412144882,2.0752933315907134,1.936269739237642,79.14281395224242,0,8,0
BNBUSDT,7,7,5,test,SVR,6,3.3843530748327053,1.839661130434816,1.5564789291457983,64.66549325445182,0,8,0
BNBUSDT,7,7,5,test,SVR,7,3.756450294221641,1.938156416345605,1.486896698392703,72.37312938567955,0,8,0
BNBUSDT,7,7,5,test,SVR,0,5.372951616950019,2.2716323910587586,1.8284335596562855,84.21271994613548,0,8,5
BNBUSDT,7,7,5,test,Persistence,1,0.1206110348441662,0.3472909944760535,0.2573620996019103,10.219062911184242,0,8,0
BNBUSDT,7,7,5,test,Persistence,2,0.4430122601232682,0.6655916616990242,0.47410144597176,22.27510256289688,0,8,0
BNBUSDT,7,7,5,test,Persistence,3,0.4167545990923185,0.6455653329387495,0.478228236106664,18.191608529641737,0,8,0
BNBUSDT,7,7,5,test,Persistence,4,0.5586271444015523,0.7474136367511315,0.625186766446318,24.12288472494676,0,8,0
BNBUSDT,7,7,5,test,Persistence,5,0.5635266331410156,0.7506841100896006,0.6545896377531191,28.084813860856027,0,8,0
BNBUSDT,7,7,5,test,Persistence,6,0.6464062562136124,0.803993940408516,0.674581865472785,36.94804421514677,0,8,0
BNBUSDT,7,7,5,test,Persistence,7,0.9433076271661271,0.9712402520314564,0.8289896672536213,43.337557613783794,0,8,0
BNBUSDT,7,7,5,test,Persistence,0,0.5274636507117229,0.7045399897706474,0.5704342455151682,26.1684392026366,0,8,0
