fold,split,anchor,history_start,target_start,target_end,native_samples,retained_samples
1,train,2020-01-29 00:00:00+00:00,2020-01-01 00:00:00+00:00,2020-01-30 00:00:00+00:00,2020-02-05 00:00:00+00:00,79,23
1,train,2020-01-30 00:00:00+00:00,2020-01-02 00:00:00+00:00,2020-01-31 00:00:00+00:00,2020-02-06 00:00:00+00:00,79,23
1,train,2020-01-31 00:00:00+00:00,2020-01-03 00:00:00+00:00,2020-02-01 00:00:00+00:00,2020-02-07 00:00:00+00:00,79,23
1,train,2020-10-13 00:00:00+00:00,2020-09-15 00:00:00+00:00,2020-10-14 00:00:00+00:00,2020-10-20 00:00:00+00:00,79,23
1,train,2020-10-14 00:00:00+00:00,2020-09-16 00:00:00+00:00,2020-10-15 00:00:00+00:00,2020-10-21 00:00:00+00:00,79,23
1,train,2020-10-15 00:00:00+00:00,2020-09-17 00:00:00+00:00,2020-10-16 00:00:00+00:00,2020-10-22 00:00:00+00:00,79,23
1,train,2021-04-04 00:00:00+00:00,2021-03-07 00:00:00+00:00,2021-04-05 00:00:00+00:00,2021-04-11 00:00:00+00:00,79,23
1,train,2021-04-05 00:00:00+00:00,2021-03-08 00:00:00+00:00,2021-04-06 00:00:00+00:00,2021-04-12 00:00:00+00:00,79,23
1,train,2021-06-28 00:00:00+00:00,2021-05-31 00:00:00+00:00,2021-06-29 00:00:00+00:00,2021-07-05 00:00:00+00:00,79,23
1,train,2021-06-29 00:00:00+00:00,2021-06-01 00:00:00+00:00,2021-06-30 00:00:00+00:00,2021-07-06 00:00:00+00:00,79,23
1,train,2021-06-30 00:00:00+00:00,2021-06-02 00:00:00+00:00,2021-07-01 00:00:00+00:00,2021-07-07 00:00:00+00:00,79,23
1,train,2022-03-13 00:00:00+00:00,2022-02-13 00:00:00+00:00,2022-03-14 00:00:00+00:00,2022-03-20 00:00:00+00:00,79,23
1,train,2022-03-14 00:00:00+00:00,2022-02-14 00:00:00+00:00,2022-03-15 00:00:00+00:00,2022-03-21 00:00:00+00:00,79,23
1,train,2022-03-15 00:00:00+00:00,2022-02-15 00:00:00+00:00,2022-03-16 00:00:00+00:00,2022-03-22 00:00:00+00:00,79,23
1,train,2022-06-07 00:00:00+00:00,2022-05-10 00:00:00+00:00,2022-06-08 00:00:00+00:00,2022-06-14 00:00:00+00:00,79,23
1,train,2022-06-08 00:00:00+00:00,2022-05-11 00:00:00+00:00,2022-06-09 00:00:00+00:00,2022-06-15 00:00:00+00:00,79,23
1,train,2022-06-09 00:00:00+00:00,2022-05-12 00:00:00+00:00,2022-06-10 00:00:00+00:00,2022-06-16 00:00:00+00:00,79,23
1,train,2022-09-01 00:00:00+00:00,2022-08-04 00:00:00+00:00,2022-09-02 00:00:00+00:00,2022-09-08 00:00:00+00:00,79,23
1,train,2022-09-02 00:00:00+00:00,2022-08-05 00:00:00+00:00,2022-09-03 00:00:00+00:00,2022-09-09 00:00:00+00:00,79,23
1,train,2022-09-03 00:00:00+00:00,2022-08-06 00:00:00+00:00,2022-09-04 00:00:00+00:00,2022-09-10 00:00:00+00:00,79,23
1,train,2022-11-26 00:00:00+00:00,2022-10-29 00:00:00+00:00,2022-11-27 00:00:00+00:00,2022-12-03 00:00:00+00:00,79,23
1,train,2022-11-27 00:00:00+00:00,2022-10-30 00:00:00+00:00,2022-11-28 00:00:00+00:00,2022-12-04 00:00:00+00:00,79,23
1,train,2022-11-28 00:00:00+00:00,2022-10-31 00:00:00+00:00,2022-11-29 00:00:00+00:00,2022-12-05 00:00:00+00:00,79,23
1,val,2023-06-16 00:00:00+00:00,2023-05-19 00:00:00+00:00,2023-06-17 00:00:00+00:00,2023-06-23 00:00:00+00:00,25,3
1,val,2023-09-10 00:00:00+00:00,2023-08-13 00:00:00+00:00,2023-09-11 00:00:00+00:00,2023-09-17 00:00:00+00:00,25,3
1,val,2023-12-05 00:00:00+00:00,2023-11-07 00:00:00+00:00,2023-12-06 00:00:00+00:00,2023-12-12 00:00:00+00:00,25,3
1,test,2024-01-02 00:00:00+00:00,2023-12-05 00:00:00+00:00,2024-01-03 00:00:00+00:00,2024-01-09 00:00:00+00:00,25,9
1,test,2024-03-28 00:00:00+00:00,2024-02-29 00:00:00+00:00,2024-03-29 00:00:00+00:00,2024-04-04 00:00:00+00:00,25,9
1,test,2024-06-22 00:00:00+00:00,2024-05-25 00:00:00+00:00,2024-06-23 00:00:00+00:00,2024-06-29 00:00:00+00:00,25,9
1,test,2024-09-16 00:00:00+00:00,2024-08-19 00:00:00+00:00,2024-09-17 00:00:00+00:00,2024-09-23 00:00:00+00:00,25,9
1,test,2024-12-11 00:00:00+00:00,2024-11-13 00:00:00+00:00,2024-12-12 00:00:00+00:00,2024-12-18 00:00:00+00:00,25,9
1,test,2025-03-07 00:00:00+00:00,2025-02-07 00:00:00+00:00,2025-03-08 00:00:00+00:00,2025-03-14 00:00:00+00:00,25,9
1,test,2025-06-01 00:00:00+00:00,2025-05-04 00:00:00+00:00,2025-06-02 00:00:00+00:00,2025-06-08 00:00:00+00:00,25,9
1,test,2025-08-26 00:00:00+00:00,2025-07-29 00:00:00+00:00,2025-08-27 00:00:00+00:00,2025-09-02 00:00:00+00:00,25,9
1,test,2025-11-20 00:00:00+00:00,2025-10-23 00:00:00+00:00,2025-11-21 00:00:00+00:00,2025-11-27 00:00:00+00:00,25,9
2,train,2020-01-29 00:00:00+00:00,2020-01-01 00:00:00+00:00,2020-01-30 00:00:00+00:00,2020-02-05 00:00:00+00:00,78,23
2,train,2020-01-30 00:00:00+00:00,2020-01-02 00:00:00+00:00,2020-01-31 00:00:00+00:00,2020-02-06 00:00:00+00:00,78,23
2,train,2020-10-12 00:00:00+00:00,2020-09-14 00:00:00+00:00,2020-10-13 00:00:00+00:00,2020-10-19 00:00:00+00:00,78,23
2,train,2020-10-13 00:00:00+00:00,2020-09-15 00:00:00+00:00,2020-10-14 00:00:00+00:00,2020-10-20 00:00:00+00:00,78,23
2,train,2020-10-14 00:00:00+00:00,2020-09-16 00:00:00+00:00,2020-10-15 00:00:00+00:00,2020-10-21 00:00:00+00:00,78,23
2,train,2021-04-04 00:00:00+00:00,2021-03-07 00:00:00+00:00,2021-04-05 00:00:00+00:00,2021-04-11 00:00:00+00:00,78,23
2,train,2021-06-27 00:00:00+00:00,2021-05-30 00:00:00+00:00,2021-06-28 00:00:00+00:00,2021-07-04 00:00:00+00:00,78,23
2,train,2021-06-28 00:00:00+00:00,2021-05-31 00:00:00+00:00,2021-06-29 00:00:00+00:00,2021-07-05 00:00:00+00:00,78,23
2,train,2021-06-29 00:00:00+00:00,2021-06-01 00:00:00+00:00,2021-06-30 00:00:00+00:00,2021-07-06 00:00:00+00:00,78,23
2,train,2021-09-21 00:00:00+00:00,2021-08-24 00:00:00+00:00,2021-09-22 00:00:00+00:00,2021-09-28 00:00:00+00:00,78,23
2,train,2021-12-16 00:00:00+00:00,2021-11-18 00:00:00+00:00,2021-12-17 00:00:00+00:00,2021-12-23 00:00:00+00:00,78,23
2,train,2022-03-12 00:00:00+00:00,2022-02-12 00:00:00+00:00,2022-03-13 00:00:00+00:00,2022-03-19 00:00:00+00:00,78,23
2,train,2022-03-13 00:00:00+00:00,2022-02-13 00:00:00+00:00,2022-03-14 00:00:00+00:00,2022-03-20 00:00:00+00:00,78,23
2,train,2022-03-14 00:00:00+00:00,2022-02-14 00:00:00+00:00,2022-03-15 00:00:00+00:00,2022-03-21 00:00:00+00:00,78,23
2,train,2022-06-06 00:00:00+00:00,2022-05-09 00:00:00+00:00,2022-06-07 00:00:00+00:00,2022-06-13 00:00:00+00:00,78,23
2,train,2022-06-07 00:00:00+00:00,2022-05-10 00:00:00+00:00,2022-06-08 00:00:00+00:00,2022-06-14 00:00:00+00:00,78,23
2,train,2022-06-08 00:00:00+00:00,2022-05-11 00:00:00+00:00,2022-06-09 00:00:00+00:00,2022-06-15 00:00:00+00:00,78,23
2,train,2022-08-31 00:00:00+00:00,2022-08-03 00:00:00+00:00,2022-09-01 00:00:00+00:00,2022-09-07 00:00:00+00:00,78,23
2,train,2022-09-01 00:00:00+00:00,2022-08-04 00:00:00+00:00,2022-09-02 00:00:00+00:00,2022-09-08 00:00:00+00:00,78,23
2,train,2022-09-02 00:00:00+00:00,2022-08-05 00:00:00+00:00,2022-09-03 00:00:00+00:00,2022-09-09 00:00:00+00:00,78,23
2,train,2022-11-25 00:00:00+00:00,2022-10-28 00:00:00+00:00,2022-11-26 00:00:00+00:00,2022-12-02 00:00:00+00:00,78,23
2,train,2022-11-26 00:00:00+00:00,2022-10-29 00:00:00+00:00,2022-11-27 00:00:00+00:00,2022-12-03 00:00:00+00:00,78,23
2,train,2022-11-27 00:00:00+00:00,2022-10-30 00:00:00+00:00,2022-11-28 00:00:00+00:00,2022-12-04 00:00:00+00:00,78,23
2,val,2023-06-15 00:00:00+00:00,2023-05-18 00:00:00+00:00,2023-06-16 00:00:00+00:00,2023-06-22 00:00:00+00:00,25,3
2,val,2023-09-09 00:00:00+00:00,2023-08-12 00:00:00+00:00,2023-09-10 00:00:00+00:00,2023-09-16 00:00:00+00:00,25,3
2,val,2023-12-04 00:00:00+00:00,2023-11-06 00:00:00+00:00,2023-12-05 00:00:00+00:00,2023-12-11 00:00:00+00:00,25,3
2,test,2024-01-01 00:00:00+00:00,2023-12-04 00:00:00+00:00,2024-01-02 00:00:00+00:00,2024-01-08 00:00:00+00:00,25,9
2,test,2024-03-27 00:00:00+00:00,2024-02-28 00:00:00+00:00,2024-03-28 00:00:00+00:00,2024-04-03 00:00:00+00:00,25,9
2,test,2024-06-21 00:00:00+00:00,2024-05-24 00:00:00+00:00,2024-06-22 00:00:00+00:00,2024-06-28 00:00:00+00:00,25,9
2,test,2024-09-15 00:00:00+00:00,2024-08-18 00:00:00+00:00,2024-09-16 00:00:00+00:00,2024-09-22 00:00:00+00:00,25,9
2,test,2024-12-10 00:00:00+00:00,2024-11-12 00:00:00+00:00,2024-12-11 00:00:00+00:00,2024-12-17 00:00:00+00:00,25,9
2,test,2025-03-06 00:00:00+00:00,2025-02-06 00:00:00+00:00,2025-03-07 00:00:00+00:00,2025-03-13 00:00:00+00:00,25,9
2,test,2025-05-31 00:00:00+00:00,2025-05-03 00:00:00+00:00,2025-06-01 00:00:00+00:00,2025-06-07 00:00:00+00:00,25,9
2,test,2025-08-25 00:00:00+00:00,2025-07-28 00:00:00+00:00,2025-08-26 00:00:00+00:00,2025-09-01 00:00:00+00:00,25,9
2,test,2025-11-19 00:00:00+00:00,2025-10-22 00:00:00+00:00,2025-11-20 00:00:00+00:00,2025-11-26 00:00:00+00:00,25,9
3,train,2020-01-29 00:00:00+00:00,2020-01-01 00:00:00+00:00,2020-01-30 00:00:00+00:00,2020-02-05 00:00:00+00:00,77,23
3,train,2020-10-11 00:00:00+00:00,2020-09-13 00:00:00+00:00,2020-10-12 00:00:00+00:00,2020-10-18 00:00:00+00:00,77,23
3,train,2020-10-12 00:00:00+00:00,2020-09-14 00:00:00+00:00,2020-10-13 00:00:00+00:00,2020-10-19 00:00:00+00:00,77,23
3,train,2020-10-13 00:00:00+00:00,2020-09-15 00:00:00+00:00,2020-10-14 00:00:00+00:00,2020-10-20 00:00:00+00:00,77,23
3,train,2021-06-26 00:00:00+00:00,2021-05-29 00:00:00+00:00,2021-06-27 00:00:00+00:00,2021-07-03 00:00:00+00:00,77,23
3,train,2021-06-27 00:00:00+00:00,2021-05-30 00:00:00+00:00,2021-06-28 00:00:00+00:00,2021-07-04 00:00:00+00:00,77,23
3,train,2021-06-28 00:00:00+00:00,2021-05-31 00:00:00+00:00,2021-06-29 00:00:00+00:00,2021-07-05 00:00:00+00:00,77,23
3,train,2021-09-20 00:00:00+00:00,2021-08-23 00:00:00+00:00,2021-09-21 00:00:00+00:00,2021-09-27 00:00:00+00:00,77,23
3,train,2021-09-21 00:00:00+00:00,2021-08-24 00:00:00+00:00,2021-09-22 00:00:00+00:00,2021-09-28 00:00:00+00:00,77,23
3,train,2021-12-15 00:00:00+00:00,2021-11-17 00:00:00+00:00,2021-12-16 00:00:00+00:00,2021-12-22 00:00:00+00:00,77,23
3,train,2021-12-16 00:00:00+00:00,2021-11-18 00:00:00+00:00,2021-12-17 00:00:00+00:00,2021-12-23 00:00:00+00:00,77,23
3,train,2022-03-11 00:00:00+00:00,2022-02-11 00:00:00+00:00,2022-03-12 00:00:00+00:00,2022-03-18 00:00:00+00:00,77,23
3,train,2022-03-12 00:00:00+00:00,2022-02-12 00:00:00+00:00,2022-03-13 00:00:00+00:00,2022-03-19 00:00:00+00:00,77,23
3,train,2022-03-13 00:00:00+00:00,2022-02-13 00:00:00+00:00,2022-03-14 00:00:00+00:00,2022-03-20 00:00:00+00:00,77,23
3,train,2022-06-05 00:00:00+00:00,2022-05-08 00:00:00+00:00,2022-06-06 00:00:00+00:00,2022-06-12 00:00:00+00:00,77,23
3,train,2022-06-06 00:00:00+00:00,2022-05-09 00:00:00+00:00,2022-06-07 00:00:00+00:00,2022-06-13 00:00:00+00:00,77,23
3,train,2022-06-07 00:00:00+00:00,2022-05-10 00:00:00+00:00,2022-06-08 00:00:00+00:00,2022-06-14 00:00:00+00:00,77,23
3,train,2022-08-30 00:00:00+00:00,2022-08-02 00:00:00+00:00,2022-08-31 00:00:00+00:00,2022-09-06 00:00:00+00:00,77,23
3,train,2022-08-31 00:00:00+00:00,2022-08-03 00:00:00+00:00,2022-09-01 00:00:00+00:00,2022-09-07 00:00:00+00:00,77,23
3,train,2022-09-01 00:00:00+00:00,2022-08-04 00:00:00+00:00,2022-09-02 00:00:00+00:00,2022-09-08 00:00:00+00:00,77,23
3,train,2022-11-24 00:00:00+00:00,2022-10-27 00:00:00+00:00,2022-11-25 00:00:00+00:00,2022-12-01 00:00:00+00:00,77,23
3,train,2022-11-25 00:00:00+00:00,2022-10-28 00:00:00+00:00,2022-11-26 00:00:00+00:00,2022-12-02 00:00:00+00:00,77,23
3,train,2022-11-26 00:00:00+00:00,2022-10-29 00:00:00+00:00,2022-11-27 00:00:00+00:00,2022-12-03 00:00:00+00:00,77,23
3,val,2023-06-14 00:00:00+00:00,2023-05-17 00:00:00+00:00,2023-06-15 00:00:00+00:00,2023-06-21 00:00:00+00:00,25,3
3,val,2023-09-08 00:00:00+00:00,2023-08-11 00:00:00+00:00,2023-09-09 00:00:00+00:00,2023-09-15 00:00:00+00:00,25,3
3,val,2023-12-03 00:00:00+00:00,2023-11-05 00:00:00+00:00,2023-12-04 00:00:00+00:00,2023-12-10 00:00:00+00:00,25,3
3,test,2024-03-26 00:00:00+00:00,2024-02-27 00:00:00+00:00,2024-03-27 00:00:00+00:00,2024-04-02 00:00:00+00:00,25,8
3,test,2024-06-20 00:00:00+00:00,2024-05-23 00:00:00+00:00,2024-06-21 00:00:00+00:00,2024-06-27 00:00:00+00:00,25,8
3,test,2024-09-14 00:00:00+00:00,2024-08-17 00:00:00+00:00,2024-09-15 00:00:00+00:00,2024-09-21 00:00:00+00:00,25,8
3,test,2024-12-09 00:00:00+00:00,2024-11-11 00:00:00+00:00,2024-12-10 00:00:00+00:00,2024-12-16 00:00:00+00:00,25,8
3,test,2025-03-05 00:00:00+00:00,2025-02-05 00:00:00+00:00,2025-03-06 00:00:00+00:00,2025-03-12 00:00:00+00:00,25,8
3,test,2025-05-30 00:00:00+00:00,2025-05-02 00:00:00+00:00,2025-05-31 00:00:00+00:00,2025-06-06 00:00:00+00:00,25,8
3,test,2025-08-24 00:00:00+00:00,2025-07-27 00:00:00+00:00,2025-08-25 00:00:00+00:00,2025-08-31 00:00:00+00:00,25,8
3,test,2025-11-18 00:00:00+00:00,2025-10-21 00:00:00+00:00,2025-11-19 00:00:00+00:00,2025-11-25 00:00:00+00:00,25,8
4,train,2020-10-10 00:00:00+00:00,2020-09-12 00:00:00+00:00,2020-10-11 00:00:00+00:00,2020-10-17 00:00:00+00:00,76,24
4,train,2020-10-11 00:00:00+00:00,2020-09-13 00:00:00+00:00,2020-10-12 00:00:00+00:00,2020-10-18 00:00:00+00:00,76,24
4,train,2020-10-12 00:00:00+00:00,2020-09-14 00:00:00+00:00,2020-10-13 00:00:00+00:00,2020-10-19 00:00:00+00:00,76,24
4,train,2021-06-25 00:00:00+00:00,2021-05-28 00:00:00+00:00,2021-06-26 00:00:00+00:00,2021-07-02 00:00:00+00:00,76,24
4,train,2021-06-26 00:00:00+00:00,2021-05-29 00:00:00+00:00,2021-06-27 00:00:00+00:00,2021-07-03 00:00:00+00:00,76,24
4,train,2021-06-27 00:00:00+00:00,2021-05-30 00:00:00+00:00,2021-06-28 00:00:00+00:00,2021-07-04 00:00:00+00:00,76,24
4,train,2021-09-19 00:00:00+00:00,2021-08-22 00:00:00+00:00,2021-09-20 00:00:00+00:00,2021-09-26 00:00:00+00:00,76,24
4,train,2021-09-20 00:00:00+00:00,2021-08-23 00:00:00+00:00,2021-09-21 00:00:00+00:00,2021-09-27 00:00:00+00:00,76,24
4,train,2021-09-21 00:00:00+00:00,2021-08-24 00:00:00+00:00,2021-09-22 00:00:00+00:00,2021-09-28 00:00:00+00:00,76,24
4,train,2021-12-14 00:00:00+00:00,2021-11-16 00:00:00+00:00,2021-12-15 00:00:00+00:00,2021-12-21 00:00:00+00:00,76,24
4,train,2021-12-15 00:00:00+00:00,2021-11-17 00:00:00+00:00,2021-12-16 00:00:00+00:00,2021-12-22 00:00:00+00:00,76,24
4,train,2021-12-16 00:00:00+00:00,2021-11-18 00:00:00+00:00,2021-12-17 00:00:00+00:00,2021-12-23 00:00:00+00:00,76,24
4,train,2022-03-10 00:00:00+00:00,2022-02-10 00:00:00+00:00,2022-03-11 00:00:00+00:00,2022-03-17 00:00:00+00:00,76,24
4,train,2022-03-11 00:00:00+00:00,2022-02-11 00:00:00+00:00,2022-03-12 00:00:00+00:00,2022-03-18 00:00:00+00:00,76,24
4,train,2022-03-12 00:00:00+00:00,2022-02-12 00:00:00+00:00,2022-03-13 00:00:00+00:00,2022-03-19 00:00:00+00:00,76,24
4,train,2022-06-04 00:00:00+00:00,2022-05-07 00:00:00+00:00,2022-06-05 00:00:00+00:00,2022-06-11 00:00:00+00:00,76,24
4,train,2022-06-05 00:00:00+00:00,2022-05-08 00:00:00+00:00,2022-06-06 00:00:00+00:00,2022-06-12 00:00:00+00:00,76,24
4,train,2022-06-06 00:00:00+00:00,2022-05-09 00:00:00+00:00,2022-06-07 00:00:00+00:00,2022-06-13 00:00:00+00:00,76,24
4,train,2022-08-29 00:00:00+00:00,2022-08-01 00:00:00+00:00,2022-08-30 00:00:00+00:00,2022-09-05 00:00:00+00:00,76,24
4,train,2022-08-30 00:00:00+00:00,2022-08-02 00:00:00+00:00,2022-08-31 00:00:00+00:00,2022-09-06 00:00:00+00:00,76,24
4,train,2022-08-31 00:00:00+00:00,2022-08-03 00:00:00+00:00,2022-09-01 00:00:00+00:00,2022-09-07 00:00:00+00:00,76,24
4,train,2022-11-23 00:00:00+00:00,2022-10-26 00:00:00+00:00,2022-11-24 00:00:00+00:00,2022-11-30 00:00:00+00:00,76,24
4,train,2022-11-24 00:00:00+00:00,2022-10-27 00:00:00+00:00,2022-11-25 00:00:00+00:00,2022-12-01 00:00:00+00:00,76,24
4,train,2022-11-25 00:00:00+00:00,2022-10-28 00:00:00+00:00,2022-11-26 00:00:00+00:00,2022-12-02 00:00:00+00:00,76,24
4,val,2023-06-13 00:00:00+00:00,2023-05-16 00:00:00+00:00,2023-06-14 00:00:00+00:00,2023-06-20 00:00:00+00:00,25,3
4,val,2023-09-07 00:00:00+00:00,2023-08-10 00:00:00+00:00,2023-09-08 00:00:00+00:00,2023-09-14 00:00:00+00:00,25,3
4,val,2023-12-02 00:00:00+00:00,2023-11-04 00:00:00+00:00,2023-12-03 00:00:00+00:00,2023-12-09 00:00:00+00:00,25,3
4,test,2024-03-25 00:00:00+00:00,2024-02-26 00:00:00+00:00,2024-03-26 00:00:00+00:00,2024-04-01 00:00:00+00:00,25,8
4,test,2024-06-19 00:00:00+00:00,2024-05-22 00:00:00+00:00,2024-06-20 00:00:00+00:00,2024-06-26 00:00:00+00:00,25,8
4,test,2024-09-13 00:00:00+00:00,2024-08-16 00:00:00+00:00,2024-09-14 00:00:00+00:00,2024-09-20 00:00:00+00:00,25,8
4,test,2024-12-08 00:00:00+00:00,2024-11-10 00:00:00+00:00,2024-12-09 00:00:00+00:00,2024-12-15 00:00:00+00:00,25,8
4,test,2025-03-04 00:00:00+00:00,2025-02-04 00:00:00+00:00,2025-03-05 00:00:00+00:00,2025-03-11 00:00:00+00:00,25,8
4,test,2025-05-29 00:00:00+00:00,2025-05-01 00:00:00+00:00,2025-05-30 00:00:00+00:00,2025-06-05 00:00:00+00:00,25,8
4,test,2025-08-23 00:00:00+00:00,2025-07-26 00:00:00+00:00,2025-08-24 00:00:00+00:00,2025-08-30 00:00:00+00:00,25,8
4,test,2025-11-17 00:00:00+00:00,2025-10-20 00:00:00+00:00,2025-11-18 00:00:00+00:00,2025-11-24 00:00:00+00:00,25,8
5,train,2020-06-18 00:00:00+00:00,2020-05-21 00:00:00+00:00,2020-06-19 00:00:00+00:00,2020-06-25 00:00:00+00:00,75,24
5,train,2020-06-19 00:00:00+00:00,2020-05-22 00:00:00+00:00,2020-06-20 00:00:00+00:00,2020-06-26 00:00:00+00:00,75,24
5,train,2020-06-20 00:00:00+00:00,2020-05-23 00:00:00+00:00,2020-06-21 00:00:00+00:00,2020-06-27 00:00:00+00:00,75,24
5,train,2020-09-12 00:00:00+00:00,2020-08-15 00:00:00+00:00,2020-09-13 00:00:00+00:00,2020-09-19 00:00:00+00:00,75,24
5,train,2020-09-13 00:00:00+00:00,2020-08-16 00:00:00+00:00,2020-09-14 00:00:00+00:00,2020-09-20 00:00:00+00:00,75,24
5,train,2020-09-14 00:00:00+00:00,2020-08-17 00:00:00+00:00,2020-09-15 00:00:00+00:00,2020-09-21 00:00:00+00:00,75,24
5,train,2021-05-28 00:00:00+00:00,2021-04-30 00:00:00+00:00,2021-05-29 00:00:00+00:00,2021-06-04 00:00:00+00:00,75,24
5,train,2021-05-29 00:00:00+00:00,2021-05-01 00:00:00+00:00,2021-05-30 00:00:00+00:00,2021-06-05 00:00:00+00:00,75,24
5,train,2021-05-30 00:00:00+00:00,2021-05-02 00:00:00+00:00,2021-05-31 00:00:00+00:00,2021-06-06 00:00:00+00:00,75,24
5,train,2021-11-16 00:00:00+00:00,2021-10-19 00:00:00+00:00,2021-11-17 00:00:00+00:00,2021-11-23 00:00:00+00:00,75,24
5,train,2021-11-17 00:00:00+00:00,2021-10-20 00:00:00+00:00,2021-11-18 00:00:00+00:00,2021-11-24 00:00:00+00:00,75,24
5,train,2021-11-18 00:00:00+00:00,2021-10-21 00:00:00+00:00,2021-11-19 00:00:00+00:00,2021-11-25 00:00:00+00:00,75,24
5,train,2022-02-10 00:00:00+00:00,2022-01-13 00:00:00+00:00,2022-02-11 00:00:00+00:00,2022-02-17 00:00:00+00:00,75,24
5,train,2022-02-11 00:00:00+00:00,2022-01-14 00:00:00+00:00,2022-02-12 00:00:00+00:00,2022-02-18 00:00:00+00:00,75,24
5,train,2022-02-12 00:00:00+00:00,2022-01-15 00:00:00+00:00,2022-02-13 00:00:00+00:00,2022-02-19 00:00:00+00:00,75,24
5,train,2022-05-07 00:00:00+00:00,2022-04-09 00:00:00+00:00,2022-05-08 00:00:00+00:00,2022-05-14 00:00:00+00:00,75,24
5,train,2022-05-08 00:00:00+00:00,2022-04-10 00:00:00+00:00,2022-05-09 00:00:00+00:00,2022-05-15 00:00:00+00:00,75,24
5,train,2022-05-09 00:00:00+00:00,2022-04-11 00:00:00+00:00,2022-05-10 00:00:00+00:00,2022-05-16 00:00:00+00:00,75,24
5,train,2022-08-01 00:00:00+00:00,2022-07-04 00:00:00+00:00,2022-08-02 00:00:00+00:00,2022-08-08 00:00:00+00:00,75,24
5,train,2022-08-02 00:00:00+00:00,2022-07-05 00:00:00+00:00,2022-08-03 00:00:00+00:00,2022-08-09 00:00:00+00:00,75,24
5,train,2022-08-03 00:00:00+00:00,2022-07-06 00:00:00+00:00,2022-08-04 00:00:00+00:00,2022-08-10 00:00:00+00:00,75,24
5,train,2022-10-26 00:00:00+00:00,2022-09-28 00:00:00+00:00,2022-10-27 00:00:00+00:00,2022-11-02 00:00:00+00:00,75,24
5,train,2022-10-27 00:00:00+00:00,2022-09-29 00:00:00+00:00,2022-10-28 00:00:00+00:00,2022-11-03 00:00:00+00:00,75,24
5,train,2022-10-28 00:00:00+00:00,2022-09-30 00:00:00+00:00,2022-10-29 00:00:00+00:00,2022-11-04 00:00:00+00:00,75,24
5,val,2023-02-19 00:00:00+00:00,2023-01-22 00:00:00+00:00,2023-02-20 00:00:00+00:00,2023-02-26 00:00:00+00:00,26,4
5,val,2023-05-16 00:00:00+00:00,2023-04-18 00:00:00+00:00,2023-05-17 00:00:00+00:00,2023-05-23 00:00:00+00:00,26,4
5,val,2023-08-10 00:00:00+00:00,2023-07-13 00:00:00+00:00,2023-08-11 00:00:00+00:00,2023-08-17 00:00:00+00:00,26,4
5,val,2023-11-04 00:00:00+00:00,2023-10-07 00:00:00+00:00,2023-11-05 00:00:00+00:00,2023-11-11 00:00:00+00:00,26,4
5,test,2024-02-26 00:00:00+00:00,2024-01-29 00:00:00+00:00,2024-02-27 00:00:00+00:00,2024-03-04 00:00:00+00:00,25,8
5,test,2024-05-22 00:00:00+00:00,2024-04-24 00:00:00+00:00,2024-05-23 00:00:00+00:00,2024-05-29 00:00:00+00:00,25,8
5,test,2024-08-16 00:00:00+00:00,2024-07-19 00:00:00+00:00,2024-08-17 00:00:00+00:00,2024-08-23 00:00:00+00:00,25,8
5,test,2024-11-10 00:00:00+00:00,2024-10-13 00:00:00+00:00,2024-11-11 00:00:00+00:00,2024-11-17 00:00:00+00:00,25,8
5,test,2025-02-04 00:00:00+00:00,2025-01-07 00:00:00+00:00,2025-02-05 00:00:00+00:00,2025-02-11 00:00:00+00:00,25,8
5,test,2025-05-01 00:00:00+00:00,2025-04-03 00:00:00+00:00,2025-05-02 00:00:00+00:00,2025-05-08 00:00:00+00:00,25,8
5,test,2025-07-26 00:00:00+00:00,2025-06-28 00:00:00+00:00,2025-07-27 00:00:00+00:00,2025-08-02 00:00:00+00:00,25,8
5,test,2025-10-20 00:00:00+00:00,2025-09-22 00:00:00+00:00,2025-10-21 00:00:00+00:00,2025-10-27 00:00:00+00:00,25,8
