symbol,input_window,fold,horizon,MAE,MSE,RMSE,MAPE,R2
BTCUSDT,28,1,1,0.00015490084016808349,1.7893911827647107e-07,0.00042301195996859365,3.207180961962823,0.9817067736466217
BTCUSDT,28,1,2,0.00027882329309395626,3.9350216259739575e-07,0.0006272975072462792,5.822302508501734,0.959773804130248
BTCUSDT,28,1,3,0.0003902955848953602,6.266973392710619e-07,0.0007916421788100113,8.187817354702673,0.9359385148475232
BTCUSDT,28,1,4,0.0004923511250819349,8.668615699015389e-07,0.0009310540101957238,10.380549123201963,0.9113930769432014
BTCUSDT,28,1,5,0.0005881972174718635,1.1179050341081468e-06,0.0010573102827969407,12.465113437788974,0.8857377546469605
BTCUSDT,28,1,6,0.0006796683258044565,1.3765100744170555e-06,0.0011732476611598487,14.456527717432893,0.8593105157457294
BTCUSDT,28,1,7,0.0007672116796408324,1.641082337274545e-06,0.0012810473594971207,16.393213138908163,0.8322763131278275
BTCUSDT,28,2,1,0.00011462569776946082,1.1889349459291438e-07,0.0003448093597814804,3.3537819954153045,0.9701303580748535
BTCUSDT,28,2,2,0.0002078898834901899,2.6328192612230876e-07,0.0005131100526420319,6.087908432490703,0.9338553090021251
BTCUSDT,28,2,3,0.00029375961960221534,4.2076376534013933e-07,0.0006486630599472575,8.64490207941703,0.8942903858133361
BTCUSDT,28,2,4,0.0003747271212631018,5.883272421724251e-07,0.0007670249293030997,11.10698429557688,0.8521925807975809
BTCUSDT,28,2,5,0.00045146508971274815,7.620040304414092e-07,0.0008729284222898285,13.469640281366333,0.8085588695136825
BTCUSDT,28,2,6,0.0005243707571767093,9.457365764884247e-07,0.0009724898850314201,15.770613796913368,0.7623898723330556
BTCUSDT,28,2,7,0.0005933275551217259,1.1364681069794587e-06,0.0010660525817141754,17.98380254449333,0.7144582915268012
BTCUSDT,28,3,1,0.00014527403188794696,1.084631631383578e-07,0.0003293374608791988,3.0971509722219817,0.9801847889514427
BTCUSDT,28,3,2,0.00026023177092373694,2.546577034133803e-07,0.000504636208979677,5.569400931008004,0.9534761236316339
BTCUSDT,28,3,3,0.0003656331736377865,4.221283338004367e-07,0.0006497140400210208,7.846812600156089,0.9228798815463153
BTCUSDT,28,3,4,0.00046177541774328077,5.998099495550028e-07,0.0007744739824906985,9.951154169643663,0.8904175396968845
BTCUSDT,28,3,5,0.0005504030925323944,7.863344692299463e-07,0.00088675502210585,11.91550255788075,0.8563511060894956
BTCUSDT,28,3,6,0.0006334191813121618,9.77916355216517e-07,0.0009888965341311076,13.785615570222404,0.8213662911778086
BTCUSDT,28,3,7,0.0007114533622904599,1.1793888304629317e-06,0.0010859966991031472,15.562172479853695,0.784580801740699
BTCUSDT,28,4,1,0.00011570442873490676,8.052283733656071e-08,0.0002837654618458009,3.03054483982517,0.9828017634738803
BTCUSDT,28,4,2,0.00020643673770054136,1.8433149929222882e-07,0.0004293384437622944,5.388671239945189,0.9606295951513717
BTCUSDT,28,4,3,0.00028788082233460575,3.003403295708993e-07,0.000548033146416254,7.518564526855326,0.9358510218669167
BTCUSDT,28,4,4,0.00036458496373372254,4.242090835311136e-07,0.0006513133527965734,9.548334260762635,0.9093931710880555
BTCUSDT,28,4,5,0.0004373321614658143,5.57892922459161e-07,0.0007469223001485235,11.49107417430989,0.8808382745734789
BTCUSDT,28,4,6,0.0005057322431438108,6.9598034732231e-07,0.0008342543660792612,13.337697075159305,0.8513420073662844
BTCUSDT,28,4,7,0.0005692548575791998,8.37245617801553e-07,0.000915011266488863,15.074800017768771,0.8211662242699169
BTCUSDT,28,5,1,0.00011955708333125923,8.647308447489438e-08,0.0002940630620715468,3.1641338967296235,0.9790229807481428
BTCUSDT,28,5,2,0.00021302837661018226,1.9637813504879646e-07,0.00044314572665072206,5.66675501502191,0.9523646896112115
BTCUSDT,28,5,3,0.0002980030902208312,3.188774357292433e-07,0.0005646923372326238,7.974760698143428,0.9226548379524672
BTCUSDT,28,5,4,0.000377618521411931,4.5386820912441494e-07,0.000673697416593247,10.185787680455965,0.8899194234798596
BTCUSDT,28,5,5,0.0004516671524180006,5.9392290768942e-07,0.0007706639395283914,12.277028190988924,0.8559606764156606
BTCUSDT,28,5,6,0.0005206930693259753,7.368851778298625e-07,0.0008584201639231586,14.267374343827385,0.8213010031707781
BTCUSDT,28,5,7,0.000585671369766199,8.787953783158294e-07,0.000937440866570169,16.17620460817331,0.7869035001550919
ETHUSDT,28,1,1,0.00020026125960262173,2.7014422572873694e-07,0.0005197540050146193,3.0537549384155587,0.9840434753613598
ETHUSDT,28,1,2,0.00035387399777101825,5.73239374056561e-07,0.0007571257320000167,5.417139546358759,0.9661431958295065
ETHUSDT,28,1,3,0.0004905139055193544,9.106877394390173e-07,0.0009542996067478061,7.51339711724164,0.9462162105236354
ETHUSDT,28,1,4,0.0006133583034905567,1.253515715772238e-06,0.0011196051606580945,9.405372208934509,0.9259739919731244
ETHUSDT,28,1,5,0.000726540015767687,1.6078654611004328e-06,0.0012680163489089693,11.154886313801606,0.9050539760634141
ETHUSDT,28,1,6,0.0008330417545242996,1.962942759540566e-06,0.00140105059135656,12.799244208190528,0.884096812270501
ETHUSDT,28,1,7,0.000934029470974132,2.3275079656891826e-06,0.0015256172408861872,14.380446367440653,0.8625854224870728
ETHUSDT,28,2,1,0.00012340892203241888,1.3468381186849972e-07,0.00036699293163288543,3.1809129919604238,0.9697919023003964
ETHUSDT,28,2,2,0.00021933208675403829,3.03385040836404e-07,0.000550803994935044,5.6622232327303985,0.9319550756830586
ETHUSDT,28,2,3,0.0003066330334367523,4.821606693611473e-07,0.0006943779009740642,7.936869598452533,0.8918600037964723
ETHUSDT,28,2,4,0.0003887544281476475,6.693025147844305e-07,0.0008181091093395982,10.092195185900561,0.849889307941443
ETHUSDT,28,2,5,0.0004662247820434201,8.644559741227661e-07,0.0009297612457630002,12.146282741084722,0.8061234354786457
ETHUSDT,28,2,6,0.0005400081019647639,1.0689633022072577e-06,0.0010339068150502044,14.127685448091043,0.7602535479996099
ETHUSDT,28,2,7,0.0006099833903433122,1.2827236041675229e-06,0.0011325738846395508,16.012468656232222,0.7123046372005093
ETHUSDT,28,3,1,0.00017819890518556487,1.9681999255379354e-07,0.00044364399303246916,3.025963713924227,0.9776273300266822
ETHUSDT,28,3,2,0.0003158190862235526,4.428413477481256e-07,0.0006654632580001135,5.366984902577405,0.9496580514560958
ETHUSDT,28,3,3,0.0004396148712069635,7.277426502010082e-07,0.0008530783376695298,7.47693827814593,0.9172631796765407
ETHUSDT,28,3,4,0.0005516440875972582,1.0265459249460951e-06,0.0010131860268213805,9.391279377567468,0.883281760673863
ETHUSDT,28,3,5,0.0006543671338767262,1.3325100299140045e-06,0.0011543439824913562,11.156476717116961,0.8484932059899535
ETHUSDT,28,3,6,0.0007505387824374205,1.6454039754567041e-06,0.001282733010199981,12.800106654499174,0.8129233684500309
ETHUSDT,28,3,7,0.0008416522808380915,1.9748996782853788e-06,0.0014053112389379723,14.37273945417566,0.7754680195743525
ETHUSDT,28,4,1,0.00019672407919307992,2.8168814207253393e-07,0.0005307430094429261,2.9692720161597106,0.9738093759561319
ETHUSDT,28,4,2,0.0003456889572255222,6.020289008895375e-07,0.0007759052138563946,5.192171600712839,0.9440232692487507
ETHUSDT,28,4,3,0.00047787428106522273,9.527185956863468e-07,0.0009760730483351883,7.1667851624428,0.9114135433369651
ETHUSDT,28,4,4,0.0006003963126073098,1.3172513313093293e-06,0.0011477157014301623,9.003672709871502,0.8775138365789038
ETHUSDT,28,4,5,0.000716556030679967,1.7036506967878526e-06,0.0013052397085546595,10.748999982018958,0.8415769667397579
ETHUSDT,28,4,6,0.0008257048297159122,2.0998392218807847e-06,0.001449082199835739,12.399492139146833,0.8047257837808605
ETHUSDT,28,4,7,0.0009286910289058896,2.5131483138330704e-06,0.0015852912394361707,13.959183021749785,0.7662803311063553
ETHUSDT,28,5,1,0.00016529263039660188,1.8655253977186392e-07,0.00043191728348361324,3.2341733813054026,0.9754294871433298
ETHUSDT,28,5,2,0.0002967757411822998,4.163099200435453e-07,0.0006452208304476424,5.801462646460314,0.9451676834222783
ETHUSDT,28,5,3,0.000415356303635454,6.679702499410218e-07,0.0008172944695402153,8.140883339870243,0.9120199911224557
ETHUSDT,28,5,4,0.0005248180764800788,9.369972585207059e-07,0.0009679861871538797,10.326462008008692,0.8765839867588362
ETHUSDT,28,5,5,0.0006304772757397038,1.2199053326845414e-06,0.0011044932470072153,12.4656244263693,0.8393195325858684
ETHUSDT,28,5,6,0.0007290078831150905,1.5191905158776193e-06,0.0012325544677123277,14.504087485635461,0.7999017068647069
ETHUSDT,28,5,7,0.0008185070848602474,1.8140598683010116e-06,0.0013468703977372921,16.395043915187564,0.7610665137996486
BNBUSDT,7,1,1,0.00017376134930340557,2.325063619479367e-07,0.0004821891350372141,2.9599768572314122,0.9820998099064672
BNBUSDT,7,1,2,0.0003046346284410637,5.191946996981221e-07,0.0007205516634483069,5.2037764135529105,0.9600280594125898
BNBUSDT,7,1,3,0.00041925623180893886,8.363623861065166e-07,0.0009145285048080878,7.165419428410259,0.9356081052332803
BNBUSDT,7,1,4,0.000521221959909424,1.1565175728375052e-06,0.0010754150700252928,8.918649560234813,0.9109565774278877
BNBUSDT,7,1,5,0.0006182295732924118,1.4878193727599367e-06,0.0012197620148045015,10.581266499658238,0.8854450151558274
BNBUSDT,7,1,6,0.0007100211622124554,1.820534796600816e-06,0.0013492719505721654,12.151184813660368,0.8598235678457173
BNBUSDT,7,1,7,0.0007978719075015337,2.165549794373898e-06,0.0014715807128302199,13.646325708968224,0.8332561085839985
BNBUSDT,7,2,1,0.00012603346930684144,1.678409715344286e-07,0.00040968398984391445,3.0752809147290194,0.9763383191500209
BNBUSDT,7,2,2,0.00022318410766306162,3.586654909073292e-07,0.000598886876552934,5.410701460479102,0.9494531699579265
BNBUSDT,7,2,3,0.00031131971995940677,5.686669521582904e-07,0.0007541000942569165,7.4993081662598895,0.9198817502583484
BNBUSDT,7,2,4,0.00039235326816152073,7.870024138186256e-07,0.000887131565112315,9.417581360225089,0.8891541782629387
BNBUSDT,7,2,5,0.0004695727196467021,1.0169218844254593e-06,0.0010084254481246787,11.237810755085938,0.8568219667817207
BNBUSDT,7,2,6,0.000543637405854652,1.2661835739768237e-06,0.0011252482277154777,12.988708416257863,0.8217921852464873
BNBUSDT,7,2,7,0.0006142984017214937,1.5200947802567244e-06,0.0012329212384644547,14.672848550958259,0.7861299484659968
BNBUSDT,7,3,1,0.00016198103570553836,1.3975999982772515e-07,0.0003738448873901115,2.8462444953707533,0.9860066906123854
BNBUSDT,7,3,2,0.00028487794246043506,3.254745124706278e-07,0.0005705037357201333,4.982871514700739,0.9674080693451608
BNBUSDT,7,3,3,0.000392023854538567,5.344703895550119e-07,0.0007310748180282315,6.841120484922319,0.9464725313427066
BNBUSDT,7,3,4,0.0004895053906377685,7.584847147923166e-07,0.0008709102794159204,8.535184608068938,0.9240273243914375
BNBUSDT,7,3,5,0.0005796175676625601,9.95481406381603e-07,0.000997738145197227,10.104204748029002,0.9002764644166372
BNBUSDT,7,3,6,0.000664375456622555,1.241454925534796e-06,0.0011142059619005796,11.576244721005263,0.8756330675813985
BNBUSDT,7,3,7,0.0007446557060024452,1.5085018944273081e-06,0.0012282108509646494,12.977669940095732,0.8488784026957418
BNBUSDT,7,4,1,0.0001376148772437452,1.1953675431037685e-07,0.0003457408774073104,2.827711999256519,0.9858286286795159
BNBUSDT,7,4,2,0.00023863947257942944,2.65173256269092e-07,0.0005149497609175986,4.878592501229851,0.9685639150356001
BNBUSDT,7,4,3,0.0003288262765662967,4.2875121968366115e-07,0.0006547909740395488,6.702300239941851,0.9491730222879516
BNBUSDT,7,4,4,0.00041164269544099444,6.031954042848289e-07,0.0007766565549101024,8.357570140120563,0.9284936268132209
BNBUSDT,7,4,5,0.0004900349741924067,7.975315684886524e-07,0.0008930462297600569,9.9148792959702,0.9054556458788305
BNBUSDT,7,4,6,0.0005645491298605322,1.0059073005323092e-06,0.001002949301077731,11.393093695005623,0.8807532653675969
BNBUSDT,7,4,7,0.0006330594341931384,1.2236633438556214e-06,0.0011061931765544485,12.750624976774299,0.8549393001070955
BNBUSDT,7,5,1,0.00011461565417338368,7.054017633519784e-08,0.0002655940065874941,2.885620779142671,0.9818508523050843
BNBUSDT,7,5,2,0.00020131262438742098,1.5860052841550774e-07,0.0003982468184625054,5.0476240297298265,0.9591937896929494
BNBUSDT,7,5,3,0.0002778556691669829,2.555101284132506e-07,0.000505480096950662,6.952260671102701,0.9342597984777623
BNBUSDT,7,5,4,0.00034737986277448226,3.6214122045485777e-07,0.0006017817049851697,8.692842025192467,0.9068246483937683
BNBUSDT,7,5,5,0.00041153159371454153,4.7365665589128153e-07,0.0006882271833423041,10.301882222968004,0.878132719450722
BNBUSDT,7,5,6,0.0004715438841440718,5.891461132332606e-07,0.0007675585405903973,11.804879965566442,0.8484206526237645
BNBUSDT,7,5,7,0.0005261641934596391,7.039568065562822e-07,0.0008390213385583719,13.199938706176159,0.8188821446908928
XRPUSDT,28,1,1,0.00019824201196453906,2.390792325493507e-07,0.0004889572911301668,2.8720549750090387,0.9827152442823889
XRPUSDT,28,1,2,0.0003488583728597853,5.308507123049193e-07,0.0007285950262696825,5.017797391623541,0.9616304826358468
XRPUSDT,28,1,3,0.00047681826367192246,8.416529147183503e-07,0.0009174164347330771,6.851689268971228,0.9391826853310763
XRPUSDT,28,1,4,0.0005959149064370078,1.172448408477914e-06,0.0010827965683718776,8.565655014911021,0.9153024275326884
XRPUSDT,28,1,5,0.0007074183185573705,1.5204754732747993e-06,0.0012330756153921783,10.17020176041993,0.8901913421988872
XRPUSDT,28,1,6,0.00081162271107386,1.8823879687976608e-06,0.0013720014463540703,11.678180439266077,0.8640930473175279
XRPUSDT,28,1,7,0.000911934262594813,2.261209047084201e-06,0.0015037317071486525,13.128761202621039,0.8367875924457611
XRPUSDT,28,2,1,0.00018161552730836216,6.736843439065916e-07,0.0008207827629200016,3.100764581672621,0.9696209128904388
XRPUSDT,28,2,2,0.00032683545273446416,1.4720699138248653e-06,0.0012132888830879748,5.480163902792514,0.933617719273379
XRPUSDT,28,2,3,0.0004590672951134577,2.4938365835757562e-06,0.0015791885839176259,7.6187635764022765,0.8875401599111044
XRPUSDT,28,2,4,0.0005821349649601006,3.5403923317454596e-06,0.0018815930303191122,9.587250663738631,0.840342441859656
XRPUSDT,28,2,5,0.0006997509828390357,4.601988063668789e-06,0.0021452244786196125,11.470875244907305,0.792464787319709
XRPUSDT,28,2,6,0.000813870199542127,5.6803545683257225e-06,0.00238334944318405,13.303728790090327,0.7438242395188368
XRPUSDT,28,2,7,0.000926579206387991,6.765880289191175e-06,0.0026011305790350422,15.124438979533805,0.694857183444651
XRPUSDT,28,3,1,0.00022586537761451223,4.4599086989370167e-07,0.0006678254786197526,2.998241509963947,0.9876462202014988
XRPUSDT,28,3,2,0.0004034988399321171,1.069082577479176e-06,0.0010339644952701112,5.326709881238481,0.9703871261436837
XRPUSDT,28,3,3,0.0005624317966366706,1.7804364830710119e-06,0.0013343299753325682,7.412694392949216,0.9506836488056156
XRPUSDT,28,3,4,0.0007054691717463875,2.5119046629251495e-06,0.001584898944073454,9.311359069651205,0.9304234709017141
XRPUSDT,28,3,5,0.0008403336013148106,3.269854447229721e-06,0.001808273886121713,11.106498727939341,0.9094322307988613
XRPUSDT,28,3,6,0.0009706073036054551,4.063118209904199e-06,0.002015717790243515,12.831340181579748,0.8874641060357384
XRPUSDT,28,3,7,0.0010942740028381393,4.88337179766692e-06,0.0022098352421994994,14.487638113502891,0.864749102382196
XRPUSDT,28,4,1,0.00021659991362684314,3.627110728790565e-07,0.0006022549899162783,2.878685303310808,0.9836175135429871
XRPUSDT,28,4,2,0.0003830323277898367,8.510542257139403e-07,0.000922526002730514,5.039364758675162,0.9615607223804349
XRPUSDT,28,4,3,0.0005325267208139585,1.383707660268674e-06,0.0011763110389130394,6.9594858732326,0.9375027998528596
XRPUSDT,28,4,4,0.0006736259428284851,1.9568048666990725e-06,0.0013988584155299893,8.766813960152051,0.9116187657003794
XRPUSDT,28,4,5,0.0008096824227226764,2.5742132423269588e-06,0.0016044354902354158,10.498300540236048,0.8837334352297195
XRPUSDT,28,4,6,0.000940592669593457,3.235493880500693e-06,0.0017987478646271393,12.163979504215877,0.8538668696879617
XRPUSDT,28,4,7,0.0010639511896069229,3.938383921938415e-06,0.001984536198193022,13.73257983116852,0.8221212352516354
XRPUSDT,28,5,1,0.00016538801500158955,1.589878140277757e-07,0.0003987327601637163,3.0293395371850473,0.9849514896016826
XRPUSDT,28,5,2,0.00029383080944685343,3.746735799783474e-07,0.0006121058568404222,5.362350333722744,0.9645353739989032
XRPUSDT,28,5,3,0.0004097768023099213,6.176994693030484e-07,0.0007859385913053566,7.468894260804084,0.9415301540183956
XRPUSDT,28,5,4,0.0005175912712912824,8.910153787045739e-07,0.0009439361094399207,9.432357726485524,0.9156564213200412
XRPUSDT,28,5,5,0.0006190087783897293,1.1853041582754483e-06,0.001088716748413217,11.307195593879655,0.8877971187604938
XRPUSDT,28,5,6,0.0007158501951786117,1.4879504111280703e-06,0.0012198157283491921,13.086397243524575,0.859148064708615
XRPUSDT,28,5,7,0.0008065874214707143,1.7939910360897624e-06,0.00133939950578226,14.775694122729346,0.8301778244919334
SOLUSDT,7,1,1,0.00029148577506563414,5.648758458326966e-07,0.0007515822282576249,2.9011425931953783,0.9857255299056398
SOLUSDT,7,1,2,0.0005146549681532142,1.2170879594529087e-06,0.0011032170953411248,5.128829010032852,0.9692472962508472
SOLUSDT,7,1,3,0.0007101782165639804,1.962508028424493e-06,0.0014008954380768368,7.070632937689959,0.9504169331208379
SOLUSDT,7,1,4,0.0008838190566672764,2.749151526522987e-06,0.001658056551063017,8.781475811970829,0.9305487140222464
SOLUSDT,7,1,5,0.0010446905945051778,3.5649330581327036e-06,0.0018881030316517961,10.357562727342968,0.9099476627556393
SOLUSDT,7,1,6,0.0011965275022884163,4.417892545617586e-06,0.0021018783374918697,11.844157477769745,0.8884110028321257
SOLUSDT,7,1,7,0.0013436021274126483,5.304658235120022e-06,0.0023031843684603328,13.274653615259782,0.8660233868111247
SOLUSDT,7,2,1,0.00023455316028739355,3.696079583478152e-07,0.0006079539113681359,2.80670749556192,0.9807982201810131
SOLUSDT,7,2,2,0.00040622554783068904,7.873859048380473e-07,0.000887347679795269,4.829271407260607,0.9590894302074949
SOLUSDT,7,2,3,0.000557602784231879,1.2379879063103902e-06,0.0011126490490313602,6.623146216237301,0.9356699013787089
SOLUSDT,7,2,4,0.0006969910688809755,1.707868907057611e-06,0.0013068545852762698,8.266282789071147,0.9112430822160431
SOLUSDT,7,2,5,0.0008226695317179467,2.1963117407934957e-06,0.0014819958639596454,9.762193108253385,0.8858455709047315
SOLUSDT,7,2,6,0.0009416851088295614,2.7159232843015428e-06,0.001648005850809257,11.168184144350091,0.8588222413670994
SOLUSDT,7,2,7,0.0010559781933261192,3.2474954150985483e-06,0.0018020808569813255,12.520555264100825,0.8311719051729917
SOLUSDT,7,3,1,0.00023100302872573172,2.7478855642042093e-07,0.0005242027817747831,2.7643652261534215,0.9829767263979865
SOLUSDT,7,3,2,0.00039951882913477025,6.120938714447429e-07,0.0007823642830834898,4.770302656587904,0.9620803179237885
SOLUSDT,7,3,3,0.0005469467566687784,9.9386597264325e-07,0.0009969282685545887,6.531333873847582,0.9384289201402811
SOLUSDT,7,3,4,0.0006802375422691414,1.4005609892132232e-06,0.0011834529940868894,8.114691361454005,0.91323329698621
SOLUSDT,7,3,5,0.0008012466505457315,1.820984765256762e-06,0.0013494386852527839,9.569117594495378,0.8871869391319439
SOLUSDT,7,3,6,0.0009139057972355986,2.2562330458594776e-06,0.0015020762450220287,10.921610071832111,0.8602219807958019
SOLUSDT,7,3,7,0.0010198119508733699,2.707436276339885e-06,0.0016454289034594856,12.202490291683306,0.8322641381822017
SOLUSDT,7,4,1,0.00022351518804648938,2.8074065710837385e-07,0.0005298496551932198,2.7632973195406487,0.9820207790842894
SOLUSDT,7,4,2,0.0003878935030656813,6.341243134486146e-07,0.000796319228355447,4.757520201481113,0.9593896386080618
SOLUSDT,7,4,3,0.0005322369433470943,1.0168144301601803e-06,0.0010083721684775817,6.507192615723698,0.9348823015261161
SOLUSDT,7,4,4,0.0006658102802937761,1.4250711506489137e-06,0.0011937634399867144,8.128373193317302,0.908741692562484
SOLUSDT,7,4,5,0.0007892646322606555,1.8551735366138683e-06,0.0013620475529928712,9.620392066298626,0.881205432675281
SOLUSDT,7,4,6,0.0009040076721421758,2.3051472372870585e-06,0.0015182711343126624,11.001817770028909,0.8524038019058373
SOLUSDT,7,4,7,0.0010097059639308837,2.7659654680344026e-06,0.0016631191983842897,12.282211247104216,0.822908465396829
SOLUSDT,7,5,1,0.00017394985667100286,1.6009947145702872e-07,0.0004001243200019573,2.9848211683111145,0.9796754586522131
SOLUSDT,7,5,2,0.0003057281958409254,3.678425850940306e-07,0.0006065002762522295,5.2317479426906255,0.9533019378359884
SOLUSDT,7,5,3,0.00042279747435673866,5.943852057131144e-07,0.0007709638160854985,7.232892559294451,0.9245407290783936
SOLUSDT,7,5,4,0.0005312784952761464,8.401306642468508e-07,0.0009165864194100034,9.089748687430111,0.8933405781468096
SOLUSDT,7,5,5,0.0006324264448085756,1.098246733153398e-06,0.0010479726776750423,10.846656843869631,0.8605693448448388
SOLUSDT,7,5,6,0.0007271799664492485,1.3665601667232909e-06,0.0011689996435941675,12.498241136590597,0.8265027768951114
SOLUSDT,7,5,7,0.0008137887296739589,1.6325191555585057e-06,0.0012777007300453834,14.019852857424725,0.7927368807097134
