symbol,volatility_window,input_window,C,epsilon,val_rmse
BTCUSDT,7,7,10.0,0.01,1.0632350021970205
BTCUSDT,7,14,10.0,0.01,0.9567268906462836
BTCUSDT,7,21,10.0,0.01,1.022749682596368
BTCUSDT,7,28,0.01,0.01,1.0524093609887228
BTCUSDT,14,7,0.01,0.1,1.3042426879046345
BTCUSDT,14,14,10.0,0.1,1.1366618700586069
BTCUSDT,14,21,10.0,0.01,1.186917742408094
BTCUSDT,14,28,0.01,0.01,1.2519142328387047
BTCUSDT,21,7,10.0,0.01,1.3137347622045599
BTCUSDT,21,14,10.0,0.01,1.1323895262773782
BTCUSDT,21,21,10.0,0.01,1.0559686182469368
BTCUSDT,21,28,10.0,0.1,1.2070145412744224
BTCUSDT,28,7,0.01,0.01,1.3889218771655758
BTCUSDT,28,14,10.0,0.01,1.2133548995189805
BTCUSDT,28,21,10.0,0.01,1.1122137994336039
BTCUSDT,28,28,10.0,0.1,1.1095392861839681
ETHUSDT,7,7,10.0,0.01,1.57238786104617
ETHUSDT,7,14,10.0,0.1,1.4179669549533886
ETHUSDT,7,21,10.0,0.1,1.2392602394763437
ETHUSDT,7,28,10.0,0.1,1.2542755035088395
ETHUSDT,14,7,10.0,0.01,2.0489869518346273
ETHUSDT,14,14,10.0,0.01,1.6394260317448772
ETHUSDT,14,21,10.0,0.01,1.298965154258607
ETHUSDT,14,28,10.0,0.01,1.3765479855647063
ETHUSDT,21,7,10.0,0.01,2.2198982127546576
ETHUSDT,21,14,10.0,0.01,1.9810762299922264
ETHUSDT,21,21,10.0,0.01,1.7977620660483151
ETHUSDT,21,28,1.0,0.01,1.7602113587923764
ETHUSDT,28,7,10.0,0.01,2.3420363615268593
ETHUSDT,28,14,10.0,0.01,2.160613116216134
ETHUSDT,28,21,10.0,0.01,2.0260499897278255
ETHUSDT,28,28,10.0,0.1,1.8582060513915721
BNBUSDT,7,7,10.0,0.01,1.6027090555360726
BNBUSDT,7,14,10.0,0.01,1.669283280394841
BNBUSDT,7,21,10.0,0.01,1.5592215666101832
BNBUSDT,7,28,10.0,0.01,1.6088164650874432
BNBUSDT,14,7,10.0,0.01,1.9258426450217638
BNBUSDT,14,14,10.0,0.01,1.891277449479226
BNBUSDT,14,21,10.0,0.01,1.8925028282632794
BNBUSDT,14,28,10.0,0.01,1.8801321436561615
BNBUSDT,21,7,10.0,0.01,1.5977283174606787
BNBUSDT,21,14,10.0,0.01,1.7430632911442885
BNBUSDT,21,21,10.0,0.01,1.6627626815138747
BNBUSDT,21,28,10.0,0.1,1.6517283089010568
BNBUSDT,28,7,10.0,0.01,1.7530128694747684
BNBUSDT,28,14,10.0,0.01,1.898674625284783
BNBUSDT,28,21,10.0,0.01,1.8368791709437797
BNBUSDT,28,28,10.0,0.01,1.8097373147849551
XRPUSDT,7,7,10.0,0.01,1.633886374716489
XRPUSDT,7,14,10.0,0.01,1.5648934386417068
XRPUSDT,7,21,10.0,0.1,1.6822251101226144
XRPUSDT,7,28,10.0,0.01,1.858624986470644
XRPUSDT,14,7,10.0,0.01,1.9072403428984228
XRPUSDT,14,14,10.0,0.01,1.478891351379703
XRPUSDT,14,21,10.0,0.01,1.5593971490475762
XRPUSDT,14,28,10.0,0.01,1.7319793346388859
XRPUSDT,21,7,10.0,0.01,1.9150152122409563
XRPUSDT,21,14,10.0,0.01,1.8671096344039557
XRPUSDT,21,21,10.0,0.01,1.728849592786863
XRPUSDT,21,28,10.0,0.01,1.7043173852487565
XRPUSDT,28,7,10.0,0.01,1.7386571103370172
XRPUSDT,28,14,10.0,0.01,1.753622047775669
XRPUSDT,28,21,10.0,0.01,1.5303912379424358
XRPUSDT,28,28,10.0,0.01,1.497806752022242
