symbol,input_window,fold,n_train,n_val,n_test,X_train_shape,y_train_shape,pred_test_shape,n_outputs,scaler_X_fit_rows,scaler_y_fit_rows,scalers_train_only,n_iter,loss,convergence_warning,convergence_messages,other_warnings,bds_statistic,bds_pvalue,bds_status,bds_warnings,bds_calendar_gaps,elapsed_seconds
BTCUSDT,7,1,7582,7569,7568,"(7582, 7)","(7582, 7)","(7568, 7)",7,7582,7582,True,79,0.03454701030719416,False,,,2.430507158896284,0.015077708188598937,ok,,1,7.082469700137153
BTCUSDT,7,2,15164,7568,7568,"(15164, 7)","(15164, 7)","(7568, 7)",7,15164,15164,True,42,0.040125844005039525,False,,,0.7788222742997931,0.43608441470870896,ok,,0,8.788912300020456
BTCUSDT,7,3,22745,7568,7568,"(22745, 7)","(22745, 7)","(7568, 7)",7,22745,22745,True,34,0.03902751791511638,False,,,3.2478157356550152,0.0011629455689102447,ok,,0,10.067116599995643
BTCUSDT,7,4,30326,7568,7568,"(30326, 7)","(30326, 7)","(7568, 7)",7,30326,30326,True,25,0.03745865117448123,False,,,1.309957526823009,0.19021020439083547,ok,,0,13.896822799928486
BTCUSDT,7,5,37907,7568,7568,"(37907, 7)","(37907, 7)","(7568, 7)",7,37907,37907,True,38,0.038329416129398906,False,,,0.36707408195994473,0.7135637594808428,ok,,0,21.679609700106084
BTCUSDT,14,1,7571,7551,7550,"(7571, 14)","(7571, 7)","(7550, 7)",7,7571,7571,True,98,0.03371516999209087,False,,,2.7310526056213074,0.006313239354726528,ok,,1,15.232480100123212
BTCUSDT,14,2,15142,7550,7550,"(15142, 14)","(15142, 7)","(7550, 7)",7,15142,15142,True,37,0.040558922647607625,False,,,0.8262104242179026,0.40868473596382837,ok,,0,8.53314150008373
BTCUSDT,14,3,22712,7550,7550,"(22712, 14)","(22712, 7)","(7550, 7)",7,22712,22712,True,36,0.038989491301231013,False,,,2.5347788526450037,0.011251833392256778,ok,,0,16.37366609997116
BTCUSDT,14,4,30282,7550,7550,"(30282, 14)","(30282, 7)","(7550, 7)",7,30282,30282,True,43,0.036988488588292366,False,,,1.5709562922336506,0.11619280157825217,ok,,0,20.025040700100362
BTCUSDT,14,5,37852,7550,7550,"(37852, 14)","(37852, 7)","(7550, 7)",7,37852,37852,True,38,0.03809381883793707,False,,,0.5136792869823358,0.6074762357896177,ok,,0,20.187047899933532
BTCUSDT,21,1,7560,7533,7532,"(7560, 21)","(7560, 7)","(7532, 7)",7,7560,7560,True,128,0.03246985304561729,False,,,2.3618518566729,0.018183907010928976,ok,,1,16.607524999883026
BTCUSDT,21,2,15120,7532,7532,"(15120, 21)","(15120, 7)","(7532, 7)",7,15120,15120,True,85,0.03815233413262275,False,,,0.7973613115082375,0.4252412216817304,ok,,0,12.512660500127822
BTCUSDT,21,3,22679,7532,7532,"(22679, 21)","(22679, 7)","(7532, 7)",7,22679,22679,True,117,0.03677417035030382,False,,,2.5828297648115357,0.009799366253775746,ok,,0,19.8491424000822
BTCUSDT,21,4,30238,7532,7532,"(30238, 21)","(30238, 7)","(7532, 7)",7,30238,30238,True,67,0.03573354242864186,False,,,2.005156809195024,0.04494628580275424,ok,,0,17.800696599995717
BTCUSDT,21,5,37797,7532,7532,"(37797, 21)","(37797, 7)","(7532, 7)",7,37797,37797,True,36,0.037526075105335344,False,,,0.783049867428001,0.4335978288857938,ok,,0,12.875417000148445
BTCUSDT,28,1,7549,7515,7514,"(7549, 28)","(7549, 7)","(7514, 7)",7,7549,7549,True,145,0.031057139568337205,False,,,2.3853852054601865,0.017061246164487336,ok,,1,10.887879300164059
BTCUSDT,28,2,15098,7514,7514,"(15098, 28)","(15098, 7)","(7514, 7)",7,15098,15098,True,156,0.034150428359299254,False,,,0.627395927203135,0.5303997368028999,ok,,0,18.573959700064734
BTCUSDT,28,3,22646,7514,7514,"(22646, 28)","(22646, 7)","(7514, 7)",7,22646,22646,True,66,0.03447204112975182,False,,,2.2085653738102513,0.027204886015007805,ok,,0,14.273065000073984
BTCUSDT,28,4,30194,7514,7514,"(30194, 28)","(30194, 7)","(7514, 7)",7,30194,30194,True,86,0.03238329044550936,False,,,2.6705608477404237,0.007572464543435199,ok,,0,20.12763370014727
BTCUSDT,28,5,37742,7514,7514,"(37742, 28)","(37742, 7)","(7514, 7)",7,37742,37742,True,85,0.035130514196458594,False,,,0.9908183560910401,0.3217742843911746,ok,,0,23.896291499957442
ETHUSDT,7,1,7582,7569,7568,"(7582, 7)","(7582, 7)","(7568, 7)",7,7582,7582,True,37,0.029800554574314797,False,,,1.175882268594078,0.2396419253433998,ok,,1,6.7522613001056015
ETHUSDT,7,2,15164,7568,7568,"(15164, 7)","(15164, 7)","(7568, 7)",7,15164,15164,True,36,0.030163983205785887,False,,,1.1030375787938993,0.2700108462626649,ok,,0,10.148529800120741
ETHUSDT,7,3,22745,7568,7568,"(22745, 7)","(22745, 7)","(7568, 7)",7,22745,22745,True,30,0.03088964592706983,False,,,0.544110849354856,0.5863651949965155,ok,,0,8.930800499860197
ETHUSDT,7,4,30326,7568,7568,"(30326, 7)","(30326, 7)","(7568, 7)",7,30326,30326,True,20,0.027746624743470904,False,,,0.35406961141347437,0.7232867153617324,ok,,0,8.124265599995852
ETHUSDT,7,5,37907,7568,7568,"(37907, 7)","(37907, 7)","(7568, 7)",7,37907,37907,True,23,0.030328016134876408,False,,,0.3446584345384939,0.7303511699163967,ok,,0,9.938060299959034
ETHUSDT,14,1,7571,7551,7550,"(7571, 14)","(7571, 7)","(7550, 7)",7,7571,7571,True,29,0.03102267634230217,False,,,2.944044685330323,0.003239532226249633,ok,,1,6.204055400099605
ETHUSDT,14,2,15142,7550,7550,"(15142, 14)","(15142, 7)","(7550, 7)",7,15142,15142,True,56,0.02963163339360475,False,,,1.258042926412549,0.20837623225230728,ok,,0,10.663787399884313
ETHUSDT,14,3,22712,7550,7550,"(22712, 14)","(22712, 7)","(7550, 7)",7,22712,22712,True,38,0.030771388610781502,False,,,0.3453676518631313,0.7298179928206183,ok,,0,11.266314800130203
ETHUSDT,14,4,30282,7550,7550,"(30282, 14)","(30282, 7)","(7550, 7)",7,30282,30282,True,30,0.0276737700359657,False,,,0.3188699996104656,0.749825094549087,ok,,0,10.07619410008192
ETHUSDT,14,5,37852,7550,7550,"(37852, 14)","(37852, 7)","(7550, 7)",7,37852,37852,True,26,0.030058167810970503,False,,,1.2782286605513704,0.20116881333262815,ok,,0,10.423205700004473
ETHUSDT,21,1,7560,7533,7532,"(7560, 21)","(7560, 7)","(7532, 7)",7,7560,7560,True,100,0.027273799193908998,False,,,2.702977750724152,0.0068721346241317075,ok,,1,9.01376869995147
ETHUSDT,21,2,15120,7532,7532,"(15120, 21)","(15120, 7)","(7532, 7)",7,15120,15120,True,46,0.03202083820603232,False,,,1.2171261541173748,0.22355622110580453,ok,,0,8.865232300013304
ETHUSDT,21,3,22679,7532,7532,"(22679, 21)","(22679, 7)","(7532, 7)",7,22679,22679,True,56,0.03010450566444957,False,,,1.0835817164219914,0.2785503010797886,ok,,0,12.904146700166166
ETHUSDT,21,4,30238,7532,7532,"(30238, 21)","(30238, 7)","(7532, 7)",7,30238,30238,True,31,0.028178012681692125,False,,,0.6187391023320044,0.5360882458609701,ok,,0,11.236956699984148
ETHUSDT,21,5,37797,7532,7532,"(37797, 21)","(37797, 7)","(7532, 7)",7,37797,37797,True,51,0.029501398291955985,False,,,0.7027798392798924,0.48219296314615234,ok,,0,17.466512799961492
ETHUSDT,28,1,7549,7515,7514,"(7549, 28)","(7549, 7)","(7514, 7)",7,7549,7549,True,91,0.026123751329044976,False,,,2.599087037483367,0.009347206986512506,ok,,1,9.954655099892989
ETHUSDT,28,2,15098,7514,7514,"(15098, 28)","(15098, 7)","(7514, 7)",7,15098,15098,True,104,0.026466269260740218,False,,,1.116396597025119,0.26425240951068085,ok,,0,16.590568999992684
ETHUSDT,28,3,22646,7514,7514,"(22646, 28)","(22646, 7)","(7514, 7)",7,22646,22646,True,92,0.026490617384316302,False,,,0.8655998791169849,0.38670962192081715,ok,overflow encountered in scalar subtract,0,19.973869900219142
ETHUSDT,28,4,30194,7514,7514,"(30194, 28)","(30194, 7)","(7514, 7)",7,30194,30194,True,61,0.02517620456552924,False,,,0.8453927950169043,0.39789156592667085,ok,,0,17.66953630000353
ETHUSDT,28,5,37742,7514,7514,"(37742, 28)","(37742, 7)","(7514, 7)",7,37742,37742,True,88,0.026411701307993432,False,,,0.7084884769615981,0.4786419654910544,ok,,0,28.457476899959147
BNBUSDT,7,1,7582,7569,7568,"(7582, 7)","(7582, 7)","(7568, 7)",7,7582,7582,True,82,0.02520339000406439,False,,,1.7266743168652563,0.08422617070718395,ok,overflow encountered in scalar subtract,1,8.966249100165442
BNBUSDT,7,2,15164,7568,7568,"(15164, 7)","(15164, 7)","(7568, 7)",7,15164,15164,True,30,0.027221581833973402,False,,,1.4586800143985494,0.14465319932432016,ok,,0,8.080949699971825
BNBUSDT,7,3,22745,7568,7568,"(22745, 7)","(22745, 7)","(7568, 7)",7,22745,22745,True,48,0.025971901284583786,False,,,2.217449138953996,0.026592414978587196,ok,,0,11.240613200003281
BNBUSDT,7,4,30326,7568,7568,"(30326, 7)","(30326, 7)","(7568, 7)",7,30326,30326,True,29,0.024960159643947002,False,,,1.220337916441988,0.22233680180033266,ok,,0,10.60675960010849
BNBUSDT,7,5,37907,7568,7568,"(37907, 7)","(37907, 7)","(7568, 7)",7,37907,37907,True,21,0.02530813894772264,False,,,0.6214340498480231,0.5343140744383715,ok,,0,10.87415389996022
BNBUSDT,14,1,7571,7551,7550,"(7571, 14)","(7571, 7)","(7550, 7)",7,7571,7571,True,61,0.02613982762407471,False,,,3.5195103366964013,0.00043234418854386653,ok,,1,7.750282599823549
BNBUSDT,14,2,15142,7550,7550,"(15142, 14)","(15142, 7)","(7550, 7)",7,15142,15142,True,51,0.026415833679772606,False,,,1.211887147950704,0.22555558245747853,ok,,0,9.872654299950227
BNBUSDT,14,3,22712,7550,7550,"(22712, 14)","(22712, 7)","(7550, 7)",7,22712,22712,True,83,0.025324773898632972,False,,,2.472922726874441,0.013401311617765657,ok,,0,15.5370068999473
BNBUSDT,14,4,30282,7550,7550,"(30282, 14)","(30282, 7)","(7550, 7)",7,30282,30282,True,35,0.02558617111668688,False,,,1.276928842790436,0.20162737019773302,ok,,0,9.64533090009354
BNBUSDT,14,5,37852,7550,7550,"(37852, 14)","(37852, 7)","(7550, 7)",7,37852,37852,True,42,0.024657720060378488,False,,,0.6258973825450513,0.5313822514618349,ok,,0,13.738581500016153
BNBUSDT,21,1,7560,7533,7532,"(7560, 21)","(7560, 7)","(7532, 7)",7,7560,7560,True,134,0.023883862982975106,False,,,6.266881702902126,3.683497652896238e-10,ok,,1,9.52703780005686
BNBUSDT,21,2,15120,7532,7532,"(15120, 21)","(15120, 7)","(7532, 7)",7,15120,15120,True,92,0.0245117518176877,False,,,0.718633254618146,0.47236691805532516,ok,,0,11.502339500002563
BNBUSDT,21,3,22679,7532,7532,"(22679, 21)","(22679, 7)","(7532, 7)",7,22679,22679,True,79,0.02531059724080241,False,,,3.667750996982259,0.00024469330386394283,ok,,0,14.116605899995193
BNBUSDT,21,4,30238,7532,7532,"(30238, 21)","(30238, 7)","(7532, 7)",7,30238,30238,True,57,0.025828011428596274,False,,,2.0572882363918463,0.03965850823913184,ok,,0,13.681452000048012
BNBUSDT,21,5,37797,7532,7532,"(37797, 21)","(37797, 7)","(7532, 7)",7,37797,37797,True,32,0.025929720520211516,False,,,1.2233340962265693,0.22120353403111792,ok,,0,12.31546640000306
BNBUSDT,28,1,7549,7515,7514,"(7549, 28)","(7549, 7)","(7514, 7)",7,7549,7549,True,94,0.02426858773225781,False,,,3.251645687282429,0.0011473895583614345,ok,,1,8.076722200028598
BNBUSDT,28,2,15098,7514,7514,"(15098, 28)","(15098, 7)","(7514, 7)",7,15098,15098,True,89,0.02265046565780662,False,,,1.1046593747189932,0.26930721295447857,ok,,0,12.438738500000909
BNBUSDT,28,3,22646,7514,7514,"(22646, 28)","(22646, 7)","(7514, 7)",7,22646,22646,True,116,0.02142624666707448,False,,,3.7480786375532165,0.00017819439071660974,ok,,0,18.366783999837935
BNBUSDT,28,4,30194,7514,7514,"(30194, 28)","(30194, 7)","(7514, 7)",7,30194,30194,True,72,0.022890533344568018,False,,,2.1558592517054307,0.03109465713150296,ok,,0,16.4926479998976
BNBUSDT,28,5,37742,7514,7514,"(37742, 28)","(37742, 7)","(7514, 7)",7,37742,37742,True,56,0.023448568061530544,False,,,1.0075702958315056,0.3136607949882674,ok,,0,16.210333899827674
XRPUSDT,7,1,7582,7569,7568,"(7582, 7)","(7582, 7)","(7568, 7)",7,7582,7582,True,49,0.029221793925609973,False,,,3.1786405067792494,0.0014796748302087872,ok,,1,6.145363399991766
XRPUSDT,7,2,15164,7568,7568,"(15164, 7)","(15164, 7)","(7568, 7)",7,15164,15164,True,24,0.029782974118107125,False,,,0.8480172025289432,0.39642839046226064,ok,,0,6.282039199955761
XRPUSDT,7,3,22745,7568,7568,"(22745, 7)","(22745, 7)","(7568, 7)",7,22745,22745,True,25,0.028926149881743544,False,,,1.4921029041982756,0.13567217066666554,ok,,0,7.455981499981135
XRPUSDT,7,4,30326,7568,7568,"(30326, 7)","(30326, 7)","(7568, 7)",7,30326,30326,True,42,0.031741263448851975,False,,,1.2191268374218505,0.2227960552037529,ok,,0,11.732748199952766
XRPUSDT,7,5,37907,7568,7568,"(37907, 7)","(37907, 7)","(7568, 7)",7,37907,37907,True,22,0.03224887487632456,False,,,1.033253863679014,0.3014851118396288,ok,,0,8.679856900125742
XRPUSDT,14,1,7571,7551,7550,"(7571, 14)","(7571, 7)","(7550, 7)",7,7571,7571,True,58,0.02883186302898746,False,,,2.8168704749450906,0.00484940782335172,ok,,1,6.879271799931303
XRPUSDT,14,2,15142,7550,7550,"(15142, 14)","(15142, 7)","(7550, 7)",7,15142,15142,True,31,0.029060145960018147,False,,,0.9182707095032938,0.3584771578479943,ok,,0,7.049457299988717
XRPUSDT,14,3,22712,7550,7550,"(22712, 14)","(22712, 7)","(7550, 7)",7,22712,22712,True,32,0.028549289514430625,False,,,1.6559582680754033,0.09773027030152025,ok,,0,8.050830299966037
XRPUSDT,14,4,30282,7550,7550,"(30282, 14)","(30282, 7)","(7550, 7)",7,30282,30282,True,39,0.032881198066350516,False,,,1.1355559454677393,0.2561424552550441,ok,,0,10.883905800059438
XRPUSDT,14,5,37852,7550,7550,"(37852, 14)","(37852, 7)","(7550, 7)",7,37852,37852,True,64,0.03130283684754955,False,,,1.4685946053718444,0.14194277894053406,ok,,0,17.35327779990621
XRPUSDT,21,1,7560,7533,7532,"(7560, 21)","(7560, 7)","(7532, 7)",7,7560,7560,True,49,0.029232305397276098,False,,,6.478456318891671,9.266574913088467e-11,ok,,1,6.808262899983674
XRPUSDT,21,2,15120,7532,7532,"(15120, 21)","(15120, 7)","(7532, 7)",7,15120,15120,True,79,0.027635004564558665,False,,,0.8229635963651206,0.4105286953727977,ok,,0,11.798122099833563
XRPUSDT,21,3,22679,7532,7532,"(22679, 21)","(22679, 7)","(7532, 7)",7,22679,22679,True,70,0.026844218137066177,False,,,1.879397323708153,0.0601902614903786,ok,,0,13.540720200166106
XRPUSDT,21,4,30238,7532,7532,"(30238, 21)","(30238, 7)","(7532, 7)",7,30238,30238,True,101,0.030153366603743462,False,,,1.3095626628801493,0.19034382628899893,ok,,0,21.03494939999655
XRPUSDT,21,5,37797,7532,7532,"(37797, 21)","(37797, 7)","(7532, 7)",7,37797,37797,True,71,0.031295387318812574,False,,,2.1031274396327997,0.03545463093110675,ok,,0,18.840866799931973
XRPUSDT,28,1,7549,7515,7514,"(7549, 28)","(7549, 7)","(7514, 7)",7,7549,7549,True,96,0.027012208664773458,False,,,3.520952021534469,0.0004300004118693913,ok,,1,7.989813299849629
XRPUSDT,28,2,15098,7514,7514,"(15098, 28)","(15098, 7)","(7514, 7)",7,15098,15098,True,82,0.026416269600901807,False,,,0.9439296595781521,0.3452055943716972,ok,,0,11.529376399936154
XRPUSDT,28,3,22646,7514,7514,"(22646, 28)","(22646, 7)","(7514, 7)",7,22646,22646,True,98,0.02546821210551615,False,,,1.7422503488671954,0.08146464731880297,ok,overflow encountered in scalar subtract,0,20.715893199900165
XRPUSDT,28,4,30194,7514,7514,"(30194, 28)","(30194, 7)","(7514, 7)",7,30194,30194,True,86,0.029189746848383227,False,,,1.166255259318443,0.243511256525331,ok,,0,29.76550789992325
XRPUSDT,28,5,37742,7514,7514,"(37742, 28)","(37742, 7)","(7514, 7)",7,37742,37742,True,119,0.028472348138981658,False,,,2.5048895586370223,0.01224896342342499,ok,,0,41.17951689986512
SOLUSDT,7,1,7582,7569,7568,"(7582, 7)","(7582, 7)","(7568, 7)",7,7582,7582,True,48,0.03821491951887319,False,,,1.6400844156784122,0.10098761627034794,ok,,1,5.916850999929011
SOLUSDT,7,2,15164,7568,7568,"(15164, 7)","(15164, 7)","(7568, 7)",7,15164,15164,True,31,0.03132256938024349,False,,,0.9400396616580392,0.3471972169029319,ok,,0,6.559850599849597
SOLUSDT,7,3,22745,7568,7568,"(22745, 7)","(22745, 7)","(7568, 7)",7,22745,22745,True,52,0.029659269472812236,False,,,0.6627404046583883,0.507496827612228,ok,,0,10.336287599988282
SOLUSDT,7,4,30326,7568,7568,"(30326, 7)","(30326, 7)","(7568, 7)",7,30326,30326,True,28,0.029632248482406125,False,,,1.4367679222272378,0.15078394793614316,ok,,0,8.640336900018156
SOLUSDT,7,5,37907,7568,7568,"(37907, 7)","(37907, 7)","(7568, 7)",7,37907,37907,True,46,0.027715932826301377,False,,,0.8568094990167202,0.3915501751150088,ok,,0,13.334121200023219
SOLUSDT,14,1,7571,7551,7550,"(7571, 14)","(7571, 7)","(7550, 7)",7,7571,7571,True,82,0.03806934257673145,False,,,2.058052301432114,0.039585113065800974,ok,,1,7.286965799983591
SOLUSDT,14,2,15142,7550,7550,"(15142, 14)","(15142, 7)","(7550, 7)",7,15142,15142,True,66,0.03026099721051375,False,,,0.7284659768750082,0.46632838848277447,ok,,0,9.442844999954104
SOLUSDT,14,3,22712,7550,7550,"(22712, 14)","(22712, 7)","(7550, 7)",7,22712,22712,True,63,0.0301424598651467,False,,,0.8308093164700243,0.4060813587562815,ok,,0,11.957550299819559
SOLUSDT,14,4,30282,7550,7550,"(30282, 14)","(30282, 7)","(7550, 7)",7,30282,30282,True,56,0.027867623379965456,False,,,0.9382231459429291,0.3481297458908388,ok,,0,12.699938799953088
SOLUSDT,14,5,37852,7550,7550,"(37852, 14)","(37852, 7)","(7550, 7)",7,37852,37852,True,45,0.027809431173309956,False,,,0.7935465196311505,0.42745947716401256,ok,,0,13.566863399930298
SOLUSDT,21,1,7560,7533,7532,"(7560, 21)","(7560, 7)","(7532, 7)",7,7560,7560,True,101,0.03607348321062264,False,,,2.0440968045224315,0.0409439847804624,ok,,1,8.258255199994892
SOLUSDT,21,2,15120,7532,7532,"(15120, 21)","(15120, 7)","(7532, 7)",7,15120,15120,True,97,0.028600389521871133,False,,,0.7198660512312017,0.47160747212996634,ok,,0,11.764868800062686
SOLUSDT,21,3,22679,7532,7532,"(22679, 21)","(22679, 7)","(7532, 7)",7,22679,22679,True,82,0.029190698945987983,False,,,1.1686657437246266,0.24253832886865467,ok,,0,22.330804799916223
SOLUSDT,21,4,30238,7532,7532,"(30238, 21)","(30238, 7)","(7532, 7)",7,30238,30238,True,45,0.030295401932920712,False,,,1.8490383008116233,0.06445228240837123,ok,,0,19.483124300139025
SOLUSDT,21,5,37797,7532,7532,"(37797, 21)","(37797, 7)","(7532, 7)",7,37797,37797,True,68,0.027008240283729504,False,,,0.8893622533792208,0.3738084243648596,ok,,0,27.313299600034952
SOLUSDT,28,1,7549,7515,7514,"(7549, 28)","(7549, 7)","(7514, 7)",7,7549,7549,True,102,0.03353581439258225,False,,,3.19928372428138,0.0013776951216184193,ok,,1,14.235881099943072
SOLUSDT,28,2,15098,7514,7514,"(15098, 28)","(15098, 7)","(7514, 7)",7,15098,15098,True,110,0.027084378195308585,False,,,1.017759529749139,0.30879224908800884,ok,,0,22.23691890016198
SOLUSDT,28,3,22646,7514,7514,"(22646, 28)","(22646, 7)","(7514, 7)",7,22646,22646,True,56,0.028354884701667922,False,,,2.2921602341266385,0.021896398675446058,ok,,0,17.943225200055167
SOLUSDT,28,4,30194,7514,7514,"(30194, 28)","(30194, 7)","(7514, 7)",7,30194,30194,True,58,0.02876587540798704,False,,,2.0243958720305453,0.04292943615830715,ok,,0,15.851889400044456
SOLUSDT,28,5,37742,7514,7514,"(37742, 28)","(37742, 7)","(7514, 7)",7,37742,37742,True,67,0.02737629260534634,False,,,1.0272265999659003,0.3043137755174449,ok,,0,26.926563899964094
