symbol,input_window,fold,n_train,n_val,n_test,X_train_shape,y_train_shape,pred_test_shape,n_outputs,scaler_X_fit_rows,scaler_y_fit_rows,scalers_train_only,n_iter,loss,convergence_warning,convergence_messages,other_warnings,bds_statistic,bds_pvalue,bds_status,bds_warnings,bds_calendar_gaps,elapsed_seconds
BTCUSDT,7,1,7582,7569,7568,"(7582, 7)","(7582, 7)","(7568, 7)",7,7582,7582,True,79,0.03454701030719414,False,,,2.430507158896284,0.015077708188598937,ok,,1,6.263445800170302
BTCUSDT,7,2,15164,7568,7568,"(15164, 7)","(15164, 7)","(7568, 7)",7,15164,15164,True,42,0.04012584400503955,False,,,0.7788222742997931,0.43608441470870896,ok,,0,8.712823700159788
BTCUSDT,7,3,22745,7568,7568,"(22745, 7)","(22745, 7)","(7568, 7)",7,22745,22745,True,34,0.039027517915116605,False,,,3.2478157356550152,0.0011629455689102447,ok,,0,8.960807400057092
BTCUSDT,7,4,30326,7568,7568,"(30326, 7)","(30326, 7)","(7568, 7)",7,30326,30326,True,25,0.037458651174481196,False,,,1.309957526823009,0.19021020439083547,ok,,0,8.496566600166261
BTCUSDT,7,5,37907,7568,7568,"(37907, 7)","(37907, 7)","(7568, 7)",7,37907,37907,True,38,0.03832941612939883,False,,,0.36707408195994473,0.7135637594808428,ok,,0,12.896383700193837
BTCUSDT,14,1,7571,7551,7550,"(7571, 14)","(7571, 7)","(7550, 7)",7,7571,7571,True,98,0.03371516999209768,False,,,2.7310526056213074,0.006313239354726528,ok,,1,9.497959199827164
BTCUSDT,14,2,15142,7550,7550,"(15142, 14)","(15142, 7)","(7550, 7)",7,15142,15142,True,37,0.04055892264760773,False,,,0.8262104242179026,0.40868473596382837,ok,,0,8.171705400105566
BTCUSDT,14,3,22712,7550,7550,"(22712, 14)","(22712, 7)","(7550, 7)",7,22712,22712,True,36,0.03898949130123089,False,,,2.5347788526450037,0.011251833392256778,ok,,0,8.78992379992269
BTCUSDT,14,4,30282,7550,7550,"(30282, 14)","(30282, 7)","(7550, 7)",7,30282,30282,True,43,0.03698848858829239,False,,,1.5709562922336506,0.11619280157825217,ok,,0,10.638680700212717
BTCUSDT,14,5,37852,7550,7550,"(37852, 14)","(37852, 7)","(7550, 7)",7,37852,37852,True,38,0.038093818837937055,False,,,0.5136792869823358,0.6074762357896177,ok,,0,10.923392200144008
BTCUSDT,21,1,7560,7533,7532,"(7560, 21)","(7560, 7)","(7532, 7)",7,7560,7560,True,128,0.032469853045616566,False,,,2.3618518566729,0.018183907010928976,ok,,1,9.284692300017923
BTCUSDT,21,2,15120,7532,7532,"(15120, 21)","(15120, 7)","(7532, 7)",7,15120,15120,True,85,0.03815233413262276,False,,,0.7973613115082375,0.4252412216817304,ok,,0,11.189086799975485
BTCUSDT,21,3,22679,7532,7532,"(22679, 21)","(22679, 7)","(7532, 7)",7,22679,22679,True,117,0.03677417035030378,False,,,2.5828297648115357,0.009799366253775746,ok,,0,16.036863000132143
BTCUSDT,21,4,30238,7532,7532,"(30238, 21)","(30238, 7)","(7532, 7)",7,30238,30238,True,67,0.035733542428641914,False,,,2.005156809195024,0.04494628580275424,ok,,0,13.626676499843597
BTCUSDT,21,5,37797,7532,7532,"(37797, 21)","(37797, 7)","(7532, 7)",7,37797,37797,True,36,0.037526075105335434,False,,,0.783049867428001,0.4335978288857938,ok,,0,10.881820700131357
BTCUSDT,28,1,7549,7515,7514,"(7549, 28)","(7549, 7)","(7514, 7)",7,7549,7549,True,145,0.031057139575883894,False,,,2.3853852054601865,0.017061246164487336,ok,,1,9.749608100159094
BTCUSDT,28,2,15098,7514,7514,"(15098, 28)","(15098, 7)","(7514, 7)",7,15098,15098,True,156,0.034150428359299344,False,,,0.627395927203135,0.5303997368028999,ok,,0,14.611264699837193
BTCUSDT,28,3,22646,7514,7514,"(22646, 28)","(22646, 7)","(7514, 7)",7,22646,22646,True,66,0.03447204112975173,False,,,2.2085653738102513,0.027204886015007805,ok,,0,11.17921520001255
BTCUSDT,28,4,30194,7514,7514,"(30194, 28)","(30194, 7)","(7514, 7)",7,30194,30194,True,86,0.032383290445509375,False,,,2.6705608477404237,0.007572464543435199,ok,,0,16.011576199904084
BTCUSDT,28,5,37742,7514,7514,"(37742, 28)","(37742, 7)","(7514, 7)",7,37742,37742,True,85,0.035130514196458545,False,,,0.9908183560910401,0.3217742843911746,ok,,0,18.19569190009497
ETHUSDT,7,1,7582,7569,7568,"(7582, 7)","(7582, 7)","(7568, 7)",7,7582,7582,True,37,0.029800554574314925,False,,,1.175882268594078,0.2396419253433998,ok,,1,6.11351259984076
ETHUSDT,7,2,15164,7568,7568,"(15164, 7)","(15164, 7)","(7568, 7)",7,15164,15164,True,36,0.03016398320578582,False,,,1.1030375787938993,0.2700108462626649,ok,,0,7.2092232999857515
ETHUSDT,7,3,22745,7568,7568,"(22745, 7)","(22745, 7)","(7568, 7)",7,22745,22745,True,30,0.030889645927069793,False,,,0.544110849354856,0.5863651949965155,ok,,0,7.9380634999834
ETHUSDT,7,4,30326,7568,7568,"(30326, 7)","(30326, 7)","(7568, 7)",7,30326,30326,True,20,0.027746624743470918,False,,,0.35406961141347437,0.7232867153617324,ok,,0,7.5154806999489665
ETHUSDT,7,5,37907,7568,7568,"(37907, 7)","(37907, 7)","(7568, 7)",7,37907,37907,True,23,0.030328016134876304,False,,,0.3446584345384939,0.7303511699163967,ok,,0,8.56192440004088
ETHUSDT,14,1,7571,7551,7550,"(7571, 14)","(7571, 7)","(7550, 7)",7,7571,7571,True,29,0.03102267634230205,False,,,2.944044685330323,0.003239532226249633,ok,,1,5.955021300120279
ETHUSDT,14,2,15142,7550,7550,"(15142, 14)","(15142, 7)","(7550, 7)",7,15142,15142,True,56,0.029631633393604792,False,,,1.258042926412549,0.20837623225230728,ok,,0,8.655618599848822
ETHUSDT,14,3,22712,7550,7550,"(22712, 14)","(22712, 7)","(7550, 7)",7,22712,22712,True,38,0.03077138861078166,False,,,0.3453676518631313,0.7298179928206183,ok,,0,12.09699029987678
ETHUSDT,14,4,30282,7550,7550,"(30282, 14)","(30282, 7)","(7550, 7)",7,30282,30282,True,30,0.02767377003596575,False,,,0.3188699996104656,0.749825094549087,ok,,0,14.975038400152698
ETHUSDT,14,5,37852,7550,7550,"(37852, 14)","(37852, 7)","(7550, 7)",7,37852,37852,True,26,0.030058167810970735,False,,,1.2782286605513704,0.20116881333262815,ok,,0,11.926639300072566
ETHUSDT,21,1,7560,7533,7532,"(7560, 21)","(7560, 7)","(7532, 7)",7,7560,7560,True,100,0.027273799193909338,False,,,2.702977750724152,0.0068721346241317075,ok,,1,11.570623400155455
ETHUSDT,21,2,15120,7532,7532,"(15120, 21)","(15120, 7)","(7532, 7)",7,15120,15120,True,46,0.03202083820603147,False,,,1.2171261541173748,0.22355622110580453,ok,,0,9.124398699961603
ETHUSDT,21,3,22679,7532,7532,"(22679, 21)","(22679, 7)","(7532, 7)",7,22679,22679,True,56,0.030104505664449575,False,,,1.0835817164219914,0.2785503010797886,ok,,0,10.348075699992478
ETHUSDT,21,4,30238,7532,7532,"(30238, 21)","(30238, 7)","(7532, 7)",7,30238,30238,True,31,0.02817801268169219,False,,,0.6187391023320044,0.5360882458609701,ok,,0,9.061994099989533
ETHUSDT,21,5,37797,7532,7532,"(37797, 21)","(37797, 7)","(7532, 7)",7,37797,37797,True,51,0.029501398291955975,False,,,0.7027798392798924,0.48219296314615234,ok,,0,13.007071600062773
ETHUSDT,28,1,7549,7515,7514,"(7549, 28)","(7549, 7)","(7514, 7)",7,7549,7549,True,91,0.026123751329052397,False,,,2.599087037483367,0.009347206986512506,ok,,1,8.128227999899536
ETHUSDT,28,2,15098,7514,7514,"(15098, 28)","(15098, 7)","(7514, 7)",7,15098,15098,True,104,0.026466269260740208,False,,,1.116396597025119,0.26425240951068085,ok,,0,11.429180499864742
ETHUSDT,28,3,22646,7514,7514,"(22646, 28)","(22646, 7)","(7514, 7)",7,22646,22646,True,92,0.026490617384316215,False,,,0.8655998791169849,0.38670962192081715,ok,overflow encountered in scalar subtract,0,14.822227299911901
ETHUSDT,28,4,30194,7514,7514,"(30194, 28)","(30194, 7)","(7514, 7)",7,30194,30194,True,61,0.025176204565529218,False,,,0.8453927950169043,0.39789156592667085,ok,,0,13.217485500033945
ETHUSDT,28,5,37742,7514,7514,"(37742, 28)","(37742, 7)","(7514, 7)",7,37742,37742,True,88,0.026411701307993644,False,,,0.7084884769615981,0.4786419654910544,ok,,0,21.37706149998121
BNBUSDT,7,1,7582,7569,7568,"(7582, 7)","(7582, 7)","(7568, 7)",7,7582,7582,True,82,0.025203390004064352,False,,,1.7266743168652563,0.08422617070718395,ok,overflow encountered in scalar subtract,1,6.666833600029349
BNBUSDT,7,2,15164,7568,7568,"(15164, 7)","(15164, 7)","(7568, 7)",7,15164,15164,True,30,0.02722158183397338,False,,,1.4586800143985494,0.14465319932432016,ok,,0,5.980037600034848
BNBUSDT,7,3,22745,7568,7568,"(22745, 7)","(22745, 7)","(7568, 7)",7,22745,22745,True,48,0.02597190128458374,False,,,2.217449138953996,0.026592414978587196,ok,,0,8.979605300119147
BNBUSDT,7,4,30326,7568,7568,"(30326, 7)","(30326, 7)","(7568, 7)",7,30326,30326,True,29,0.024960159643947,False,,,1.220337916441988,0.22233680180033266,ok,,0,8.395096200052649
BNBUSDT,7,5,37907,7568,7568,"(37907, 7)","(37907, 7)","(7568, 7)",7,37907,37907,True,21,0.025308138947722724,False,,,0.6214340498480231,0.5343140744383715,ok,,0,8.000314000062644
BNBUSDT,14,1,7571,7551,7550,"(7571, 14)","(7571, 7)","(7550, 7)",7,7571,7571,True,61,0.026139827624074737,False,,,3.5195103366964013,0.00043234418854386653,ok,,1,6.455501100048423
BNBUSDT,14,2,15142,7550,7550,"(15142, 14)","(15142, 7)","(7550, 7)",7,15142,15142,True,51,0.026415833679772655,False,,,1.211887147950704,0.22555558245747853,ok,,0,7.490963199874386
BNBUSDT,14,3,22712,7550,7550,"(22712, 14)","(22712, 7)","(7550, 7)",7,22712,22712,True,83,0.025324773898632972,False,,,2.472922726874441,0.013401311617765657,ok,,0,12.818939900025725
BNBUSDT,14,4,30282,7550,7550,"(30282, 14)","(30282, 7)","(7550, 7)",7,30282,30282,True,35,0.025586171116687276,False,,,1.276928842790436,0.20162737019773302,ok,,0,10.452134300023317
BNBUSDT,14,5,37852,7550,7550,"(37852, 14)","(37852, 7)","(7550, 7)",7,37852,37852,True,42,0.024657720060378207,False,,,0.6258973825450513,0.5313822514618349,ok,,0,15.900090100010857
BNBUSDT,21,1,7560,7533,7532,"(7560, 21)","(7560, 7)","(7532, 7)",7,7560,7560,True,134,0.023883862982975103,False,,,6.266881702902126,3.683497652896238e-10,ok,,1,10.691913400078192
BNBUSDT,21,2,15120,7532,7532,"(15120, 21)","(15120, 7)","(7532, 7)",7,15120,15120,True,92,0.02451175181768115,False,,,0.718633254618146,0.47236691805532516,ok,,0,11.316558599937707
BNBUSDT,21,3,22679,7532,7532,"(22679, 21)","(22679, 7)","(7532, 7)",7,22679,22679,True,79,0.02531059724080221,False,,,3.667750996982259,0.00024469330386394283,ok,,0,13.811540799913928
BNBUSDT,21,4,30238,7532,7532,"(30238, 21)","(30238, 7)","(7532, 7)",7,30238,30238,True,57,0.02582801142859628,False,,,2.0572882363918463,0.03965850823913184,ok,,0,19.717470800038427
BNBUSDT,21,5,37797,7532,7532,"(37797, 21)","(37797, 7)","(7532, 7)",7,37797,37797,True,32,0.025929720520211454,False,,,1.2233340962265693,0.22120353403111792,ok,,0,10.342932099942118
BNBUSDT,28,1,7549,7515,7514,"(7549, 28)","(7549, 7)","(7514, 7)",7,7549,7549,True,94,0.02426858773225667,False,,,3.251645687282429,0.0011473895583614345,ok,,1,9.884803199907765
BNBUSDT,28,2,15098,7514,7514,"(15098, 28)","(15098, 7)","(7514, 7)",7,15098,15098,True,89,0.022650465657805735,False,,,1.1046593747189932,0.26930721295447857,ok,,0,16.816490299999714
BNBUSDT,28,3,22646,7514,7514,"(22646, 28)","(22646, 7)","(7514, 7)",7,22646,22646,True,116,0.021426246667074347,False,,,3.7480786375532165,0.00017819439071660974,ok,,0,15.52784590004012
BNBUSDT,28,4,30194,7514,7514,"(30194, 28)","(30194, 7)","(7514, 7)",7,30194,30194,True,72,0.02289053334456792,False,,,2.1558592517054307,0.03109465713150296,ok,,0,13.661683899816126
BNBUSDT,28,5,37742,7514,7514,"(37742, 28)","(37742, 7)","(7514, 7)",7,37742,37742,True,56,0.02344856806153047,False,,,1.0075702958315056,0.3136607949882674,ok,,0,14.94128659996204
XRPUSDT,7,1,7582,7569,7568,"(7582, 7)","(7582, 7)","(7568, 7)",7,7582,7582,True,49,0.029221793925610008,False,,,3.1786405067792494,0.0014796748302087872,ok,,1,5.714161100098863
XRPUSDT,7,2,15164,7568,7568,"(15164, 7)","(15164, 7)","(7568, 7)",7,15164,15164,True,24,0.029782974118107146,False,,,0.8480172025289432,0.39642839046226064,ok,,0,6.1235523000359535
XRPUSDT,7,3,22745,7568,7568,"(22745, 7)","(22745, 7)","(7568, 7)",7,22745,22745,True,25,0.02892614988174361,False,,,1.4921029041982756,0.13567217066666554,ok,,0,10.208278800128028
XRPUSDT,7,4,30326,7568,7568,"(30326, 7)","(30326, 7)","(7568, 7)",7,30326,30326,True,42,0.03174126344885218,False,,,1.2191268374218505,0.2227960552037529,ok,,0,10.415519200032577
XRPUSDT,7,5,37907,7568,7568,"(37907, 7)","(37907, 7)","(7568, 7)",7,37907,37907,True,22,0.03224887487632451,False,,,1.033253863679014,0.3014851118396288,ok,,0,7.954617100069299
XRPUSDT,14,1,7571,7551,7550,"(7571, 14)","(7571, 7)","(7550, 7)",7,7571,7571,True,58,0.02883186302898759,False,,,2.8168704749450906,0.00484940782335172,ok,,1,6.799159100046381
XRPUSDT,14,2,15142,7550,7550,"(15142, 14)","(15142, 7)","(7550, 7)",7,15142,15142,True,31,0.029060145960018054,False,,,0.9182707095032938,0.3584771578479943,ok,,0,6.718234100146219
XRPUSDT,14,3,22712,7550,7550,"(22712, 14)","(22712, 7)","(7550, 7)",7,22712,22712,True,32,0.028549289514430694,False,,,1.6559582680754033,0.09773027030152025,ok,,0,7.55399929988198
XRPUSDT,14,4,30282,7550,7550,"(30282, 14)","(30282, 7)","(7550, 7)",7,30282,30282,True,39,0.03288119806635056,False,,,1.1355559454677393,0.2561424552550441,ok,,0,9.544630600139499
XRPUSDT,14,5,37852,7550,7550,"(37852, 14)","(37852, 7)","(7550, 7)",7,37852,37852,True,64,0.03130283684754958,False,,,1.4685946053718444,0.14194277894053406,ok,,0,17.15217799996026
XRPUSDT,21,1,7560,7533,7532,"(7560, 21)","(7560, 7)","(7532, 7)",7,7560,7560,True,49,0.029232305397276035,False,,,6.478456318891671,9.266574913088467e-11,ok,,1,7.588972699828446
XRPUSDT,21,2,15120,7532,7532,"(15120, 21)","(15120, 7)","(7532, 7)",7,15120,15120,True,79,0.02763500456455864,False,,,0.8229635963651206,0.4105286953727977,ok,,0,14.72065299982205
XRPUSDT,21,3,22679,7532,7532,"(22679, 21)","(22679, 7)","(7532, 7)",7,22679,22679,True,70,0.02684421813706624,False,,,1.879397323708153,0.0601902614903786,ok,,0,12.603171600028872
XRPUSDT,21,4,30238,7532,7532,"(30238, 21)","(30238, 7)","(7532, 7)",7,30238,30238,True,101,0.030153366603743605,False,,,1.3095626628801493,0.19034382628899893,ok,,0,20.19577799993567
XRPUSDT,21,5,37797,7532,7532,"(37797, 21)","(37797, 7)","(7532, 7)",7,37797,37797,True,71,0.03129538731881273,False,,,2.1031274396327997,0.03545463093110675,ok,,0,25.930396700045094
XRPUSDT,28,1,7549,7515,7514,"(7549, 28)","(7549, 7)","(7514, 7)",7,7549,7549,True,96,0.027012208664768646,False,,,3.520952021534469,0.0004300004118693913,ok,,1,9.424656999995932
XRPUSDT,28,2,15098,7514,7514,"(15098, 28)","(15098, 7)","(7514, 7)",7,15098,15098,True,82,0.02641626960090185,False,,,0.9439296595781521,0.3452055943716972,ok,,0,12.051298400154337
XRPUSDT,28,3,22646,7514,7514,"(22646, 28)","(22646, 7)","(7514, 7)",7,22646,22646,True,98,0.025468212105516155,False,,,1.7422503488671954,0.08146464731880297,ok,overflow encountered in scalar subtract,0,23.08661730005406
XRPUSDT,28,4,30194,7514,7514,"(30194, 28)","(30194, 7)","(7514, 7)",7,30194,30194,True,86,0.02918974684838314,False,,,1.166255259318443,0.243511256525331,ok,,0,32.60145410010591
XRPUSDT,28,5,37742,7514,7514,"(37742, 28)","(37742, 7)","(7514, 7)",7,37742,37742,True,119,0.02847234813898178,False,,,2.5048895586370223,0.01224896342342499,ok,,0,31.529754500137642
SOLUSDT,7,1,7582,7569,7568,"(7582, 7)","(7582, 7)","(7568, 7)",7,7582,7582,True,48,0.03821491951887318,False,,,1.6400844156784122,0.10098761627034794,ok,,1,10.000868600094691
SOLUSDT,7,2,15164,7568,7568,"(15164, 7)","(15164, 7)","(7568, 7)",7,15164,15164,True,31,0.03132256938024355,False,,,0.9400396616580392,0.3471972169029319,ok,,0,15.96667160000652
SOLUSDT,7,3,22745,7568,7568,"(22745, 7)","(22745, 7)","(7568, 7)",7,22745,22745,True,52,0.02965926947281244,False,,,0.6627404046583883,0.507496827612228,ok,,0,16.15109769999981
SOLUSDT,7,4,30326,7568,7568,"(30326, 7)","(30326, 7)","(7568, 7)",7,30326,30326,True,28,0.029632248482406805,False,,,1.4367679222272378,0.15078394793614316,ok,,0,12.44431099994108
SOLUSDT,7,5,37907,7568,7568,"(37907, 7)","(37907, 7)","(7568, 7)",7,37907,37907,True,46,0.027715932826301415,False,,,0.8568094990167202,0.3915501751150088,ok,,0,16.945594400167465
SOLUSDT,14,1,7571,7551,7550,"(7571, 14)","(7571, 7)","(7550, 7)",7,7571,7571,True,82,0.0380693425767312,False,,,2.058052301432114,0.039585113065800974,ok,,1,9.50869180005975
SOLUSDT,14,2,15142,7550,7550,"(15142, 14)","(15142, 7)","(7550, 7)",7,15142,15142,True,66,0.030260997210513757,False,,,0.7284659768750082,0.46632838848277447,ok,,0,11.844168599927798
SOLUSDT,14,3,22712,7550,7550,"(22712, 14)","(22712, 7)","(7550, 7)",7,22712,22712,True,63,0.03014245986514662,False,,,0.8308093164700243,0.4060813587562815,ok,,0,17.136051199864596
SOLUSDT,14,4,30282,7550,7550,"(30282, 14)","(30282, 7)","(7550, 7)",7,30282,30282,True,56,0.027867623379965553,False,,,0.9382231459429291,0.3481297458908388,ok,,0,15.568658099975437
SOLUSDT,14,5,37852,7550,7550,"(37852, 14)","(37852, 7)","(7550, 7)",7,37852,37852,True,45,0.02780943117331002,False,,,0.7935465196311505,0.42745947716401256,ok,,0,15.127740500029176
SOLUSDT,21,1,7560,7533,7532,"(7560, 21)","(7560, 7)","(7532, 7)",7,7560,7560,True,101,0.03607348321062271,False,,,2.0440968045224315,0.0409439847804624,ok,,1,9.16744409990497
SOLUSDT,21,2,15120,7532,7532,"(15120, 21)","(15120, 7)","(7532, 7)",7,15120,15120,True,97,0.028600389521871123,False,,,0.7198660512312017,0.47160747212996634,ok,,0,11.352757799904794
SOLUSDT,21,3,22679,7532,7532,"(22679, 21)","(22679, 7)","(7532, 7)",7,22679,22679,True,82,0.0291906989459882,False,,,1.1686657437246266,0.24253832886865467,ok,,0,12.528689000057057
SOLUSDT,21,4,30238,7532,7532,"(30238, 21)","(30238, 7)","(7532, 7)",7,30238,30238,True,45,0.03029540193292071,False,,,1.8490383008116233,0.06445228240837123,ok,,0,11.712061599828303
SOLUSDT,21,5,37797,7532,7532,"(37797, 21)","(37797, 7)","(7532, 7)",7,37797,37797,True,68,0.027008240283729678,False,,,0.8893622533792208,0.3738084243648596,ok,,0,27.188161799916998
SOLUSDT,28,1,7549,7515,7514,"(7549, 28)","(7549, 7)","(7514, 7)",7,7549,7549,True,102,0.03353581439258164,False,,,3.19928372428138,0.0013776951216184193,ok,,1,9.832512900000438
SOLUSDT,28,2,15098,7514,7514,"(15098, 28)","(15098, 7)","(7514, 7)",7,15098,15098,True,110,0.02708437819530856,False,,,1.017759529749139,0.30879224908800884,ok,,0,12.470982700120658
SOLUSDT,28,3,22646,7514,7514,"(22646, 28)","(22646, 7)","(7514, 7)",7,22646,22646,True,56,0.028354884701651865,False,,,2.2921602341266385,0.021896398675446058,ok,,0,11.61891179997474
SOLUSDT,28,4,30194,7514,7514,"(30194, 28)","(30194, 7)","(7514, 7)",7,30194,30194,True,58,0.028765875407986904,False,,,2.0243958720305453,0.04292943615830715,ok,,0,13.43056150013581
SOLUSDT,28,5,37742,7514,7514,"(37742, 28)","(37742, 7)","(7514, 7)",7,37742,37742,True,67,0.027376292605346724,False,,,1.0272265999659003,0.3043137755174449,ok,,0,17.265161500079557
