symbol,input_window,fold,dataset,MAE_mean,MSE_mean,RMSE_mean,MAPE_mean,bds_statistic,bds_pvalue
BTCUSDT,7,1,train,0.0006512761276679022,1.2674565549070339e-06,0.0010813672999686864,10.220151523323429,,
BTCUSDT,7,1,validation,0.0005713336646381153,9.098422712718897e-07,0.000912082065879701,9.740956457050926,,
BTCUSDT,7,1,test,0.0006415981826121736,1.0011308171966312e-06,0.0009636208720826205,18.370421172479602,2.430507158896284,0.015077708188598937
BTCUSDT,7,2,train,0.0005789060780985635,1.0766166082303528e-06,0.000991617240505932,8.54806329266616,,
BTCUSDT,7,2,validation,0.0005249633270135304,8.744695525062963e-07,0.0008944081661981358,12.856701793286387,,
BTCUSDT,7,2,test,0.000432920582987426,6.031583360963284e-07,0.0007420355643901875,15.909024350662479,0.7788222742997931,0.43608441470870896
BTCUSDT,7,3,train,0.0006305428272972223,1.0596859153473244e-06,0.0009939469306876902,12.049533407783471,,
BTCUSDT,7,3,validation,0.0005729474741809195,6.949754981974298e-07,0.0008165962917925487,22.900929593220894,,
BTCUSDT,7,3,test,0.000527502201577471,6.081660244906536e-07,0.000755556485513502,13.023230666822855,3.2478157356550152,0.0011629455689102447
BTCUSDT,7,4,train,0.0005667830906077488,9.626666313129383e-07,0.0009390188977399505,11.523197712496332,,
BTCUSDT,7,4,validation,0.00046375644227266864,5.704747468766755e-07,0.0007207234740005266,10.21718402420482,,
BTCUSDT,7,4,test,0.0004027306541538551,4.3597097350228634e-07,0.0006292315531320115,11.747823682083048,1.309957526823009,0.19021020439083547
BTCUSDT,7,5,train,0.0005038669129091335,8.269617474754455e-07,0.0008689388498983377,10.153025209045454,,
BTCUSDT,7,5,validation,0.0003705767126744472,4.163520554898877e-07,0.0006142365956592931,10.298841424364264,,
BTCUSDT,7,5,test,0.000383455202646022,4.369999046879081e-07,0.0006296426740664266,10.961223483422993,0.36707408195994473,0.7135637594808428
BTCUSDT,14,1,train,0.0006502191507758785,1.2163725149938747e-06,0.0010632726132571786,10.279818729078185,,
BTCUSDT,14,1,validation,0.0005746679751006453,9.219399353369166e-07,0.0009214441084629702,9.648468045761565,,
BTCUSDT,14,1,test,0.0006616373312483314,1.0258343133811937e-06,0.0009786899242725806,19.246663836707548,2.7310526056213074,0.006313239354726528
BTCUSDT,14,2,train,0.000584720343742914,1.0688810741811704e-06,0.0009910571862607066,8.572044061882893,,
BTCUSDT,14,2,validation,0.0005242865491838936,8.641734486565778e-07,0.0008910624131625655,12.356857532129853,,
BTCUSDT,14,2,test,0.0004250570822320974,5.892639273324584e-07,0.0007349751445563116,14.735960260438139,0.8262104242179026,0.40868473596382837
BTCUSDT,14,3,train,0.0006249053881556025,1.062698785286517e-06,0.000995796882413316,11.381244031522527,,
BTCUSDT,14,3,validation,0.0005257832458549287,6.37147833156092e-07,0.0007755414183730806,19.916310634500597,,
BTCUSDT,14,3,test,0.0004980555613982747,5.735425368115945e-07,0.0007306832374383529,11.831375164123983,2.5347788526450037,0.011251833392256778
BTCUSDT,14,4,train,0.0005746817116063584,9.762304319531692e-07,0.0009486767828203109,11.374349569867118,,
BTCUSDT,14,4,validation,0.0004612988698097044,5.575919581602014e-07,0.0007148045605534193,10.01986609971207,,
BTCUSDT,14,4,test,0.0003984356447099202,4.2375230795405733e-07,0.0006217477665378849,11.345525913699644,1.5709562922336506,0.11619280157825217
BTCUSDT,14,5,train,0.0005142440502115569,8.318462209002032e-07,0.0008729029908810826,10.170855959030451,,
BTCUSDT,14,5,validation,0.0003690098154850832,4.006129820684148e-07,0.0006045913617930629,10.05683026681301,,
BTCUSDT,14,5,test,0.00038528101530720273,4.2997600144931883e-07,0.0006260787499836352,10.783494994337966,0.5136792869823358,0.6074762357896177
BTCUSDT,21,1,train,0.0006656064997058427,1.1736895387573754e-06,0.0010473386022522113,10.75283326901248,,
BTCUSDT,21,1,validation,0.0006022562154265395,9.52784977944786e-07,0.000936434092164761,10.204275186924422,,
BTCUSDT,21,1,test,0.0007180609568925822,1.0898404876341578e-06,0.001010093656380107,20.98699982122741,2.3618518566729,0.018183907010928976
BTCUSDT,21,2,train,0.0005804371036355156,1.0324766360456587e-06,0.0009758024970544359,8.475303773954952,,
BTCUSDT,21,2,validation,0.0005229668654862578,8.312839463637123e-07,0.000875619949007714,12.679032407692796,,
BTCUSDT,21,2,test,0.00042720823011330715,5.649276980619052e-07,0.0007212773689407431,15.137506143574996,0.7973613115082375,0.4252412216817304
BTCUSDT,21,3,train,0.0006176167975710757,1.015042046005639e-06,0.0009758667339513462,11.50423842399671,,
BTCUSDT,21,3,validation,0.0005472160684870644,6.360514542797268e-07,0.0007772501640490816,20.63997959162478,,
BTCUSDT,21,3,test,0.0005039966460073118,5.572978874463227e-07,0.0007221655673012045,11.998734338375755,2.5828297648115357,0.009799366253775746
BTCUSDT,21,4,train,0.0005843132952778905,9.920589246780588e-07,0.0009615390462746081,11.327151509782002,,
BTCUSDT,21,4,validation,0.00045543887354226284,5.388673852073425e-07,0.0007060313860721378,9.709923099163905,,
BTCUSDT,21,4,test,0.0003892072731533177,4.0288043934203473e-07,0.0006102966659867987,10.8677813124191,2.005156809195024,0.04494628580275424
BTCUSDT,21,5,train,0.0005193597206977978,8.248678571371566e-07,0.0008712469675104803,10.4015553684545,,
BTCUSDT,21,5,validation,0.0003749433304240072,3.9107232107841674e-07,0.0005992083118917958,10.354642304816485,,
BTCUSDT,21,5,test,0.0003922529842265967,4.237249526460302e-07,0.0006234785888278208,11.105665093938908,0.783049867428001,0.4335978288857938
BTCUSDT,28,1,train,0.0006748749433693129,1.1378105586839045e-06,0.0010344544555220031,11.40575984508936,,
BTCUSDT,28,1,validation,0.0006034351865335763,8.867822834333344e-07,0.0009088763372925,10.399335245686569,,
BTCUSDT,28,1,test,0.0007667057581757406,1.1505718866012042e-06,0.0010316484488592764,23.32605658806194,2.3853852054601865,0.017061246164487336
BTCUSDT,28,2,train,0.0005386294161035921,8.88567572197006e-07,0.0009110567829716214,7.947146696234492,,
BTCUSDT,28,2,validation,0.0005190186221062581,7.856914112490593e-07,0.0008538702397174115,12.621090142993713,,
BTCUSDT,28,2,test,0.0004228400124532237,5.133332801479804e-07,0.0006919904135553486,14.863418261009938,0.627395927203135,0.5303997368028999
BTCUSDT,28,3,train,0.0005914488620280681,9.481451218996924e-07,0.0009477778283914454,11.099506806708089,,
BTCUSDT,28,3,validation,0.0005194916001072792,5.844959830403405e-07,0.000744776495816243,20.11022875948359,,
BTCUSDT,28,3,test,0.00047215400056241634,5.038001680796359e-07,0.0006871127773575637,11.289693657531979,2.2085653738102513,0.027204886015007805
BTCUSDT,28,4,train,0.0005643262308075556,9.20697338143404e-07,0.0009323745158326219,11.294382132664866,,
BTCUSDT,28,4,validation,0.00043204735969558584,4.831116139112263e-07,0.0006722967427323621,9.349264122336923,,
BTCUSDT,28,4,test,0.00038697636526015614,3.7676571698388714e-07,0.0005935900433281665,11.069546022879019,2.6705608477404237,0.007572464543435199
BTCUSDT,28,5,train,0.0005066937292582237,7.797351797678e-07,0.0008513436060074853,10.230738964499333,,
BTCUSDT,28,5,validation,0.00037396027633853897,3.5903382171876283e-07,0.0005755315731142792,10.53690096732278,,
BTCUSDT,28,5,test,0.0003827538338736177,3.761318775735581e-07,0.0005905384536269662,11.049233177426656,0.9908183560910401,0.3217742843911746
ETHUSDT,7,1,train,0.000768220493329374,1.7312831577952782e-06,0.0012657229354908703,7.882243487036758,,
ETHUSDT,7,1,validation,0.0006393610336373079,1.1610132412877526e-06,0.001035949653399811,8.415206916840603,,
ETHUSDT,7,1,test,0.0006746339262070856,1.3496329160322196e-06,0.001116118124632889,11.141661938187926,1.175882268594078,0.2396419253433998
ETHUSDT,7,2,train,0.0006805376971900769,1.370832425475601e-06,0.0011226173094899803,7.784130534910406,,
ETHUSDT,7,2,validation,0.0006379544009187605,1.2846509373757554e-06,0.0010897919707805305,10.10792040659456,,
ETHUSDT,7,2,test,0.0004416645454882303,6.991859369004154e-07,0.0008060502204706766,12.7497455646705,1.1030375787938993,0.2700108462626649
ETHUSDT,7,3,train,0.0006675687657801818,1.3624660733741208e-06,0.0011223215500824662,8.617078575027586,,
ETHUSDT,7,3,validation,0.0004607242242374276,6.897283934263086e-07,0.0007958625242867558,14.26093543540871,,
ETHUSDT,7,3,test,0.0005447316818117697,1.0160669545913813e-06,0.0009644137956820233,9.51038570293504,0.544110849354856,0.5863651949965155
ETHUSDT,7,4,train,0.0006860681559392294,1.321808150570014e-06,0.0011017311447393883,10.175440426308901,,
ETHUSDT,7,4,validation,0.0005820014578141188,1.0119962505574758e-06,0.0009647922395982745,9.52621580064683,,
ETHUSDT,7,4,test,0.0006584934682800767,1.3342677387205268e-06,0.0011104204921650936,9.462904104326496,0.35406961141347437,0.7232867153617324
ETHUSDT,7,5,train,0.0006134870705124527,1.1472093964900403e-06,0.0010234853271859498,9.930941363269598,,
ETHUSDT,7,5,validation,0.0006065269674962338,1.2538727392806018e-06,0.0010730569544923122,9.218671867865586,,
ETHUSDT,7,5,test,0.0005521020908484458,9.075493103466329e-07,0.0009093545799298642,11.729319831349656,0.3446584345384939,0.7303511699163967
ETHUSDT,14,1,train,0.0008312996086237143,1.8527009068293962e-06,0.0013211126408663686,8.554188974480756,,
ETHUSDT,14,1,validation,0.0007096459758789932,1.3075936361700584e-06,0.0011092178706464556,9.27337796281564,,
ETHUSDT,14,1,test,0.0007593600130996886,1.516689418225174e-06,0.0011970019643157196,12.247519109904337,2.944044685330323,0.003239532226249633
ETHUSDT,14,2,train,0.0006806818167314898,1.3441300896896269e-06,0.0011143888117079628,7.795901218042786,,
ETHUSDT,14,2,validation,0.0006454992860061798,1.2756874505530063e-06,0.0010875848774003125,10.133165657915368,,
ETHUSDT,14,2,test,0.0004425289436212391,6.830554666476871e-07,0.0007974231163986935,12.332222223031662,1.258042926412549,0.20837623225230728
ETHUSDT,14,3,train,0.0006581558782648592,1.3109099041977646e-06,0.0010966000103903675,8.476283609048393,,
ETHUSDT,14,3,validation,0.0004527864153774059,6.744081878386968e-07,0.0007850164984284788,13.521569043707755,,
ETHUSDT,14,3,test,0.0005406805446316986,9.705669461946776e-07,0.0009420032110005435,9.357877474570499,0.3453676518631313,0.7298179928206183
ETHUSDT,14,4,train,0.0007114105297516566,1.4259209167984048e-06,0.0011416708835264317,10.174887668121803,,
ETHUSDT,14,4,validation,0.0005862108291417667,1.0070728820776915e-06,0.00096323205388754,9.528102944118482,,
ETHUSDT,14,4,test,0.0006613915238190964,1.3384255192448716e-06,0.0011121683246542384,9.411114735026633,0.3188699996104656,0.749825094549087
ETHUSDT,14,5,train,0.0006695561080211472,1.2670996347572331e-06,0.0010799434140943928,10.636133673222409,,
ETHUSDT,14,5,validation,0.0006256589995559866,1.2306805038352772e-06,0.0010676623477325281,9.37854900284851,,
ETHUSDT,14,5,test,0.0005834293692347747,9.144843615808552e-07,0.0009163495504031632,12.341916095563917,1.2782286605513704,0.20116881333262815
ETHUSDT,21,1,train,0.0008176059209458936,1.7147334390167877e-06,0.0012766616598622513,8.638582045950992,,
ETHUSDT,21,1,validation,0.0007242895396006304,1.288474836116824e-06,0.0011104681755654134,9.606591343944347,,
ETHUSDT,21,1,test,0.0007687630528408209,1.4663580173404468e-06,0.0011867910944104428,12.889381625451723,2.702977750724152,0.0068721346241317075
ETHUSDT,21,2,train,0.0006986927629131763,1.393354032885368e-06,0.0011363174894858487,7.856928719011622,,
ETHUSDT,21,2,validation,0.0006410725917908806,1.2719016282885566e-06,0.0010864574646521398,9.958539923081599,,
ETHUSDT,21,2,test,0.00042730215661402043,6.738096080213992e-07,0.0007909006253159389,11.70909283182072,1.2171261541173748,0.22355622110580453
ETHUSDT,21,3,train,0.0007146110989955373,1.4008595873091436e-06,0.0011428133051574775,8.808515924131056,,
ETHUSDT,21,3,validation,0.00046024830219468634,6.465515030197778e-07,0.0007713752237643531,13.63843526937607,,
ETHUSDT,21,3,test,0.0005503115729120925,9.335765882417656e-07,0.0009283229850926984,9.401446585247607,1.0835817164219914,0.2785503010797886
ETHUSDT,21,4,train,0.0007262848873811199,1.4700757860929423e-06,0.001169997756632955,10.123022888304718,,
ETHUSDT,21,4,validation,0.0005934183012093943,9.930842916148328e-07,0.0009632448878900286,9.690563115379188,,
ETHUSDT,21,4,test,0.0006671038928881512,1.3293228991370498e-06,0.0011150242596880532,9.55174708149949,0.6187391023320044,0.5360882458609701
ETHUSDT,21,5,train,0.0006457202372113978,1.1959886656653526e-06,0.0010474151434036693,10.414081643292217,,
ETHUSDT,21,5,validation,0.0006020807795626963,1.1696174513679495e-06,0.0010413203567094728,9.079607259265407,,
ETHUSDT,21,5,test,0.0005707644251116342,8.741286768310247e-07,0.0008970281504879005,12.110963298214184,0.7027798392798924,0.48219296314615234
ETHUSDT,28,1,train,0.0007782825455949957,1.5945787919869535e-06,0.0012323958762269713,8.012179381264685,,
ETHUSDT,28,1,validation,0.000679007647444442,1.2013810345176547e-06,0.001066511357014561,8.76978478511157,,
ETHUSDT,28,1,test,0.0007067276127217717,1.3446597807975218e-06,0.0011302708742520616,11.338749883709763,2.599087037483367,0.009347206986512506
ETHUSDT,28,2,train,0.0006381587824745353,1.1666316010794055e-06,0.0010450822460874912,7.380686865825585,,
ETHUSDT,28,2,validation,0.000628790796589307,1.1522572656037344e-06,0.0010376544832637836,10.373690845793973,,
ETHUSDT,28,2,test,0.00046085532507207015,6.458094950339795e-07,0.0007774276094562386,13.788691960094473,1.116396597025119,0.26425240951068085
ETHUSDT,28,3,train,0.0006358153113624165,1.18002159056969e-06,0.0010500080178717382,8.103494768006273,,
ETHUSDT,28,3,validation,0.000429324422529571,5.824232748596874e-07,0.0007396537239592247,12.88134870730328,,
ETHUSDT,28,3,test,0.0005214054814501834,8.706058877350869e-07,0.0009002538936535674,8.905618204210501,0.8655998791169849,0.38670962192081715
ETHUSDT,28,4,train,0.0006992182280586629,1.3876233848480892e-06,0.00113336217049285,10.129313917367327,,
ETHUSDT,28,4,validation,0.0005377992572898197,8.829025533872987e-07,0.0009078967799954226,8.821724680613443,,
ETHUSDT,28,4,test,0.0006070684811595816,1.1993824293901106e-06,0.0010589014858781345,8.671710948275253,0.8453927950169043,0.39789156592667085
ETHUSDT,28,5,train,0.0006297351427875349,1.1534645768443814e-06,0.0010328075317802847,9.99091827820813,,
ETHUSDT,28,5,validation,0.0005679576147823535,1.050873170239319e-06,0.0009904152105734475,8.645217442262261,,
ETHUSDT,28,5,test,0.0005413977382587254,7.769179853491434e-07,0.0008501178067038807,11.439459968246565,0.7084884769615981,0.4786419654910544
BNBUSDT,7,1,train,0.0009957364604105082,2.726462962603465e-06,0.001578210781153914,10.139390415580534,,
BNBUSDT,7,1,validation,0.000837514847982055,1.7983235430161031e-06,0.0012861853848804,13.102967357892481,,
BNBUSDT,7,1,test,0.0009365341855623247,1.7459266991692002e-06,0.0012760744353399313,21.43540773865624,1.7266743168652563,0.08422617070718395
BNBUSDT,7,2,train,0.0008009185264342949,2.2602759870567923e-06,0.001427897056217399,8.078836707484083,,
BNBUSDT,7,2,validation,0.000548101328680341,1.152713040394695e-06,0.0010305445372864193,9.545509966423685,,
BNBUSDT,7,2,test,0.00044885360694809506,7.909507424607847e-07,0.0008570259141956555,12.246361995089817,1.4586800143985494,0.14465319932432016
BNBUSDT,7,3,train,0.0007790913047424571,2.07328020859944e-06,0.0013818494813837895,9.391823154090009,,
BNBUSDT,7,3,validation,0.0005373953382048548,8.192858575927168e-07,0.0008717600342945783,15.906055402436012,,
BNBUSDT,7,3,test,0.0005429265717196405,7.653064351275106e-07,0.0008391788209550141,10.272304429684306,2.217449138953996,0.026592414978587196
BNBUSDT,7,4,train,0.0006902081052469327,1.850091080873744e-06,0.0013030776255914826,9.274919295105367,,
BNBUSDT,7,4,validation,0.0004966123340845996,7.47245655095618e-07,0.0008262957520328818,8.61854908024252,,
BNBUSDT,7,4,test,0.00042669307257123414,5.986093719296993e-07,0.0007396192012882651,9.008298491993619,1.220337916441988,0.22233680180033266
BNBUSDT,7,5,train,0.0006057154325951071,1.4168638888447786e-06,0.0011351408746184937,9.072847940011181,,
BNBUSDT,7,5,validation,0.0004230172557712596,5.87834679992762e-07,0.0007319224021472211,9.230987272202185,,
BNBUSDT,7,5,test,0.0003714829503853744,3.654875012510466e-07,0.0005772749591819397,9.998842208858576,0.6214340498480231,0.5343140744383715
BNBUSDT,14,1,train,0.0011390648335143968,2.9114447629243083e-06,0.001648718472296302,12.683541837867624,,
BNBUSDT,14,1,validation,0.0011048908225179874,2.372420293595723e-06,0.0014935916634157152,18.111681038963134,,
BNBUSDT,14,1,test,0.00133955402426581,2.7367137496840195e-06,0.001614971062410972,32.21866062531406,3.5195103366964013,0.00043234418854386653
BNBUSDT,14,2,train,0.0008008343139650086,2.232222465633924e-06,0.0014219733770320583,8.044797617286958,,
BNBUSDT,14,2,validation,0.0005497054727261234,1.112775304018595e-06,0.0010140320284613253,9.683102503151359,,
BNBUSDT,14,2,test,0.0004476011008337369,7.737226859525001e-07,0.0008477644199657116,11.717816780028771,1.211887147950704,0.22555558245747853
BNBUSDT,14,3,train,0.0007903065994778249,2.1697713762713935e-06,0.0014218959586632994,9.209379176151755,,
BNBUSDT,14,3,validation,0.000505186924583033,7.939998539024099e-07,0.0008581742777595081,14.238664797149685,,
BNBUSDT,14,3,test,0.0005245430644826225,7.408085557154285e-07,0.000827304426629017,9.606412015181377,2.472922726874441,0.013401311617765657
BNBUSDT,14,4,train,0.0007423086055803098,2.1105581141643863e-06,0.0014105294631995447,9.606198425422495,,
BNBUSDT,14,4,validation,0.0005105985703631695,7.569388680944801e-07,0.0008369310981677285,8.721191871021128,,
BNBUSDT,14,4,test,0.00043454137411291126,5.951832700964305e-07,0.0007414938623592527,9.142776881245009,1.276928842790436,0.20162737019773302
BNBUSDT,14,5,train,0.0006149863291749681,1.4372349892831711e-06,0.001147083726087112,8.910619694695594,,
BNBUSDT,14,5,validation,0.00041250973327163745,5.583554456648226e-07,0.0007150995917692179,8.77581224949449,,
BNBUSDT,14,5,test,0.0003654750344660898,3.5478194586946605e-07,0.0005685655303882145,9.608638012012388,0.6258973825450513,0.5313822514618349
BNBUSDT,21,1,train,0.0010746601400110582,2.6186174309091413e-06,0.001567906172664391,11.764655164155249,,
BNBUSDT,21,1,validation,0.0010232375511962074,2.092805621196651e-06,0.0014133895120382427,16.4607197986847,,
BNBUSDT,21,1,test,0.0012386006055825794,2.3443433288568803e-06,0.0015156152040834308,30.362847572290413,6.266881702902126,3.683497652896238e-10
BNBUSDT,21,2,train,0.0007836716970179758,2.1354918811788423e-06,0.0013978018446930659,7.906097148567928,,
BNBUSDT,21,2,validation,0.0005380820993403029,1.102224356707851e-06,0.0010110357520831186,9.253496638907247,,
BNBUSDT,21,2,test,0.00041662494031507075,7.572154422910428e-07,0.0008368577321600724,10.109095679752599,0.718633254618146,0.47236691805532516
BNBUSDT,21,3,train,0.0008391159528521978,2.4903285492125013e-06,0.0015427695393018756,9.237432843364884,,
BNBUSDT,21,3,validation,0.0004645060622086093,7.518663453016581e-07,0.000838441730146826,11.876698118692776,,
BNBUSDT,21,3,test,0.0005207954208225805,7.509651549636482e-07,0.0008368844883918811,9.093069493349942,3.667750996982259,0.00024469330386394283
BNBUSDT,21,4,train,0.0007602163544594683,2.120024503107608e-06,0.001414489533112427,9.616815596829747,,
BNBUSDT,21,4,validation,0.0005263362437185641,7.73361603249867e-07,0.0008505255566771399,8.788603510032733,,
BNBUSDT,21,4,test,0.00043372407169021515,5.968608937623082e-07,0.000748262884482752,8.752946859519449,2.0572882363918463,0.03965850823913184
BNBUSDT,21,5,train,0.0006180235695078383,1.4379369465812027e-06,0.0011477825719779526,8.978242685026004,,
BNBUSDT,21,5,validation,0.00041679586367000256,5.524186542074035e-07,0.0007137852859228029,8.821324324991602,,
BNBUSDT,21,5,test,0.00036747400033058746,3.5785316518011604e-07,0.0005740172196030491,9.547996646141613,1.2233340962265693,0.22120353403111792
BNBUSDT,28,1,train,0.0010875783882832754,2.6008312914349246e-06,0.001567655488207741,12.019288461819851,,
BNBUSDT,28,1,validation,0.0010553371576220627,2.124009894915989e-06,0.0014207628676830939,17.089527836342477,,
BNBUSDT,28,1,test,0.0012995461445270196,2.5068640302998914e-06,0.0015488590413435868,31.930160350193862,3.251645687282429,0.0011473895583614345
BNBUSDT,28,2,train,0.0007441684996578327,1.8659745283790785e-06,0.0013186006037363902,7.669350079367356,,
BNBUSDT,28,2,validation,0.0005292497600852185,1.032443788278069e-06,0.000986740498967757,9.219495339519591,,
BNBUSDT,28,2,test,0.00043109518383221013,7.303096717461952e-07,0.0008312526892270369,10.488085263094074,1.1046593747189932,0.26930721295447857
BNBUSDT,28,3,train,0.0007692093451960928,2.0363859208169326e-06,0.00140331473578083,8.682125409263849,,
BNBUSDT,28,3,validation,0.00045642747170119533,7.244359503344295e-07,0.000828307872559292,11.306980278663577,,
BNBUSDT,28,3,test,0.0005113506201882723,7.033238543589116e-07,0.0008170453786198857,8.838732477982044,3.7480786375532165,0.00017819439071660974
BNBUSDT,28,4,train,0.0007486823265426916,2.086399000496155e-06,0.001408341394837609,9.612043973839294,,
BNBUSDT,28,4,validation,0.000510136134466898,7.325321716869946e-07,0.0008301276336538134,8.643139130699641,,
BNBUSDT,28,4,test,0.00042102805753749137,5.458170766843684e-07,0.0007165422559592404,8.951586963150817,2.1558592517054307,0.03109465713150296
BNBUSDT,28,5,train,0.0006080544142119444,1.3726464289380738e-06,0.0011348689169703504,8.978825310148249,,
BNBUSDT,28,5,validation,0.00041483374628900827,5.087069480469695e-07,0.0006880545207413344,9.223625449508116,,
BNBUSDT,28,5,test,0.000373312229861827,3.34126804597788e-07,0.0005575326762742924,10.093689006305208,1.0075702958315056,0.3136607949882674
XRPUSDT,7,1,train,0.0013327598926269532,6.196428873977677e-06,0.002378021628106828,12.009356312467911,,
XRPUSDT,7,1,validation,0.0009726200388282573,2.856805734064537e-06,0.001620440203818752,12.588557659981214,,
XRPUSDT,7,1,test,0.0009172426018924922,1.6855864692299804e-06,0.001247423166198037,16.52513039251688,3.1786405067792494,0.0014796748302087872
XRPUSDT,7,2,train,0.0010318665502230386,4.643133101810324e-06,0.002047599114404529,8.729650370146127,,
XRPUSDT,7,2,validation,0.0006140814930637695,1.1809573555110196e-06,0.001040897282384285,9.115561742843411,,
XRPUSDT,7,2,test,0.0006513172347517097,3.367166673186779e-06,0.0017539724207754255,11.877993869667534,0.8480172025289432,0.39642839046226064
XRPUSDT,7,3,train,0.0009194644790783616,3.3439547847756306e-06,0.0017498802248707478,9.674837748006519,,
XRPUSDT,7,3,validation,0.0007457880013641416,3.3856454780405265e-06,0.0017604426763411295,14.699505471948337,,
XRPUSDT,7,3,test,0.0008220823031832669,2.5060534292377337e-06,0.0015142960893696025,12.598457109227326,1.4921029041982756,0.13567217066666554
XRPUSDT,7,4,train,0.0008979187524684653,3.7187393632815027e-06,0.0018385947471876447,9.561462750545656,,
XRPUSDT,7,4,validation,0.0007920933404692925,2.6217828942499726e-06,0.001541777196191619,10.14770631238819,,
XRPUSDT,7,4,test,0.0007051835010210761,1.9352460368511646e-06,0.0013276721743696394,8.876751565558724,1.2191268374218505,0.2227960552037529
XRPUSDT,7,5,train,0.0007879142357165405,3.249586349368652e-06,0.001722202267365295,9.296773697616617,,
XRPUSDT,7,5,validation,0.0006858027924885553,2.0132955419450314e-06,0.0013531560494272332,9.048251607906694,,
XRPUSDT,7,5,test,0.0005372552532277427,9.400864804508204e-07,0.0009239002349073237,9.97984412868791,1.033253863679014,0.3014851118396288
XRPUSDT,14,1,train,0.0013650651386871097,5.990976213047885e-06,0.00235387209447696,13.01601964647459,,
XRPUSDT,14,1,validation,0.0010502999430189361,2.980651827923847e-06,0.0016632334463526591,13.793936307626591,,
XRPUSDT,14,1,test,0.0010335141992302613,1.9246405020712036e-06,0.0013398226807222462,18.984028061530722,2.8168704749450906,0.00484940782335172
XRPUSDT,14,2,train,0.0010273965363690938,4.486295080896939e-06,0.0020213987428817607,8.76706670849868,,
XRPUSDT,14,2,validation,0.0006241040256531714,1.1660645090176454e-06,0.0010361976524018697,9.23966337860497,,
XRPUSDT,14,2,test,0.0006788214284668395,3.3414530565856903e-06,0.0017521037670308027,12.236591553747532,0.9182707095032938,0.3584771578479943
XRPUSDT,14,3,train,0.0009286216422966589,3.282090096259112e-06,0.0017383372427360632,10.081041769393675,,
XRPUSDT,14,3,validation,0.0008208761687863198,3.4197534486062015e-06,0.0017812581375310952,16.78763098874965,,
XRPUSDT,14,3,test,0.0008777329112048515,2.5544131753637787e-06,0.0015381479823503123,14.118951761420918,1.6559582680754033,0.09773027030152025
XRPUSDT,14,4,train,0.0009119615000975407,3.7507033088306264e-06,0.001857010469073133,9.704847139683778,,
XRPUSDT,14,4,validation,0.0008127667988488031,2.683956809329041e-06,0.0015664169977847719,10.467075324754065,,
XRPUSDT,14,4,test,0.0007165600356103262,1.944241283979688e-06,0.0013366029515927984,9.033104884940418,1.1355559454677393,0.2561424552550441
XRPUSDT,14,5,train,0.000798282564219562,3.09025017131617e-06,0.0016885229640932358,9.482753086180512,,
XRPUSDT,14,5,validation,0.0006939302466220037,1.931811431171366e-06,0.001334115342073669,9.175662831800597,,
XRPUSDT,14,5,test,0.0005519634753007804,9.298727936481218e-07,0.0009244513390044889,10.304921432038213,1.4685946053718444,0.14194277894053406
XRPUSDT,21,1,train,0.0014235484287740525,5.979109674771024e-06,0.002358146602137841,14.16945311348243,,
XRPUSDT,21,1,validation,0.0011260503416242172,3.078421836355725e-06,0.001699510526528103,14.99078214090292,,
XRPUSDT,21,1,test,0.001161023258405879,2.2077060461495138e-06,0.0014511271711406069,21.806999406814345,6.478456318891671,9.266574913088467e-11
XRPUSDT,21,2,train,0.001014542554309212,4.34160552755217e-06,0.0019920237624920013,8.669194031860313,,
XRPUSDT,21,2,validation,0.0006172668620559286,1.155280624815969e-06,0.0010328284974001182,9.151189708568094,,
XRPUSDT,21,2,test,0.0006674250075322084,3.1670839141509235e-06,0.0017092800719531432,12.01805154112978,0.8229635963651206,0.4105286953727977
XRPUSDT,21,3,train,0.0009104144401005084,3.1641216190152136e-06,0.0017100101044064985,9.833980143266968,,
XRPUSDT,21,3,validation,0.0008152424201332255,3.214426300763042e-06,0.001728285822617526,16.76944913548382,,
XRPUSDT,21,3,test,0.0008763287876296717,2.481822278774067e-06,0.0015180125295434818,14.15775638709256,1.879397323708153,0.0601902614903786
XRPUSDT,21,4,train,0.000881308704247627,3.7474409481009454e-06,0.0018542893890204882,9.010648525331543,,
XRPUSDT,21,4,validation,0.0007838657180561151,2.685813585186051e-06,0.00156544554727991,9.482113818806464,,
XRPUSDT,21,4,test,0.0006795140031571366,1.838384102507442e-06,0.0013005034730803676,8.507879930964469,1.3095626628801493,0.19034382628899893
XRPUSDT,21,5,train,0.0008061289119522964,3.0113241225649785e-06,0.0016714807792759686,9.369722264388301,,
XRPUSDT,21,5,validation,0.0007007097594216576,1.8987405412850657e-06,0.0013250904461785,9.11576906084961,,
XRPUSDT,21,5,test,0.000546887893774729,8.95722900359679e-07,0.0009110914969236844,9.98161083626928,2.1031274396327997,0.03545463093110675
XRPUSDT,28,1,train,0.0014072982632468425,5.568811404714144e-06,0.002286268420667583,14.429188363080664,,
XRPUSDT,28,1,validation,0.00113603902364908,3.0088151169279895e-06,0.0016874015436860125,15.354252852030184,,
XRPUSDT,28,1,test,0.0012060843625606552,2.2469047817347464e-06,0.0014655156813129417,22.68322436785484,3.520952021534469,0.0004300004118693913
XRPUSDT,28,2,train,0.0009912855895355315,4.213204118076327e-06,0.001970131052216741,8.450469626638025,,
XRPUSDT,28,2,validation,0.0006080890721181467,1.1022754724376007e-06,0.0010134325042194428,9.108024873902476,,
XRPUSDT,28,2,test,0.0006597585853378926,2.9264628202638792e-06,0.001650349622748878,12.194187050370392,0.9439296595781521,0.3452055943716972
XRPUSDT,28,3,train,0.0008478058487071758,2.9110977641446553e-06,0.0016474704777673214,8.918734870442096,,
XRPUSDT,28,3,validation,0.0006923213427644253,2.883684513034667e-06,0.0016379205425659466,13.608590833397509,,
XRPUSDT,28,3,test,0.000787114303250288,2.231515785191532e-06,0.001441393403546436,11.911123500374712,1.7422503488671954,0.08146464731880297
XRPUSDT,28,4,train,0.0008844306337827239,3.7953845102833775e-06,0.0018721305277779742,9.180444155191152,,
XRPUSDT,28,4,validation,0.000800073546991337,2.556605333660703e-06,0.0015377153734834907,10.139367915933352,,
XRPUSDT,28,4,test,0.000656073461106215,1.6510923346636646e-06,0.0012373167742429638,8.4275905010274,1.166255259318443,0.243511256525331
XRPUSDT,28,5,train,0.0008238767306962275,2.826576827737698e-06,0.0016215599678441304,9.812390162379836,,
XRPUSDT,28,5,validation,0.0007313855645809168,1.8644012389488594e-06,0.0013132045932558831,9.7284328094934,,
XRPUSDT,28,5,test,0.0005773188411993673,9.162328931173565e-07,0.0009240610255274301,10.652828774582787,2.5048895586370223,0.01224896342342499
SOLUSDT,7,1,train,0.0014725539352732342,6.6049100340067905e-06,0.0024685482092976735,7.852521941111233,,
SOLUSDT,7,1,validation,0.0009364933352326349,2.571150609474276e-06,0.0015413642032687635,7.938468397810441,,
SOLUSDT,7,1,test,0.0009991873905563643,2.9788147518019526e-06,0.0016531054325356954,10.844930324591362,1.6400844156784122,0.10098761627034794
SOLUSDT,7,2,train,0.001132366162934849,4.4363536485876435e-06,0.00201148059313896,7.311835597432634,,
SOLUSDT,7,2,validation,0.0008926244964132654,2.6989416091355877e-06,0.001575149737821627,9.06203362970976,,
SOLUSDT,7,2,test,0.0007247470301217664,1.731376291329426e-06,0.0012654605977742625,9.104426727866956,0.9400396616580392,0.3471972169029319
SOLUSDT,7,3,train,0.0011314675508080367,4.1668877593162e-06,0.001962037966483185,8.133395245357557,,
SOLUSDT,7,3,validation,0.0007490763897035863,1.6907998037808066e-06,0.001247351543990895,9.521573878747821,,
SOLUSDT,7,3,test,0.000692787688816216,1.365656026562964e-06,0.0011177601974665242,8.477565452744694,0.6627404046583883,0.507496827612228
SOLUSDT,7,4,train,0.0010837401419487363,3.720621765288228e-06,0.0018582932493877292,9.418503984943513,,
SOLUSDT,7,4,validation,0.0007699655651226516,1.4731968049530194e-06,0.0011621216388534822,10.032985437196908,,
SOLUSDT,7,4,test,0.0007777017566502576,1.5316298822435023e-06,0.0011839115230658896,10.41949814790176,1.4367679222272378,0.15078394793614316
SOLUSDT,7,5,train,0.0009349146055295435,2.9973658910106166e-06,0.0016516311202437572,8.499937084374407,,
SOLUSDT,7,5,validation,0.0006843726653128558,1.3985585298149902e-06,0.0011311624469362903,8.806512405776868,,
SOLUSDT,7,5,test,0.0006625816449818932,9.377460392966873e-07,0.0009317121910114078,13.562223216241296,0.8568094990167202,0.3915501751150088
SOLUSDT,14,1,train,0.0015064480277661937,6.503176846171733e-06,0.002458850616499312,8.324930614118562,,
SOLUSDT,14,1,validation,0.001082106927920485,2.8439499819163994e-06,0.0016221061966321393,9.964283790510393,,
SOLUSDT,14,1,test,0.0012534354139743281,3.5027865791672436e-06,0.0017932226930977148,15.140293173961465,2.058052301432114,0.039585113065800974
SOLUSDT,14,2,train,0.0011148638279153767,4.2332638043143595e-06,0.001966923609347531,7.168204965905089,,
SOLUSDT,14,2,validation,0.0008848716565584899,2.6107140161736878e-06,0.0015489356012423437,9.136623320788082,,
SOLUSDT,14,2,test,0.0007384878098616937,1.698926213621717e-06,0.0012518292152008694,9.462939390269293,0.7284659768750082,0.46632838848277447
SOLUSDT,14,3,train,0.0011585635166402742,4.413214671766808e-06,0.0020282689427620387,8.109222520316614,,
SOLUSDT,14,3,validation,0.0007288321349030007,1.6584069596590071e-06,0.0012382423096349217,8.88093191854347,,
SOLUSDT,14,3,test,0.0006796351415342157,1.3256912618422515e-06,0.0011055921130870454,8.133039959836664,0.8308093164700243,0.4060813587562815
SOLUSDT,14,4,train,0.0010333322005750727,3.4733049386078573e-06,0.0017867137760984246,9.032608288276487,,
SOLUSDT,14,4,validation,0.0007311834096426739,1.3868242397314156e-06,0.0011255438848806214,9.441692252243053,,
SOLUSDT,14,4,test,0.0007369411838004001,1.4601959653459504e-06,0.0011548106156630314,9.784512367309974,0.9382231459429291,0.3481297458908388
SOLUSDT,14,5,train,0.0009434077696869457,3.0694921039051143e-06,0.0016769492833520398,8.431457828616944,,
SOLUSDT,14,5,validation,0.000677657762870265,1.3660455809515046e-06,0.0011200216555238205,8.655676158803985,,
SOLUSDT,14,5,test,0.0006583755288710393,9.230441239889817e-07,0.0009241818721716142,13.145838566248853,0.7935465196311505,0.42745947716401256
SOLUSDT,21,1,train,0.001536592706669601,6.306222073584476e-06,0.0024337704810905017,8.779146645541202,,
SOLUSDT,21,1,validation,0.0012395890515846367,3.237900496724878e-06,0.001725643050443999,11.883503732765446,,
SOLUSDT,21,1,test,0.0015196419852695868,4.28949467142846e-06,0.0019724240320064673,19.221113040840482,2.0440968045224315,0.0409439847804624
SOLUSDT,21,2,train,0.0011112774740658807,4.0487368952491585e-06,0.001933528598205236,7.182847255874088,,
SOLUSDT,21,2,validation,0.0008937328539589581,2.6311180094775255e-06,0.0015572586833421634,9.091411977371525,,
SOLUSDT,21,2,test,0.0007335515888137037,1.7120935770283057e-06,0.0012592998515481486,9.072699946023556,0.7198660512312017,0.47160747212996634
SOLUSDT,21,3,train,0.0011760867961115203,4.579083564026946e-06,0.0020756801201757555,8.09292907641554,,
SOLUSDT,21,3,validation,0.0007145884875391084,1.6194289242019956e-06,0.0012276931862763654,8.448264409870477,,
SOLUSDT,21,3,test,0.0006749609835202645,1.3009248426340482e-06,0.001098940403271967,7.987277478421228,1.1686657437246266,0.24253832886865467
SOLUSDT,21,4,train,0.0011270130846353051,3.958226601539406e-06,0.001934659147817952,9.713449961921551,,
SOLUSDT,21,4,validation,0.000776441668342485,1.4133851747593236e-06,0.0011490354636585294,10.149327087635994,,
SOLUSDT,21,4,test,0.0007832157274233777,1.4900228242605242e-06,0.0011794780664393066,10.55439506898182,1.8490383008116233,0.06445228240837123
SOLUSDT,21,5,train,0.0009427704583540397,3.1226705659845962e-06,0.0016975515418887921,8.185824039416248,,
SOLUSDT,21,5,validation,0.0006582970812995307,1.328773946400427e-06,0.0011071632831509228,8.222442136893534,,
SOLUSDT,21,5,test,0.0006118641498535498,8.636837936972492e-07,0.000889538310363579,11.782078356061914,0.8893622533792208,0.3738084243648596
SOLUSDT,28,1,train,0.0015845573835681537,6.319204021948932e-06,0.0024534160346377965,9.163533929302057,,
SOLUSDT,28,1,validation,0.0013158289444045502,3.2910406512210897e-06,0.0017831269237123994,12.683444097666799,,
SOLUSDT,28,1,test,0.00165804743186192,4.5164807415898545e-06,0.0020962879164233366,21.019703119700118,3.19928372428138,0.0013776951216184193
SOLUSDT,28,2,train,0.0010660889750014107,3.679418456872581e-06,0.0018483571136782122,7.037516161217191,,
SOLUSDT,28,2,validation,0.0009225786777136215,2.468828802284623e-06,0.0015243410934738938,9.984905728469295,,
SOLUSDT,28,2,test,0.0007909712150741164,1.6189160050717124e-06,0.0012416848533394534,10.660063758157204,1.017759529749139,0.30879224908800884
SOLUSDT,28,3,train,0.0012197096417106497,4.798398600850302e-06,0.002158276919558211,8.339600235922143,,
SOLUSDT,28,3,validation,0.0007279296673164101,1.5473742472506359e-06,0.0012080399929504596,8.91820690914088,,
SOLUSDT,28,3,test,0.0006859632245859729,1.2733321645998145e-06,0.001096123583031601,8.229875741063148,2.2921602341266385,0.021896398675446058
SOLUSDT,28,4,train,0.0011109933073679423,3.867889471247493e-06,0.0019238981314715945,9.4761291631728,,
SOLUSDT,28,4,validation,0.0007677612785622975,1.3139625576334583e-06,0.0011145032083795879,9.997434521479176,,
SOLUSDT,28,4,test,0.0007702166559348321,1.3899376443137103e-06,0.0011448445753892724,10.365798320519337,2.0243958720305453,0.04292943615830715
SOLUSDT,28,5,train,0.0009585663759336799,3.205380845244193e-06,0.0017412127804266957,8.25048830853693,,
SOLUSDT,28,5,validation,0.0006578009467256901,1.247054430547324e-06,0.0010793858307500766,8.304961416171148,,
SOLUSDT,28,5,test,0.0006374313958767425,8.488897026335187e-07,0.000888675446536635,12.414862268364674,1.0272265999659003,0.3043137755174449
